Fecha;Dia;Temperatura (entrada);Temperatura (zona ampliación);Humedad (entrada);Humedad (zona ampliación);;;;;;
2-Jan-12;Lunes;24;NA;31;NA;;;;;;
3-Jan-12;Martes;23;NA;33;NA;;;;;;
4-Jan-12;Miércoles;22;NA;33;NA;;;;;;
5-Jan-12;Jueves;22;NA;33;NA;;;;;;
6-Jan-12;Viernes;22;NA;33;NA;;;;;;
9-Jan-12;Lunes;22;NA;33;NA;;;;;;
10-Jan-12;Martes;22;NA;34;NA;;;;;;
11-Jan-12;Miércoles;22;NA;33;NA;;;;;;
12-Jan-12;Jueves;22;NA;33;NA;;;;;;
13-Jan-12;Viernes;22;NA;35;NA;;;;;;
16-Jan-12;Lunes;26;NA;30;NA;;;;;;
17-Jan-12;Martes;22;NA;32;NA;;;;;;
18-Jan-12;Miércoles;24;NA;32;NA;;;;;;
19-Jan-12;Jueves;26;NA;32;NA;;;;;;
20-Jan-12;Viernes;22;NA;40;NA;;;;;;
23-Jan-12;Lunes;26;NA;30;NA;;;;;;
24-Jan-12;Martes;28;NA;28;NA;;;;;;
25-Jan-12;Miércoles;27;NA;29;NA;;;;;;
26-Jan-12;Jueves;27;NA;28;NA;;;;;;
27-Jan-12;Viernes;24;NA;29;NA;;;;;;
30-Jan-12;Lunes;20;NA;29;NA;;;;;;
31-Jan-12;Martes;22;NA;31;NA;;;;;;
1-feb-12;Miércoles;22;NA;31;NA;;;;;;
2-feb-12;Jueves;23;NA;32;NA;;;;;;
3-feb-12;Viernes;23;NA;32;NA;;;;;;
6-feb-12;Lunes;24;NA;32;NA;;;;;;
7-feb-12;Martes;24;NA;32;NA;;;;;;
8-feb-12;Miércoles;22;NA;33;NA;;;;;;
9-feb-12;Jueves;21;NA;33;NA;;;;;;
10-feb-12;Viernes;25;NA;32;NA;;;;;;
13-feb-12;Lunes;23;NA;33;NA;;;;;;
14-feb-12;Martes;24;NA;32;NA;;;;;;
15-feb-12;Miércoles;25;NA;33;NA;;;;;;
16-feb-12;Jueves;22;NA;31;NA;;;;;;
17-feb-12;Viernes;23;NA;33;NA;;;;;;
20-feb-12;Lunes;;NA;;NA;;;;;;
21-feb-12;Martes;;NA;;NA;;;;;;
22-feb-12;Miércoles;23;NA;33;NA;;;;;;
23-feb-12;Jueves;23;NA;33;NA;;;;;;
24-feb-12;Viernes;23;NA;33;NA;;;;;;
27-feb-12;Lunes;23;NA;33;NA;;;;;;
28-feb-12;Martes;23;NA;33;NA;;;;;;
29-feb-12;Miércoles;23;NA;33;NA;;;;;;
1-mar-12;Jueves;23;NA;34;NA;;;;;;
2-mar-12;Viernes;22;NA;35;NA;;;;;;
5-mar-12;Lunes;22;NA;35;NA;;;;;;
6-mar-12;Martes;22;NA;36;NA;;;;;;
7-mar-12;Miércoles;22;NA;36;NA;;;;;;
8-mar-12;Jueves;22;NA;36;NA;;;;;;
9-mar-12;Viernes;24;NA;40;NA;;;;;;
12-mar-12;Lunes;29;NA;29;NA;;;;;;
13-mar-12;Martes;29;NA;30;NA;;;;;;
14-mar-12;Miércoles;25;NA;31;NA;;;;;;
15-mar-12;Jueves;23;NA;33;NA;;;;;;
16-mar-12;Viernes;22;NA;33;NA;;;;;;
19-mar-12;Lunes;20;NA;34;NA;;;;;;
20-mar-12;Martes;20;NA;36;NA;;;;;;
21-mar-12;Miércoles;22;NA;34;NA;;;;;;
22-mar-12;Jueves;22;NA;34;NA;;;;;;
23-mar-12;Viernes;22;NA;34;NA;;;;;;
26-mar-12;Lunes;22;NA;35;NA;;;;;;
27-mar-12;Martes;22;NA;35;NA;;;;;;
28-mar-12;Miércoles;22;NA;36;NA;;;;;;
29-mar-12;Jueves;22;NA;36;NA;;;;;;
30-mar-12;Viernes;22;NA;35;NA;;;;;;
2-Apr-12;Lunes;22;NA;35;NA;;;;;;
3-Apr-12;Martes;22;NA;35;NA;;;;;;
4-Apr-12;Miércoles;22;NA;35;NA;;;;;;
5-Apr-12;Jueves;22;NA;35;NA;;;;;;
6-Apr-12;Viernes;;NA;;NA;;;;;;
9-Apr-12;Lunes;22;NA;35;NA;;;;;;
10-Apr-12;Martes;22;NA;35;NA;;;;;;
11-Apr-12;Miércoles;22;NA;35;NA;;;;;;
12-Apr-12;Jueves;22;NA;36;NA;;;;;;
13-Apr-12;Viernes;22;NA;36;NA;;;;;;
16-Apr-12;Lunes;21;NA;35;NA;;;;;;
17-Apr-12;Martes;22;NA;36;NA;;;;;;
18-Apr-12;Miércoles;23;NA;35;NA;;;;;;
19-Apr-12;Jueves;24;NA;34;NA;;;;;;
20-Apr-12;Viernes;21;NA;35;NA;;;;;;
23-Apr-12;Lunes;22;NA;36;NA;;;;;;
24-Apr-12;Martes;23;NA;35;NA;;;;;;
25-Apr-12;Miércoles;24;NA;34;NA;;;;;;
26-Apr-12;Jueves;;NA;;NA;;;;;;
27-Apr-12;Viernes;;NA;;NA;;;;;;
30-Apr-12;Lunes;22;NA;35;NA;;;;;;
1-may-12;Martes;;NA;;NA;;;;;;
2-may-12;Miércoles;22;NA;34;NA;;;;;;
3-may-12;Jueves;22;NA;34;NA;;;;;;
4-may-12;Viernes;22;NA;34;NA;;;;;;
7-may-12;Lunes;22;NA;33;NA;;;;;;
8-may-12;Martes;22;NA;33;NA;;;;;;
9-may-12;Miércoles;22;NA;33;NA;;;;;;
10-may-12;Jueves;22;NA;33;NA;;;;;;
11-may-12;Viernes;24;NA;36;NA;;;;;;
14-may-12;Lunes;24;NA;34;NA;;;;;;
15-may-12;Martes;24;NA;33;NA;;;;;;
16-may-12;Miércoles;24;NA;33;NA;;;;;;
17-may-12;Jueves;24;NA;34;NA;;;;;;
18-may-12;Viernes;25;NA;33;NA;;;;;;
21-may-12;Lunes;22;NA;34;NA;;;;;;
22-may-12;Martes;22;NA;36;NA;;;;;;
23-may-12;Miércoles;22;NA;35;NA;;;;;;
24-may-12;Jueves;22;NA;35;NA;;;;;;
25-may-12;Viernes;22;NA;36;NA;;;;;;
28-may-12;Lunes;21;NA;35;NA;;;;;;
29-may-12;Martes;22;NA;36;NA;;;;;;
30-may-12;Miércoles;22;NA;37;NA;;;;;;
31-may-12;Jueves;26;NA;35;NA;;;;;;
1-jun-12;Viernes;23;NA;36;NA;;;;;;
4-jun-12;Lunes;22;NA;41;NA;;;;;;
5-jun-12;Martes;22;NA;36;NA;;;;;;
6-jun-12;Miércoles;22;NA;36;NA;;;;;;
7-jun-12;Jueves;22;NA;37;NA;;;;;;
8-jun-12;Viernes;22;NA;39;NA;;;;;;
11-jun-12;Lunes;22;NA;36;NA;;;;;;
12-jun-12;Martes;22;NA;38;NA;;;;;;
13-jun-12;Miércoles;22;NA;37;NA;;;;;;
14-jun-12;Jueves;22;NA;37;NA;;;;;;
15-jun-12;Viernes;24;NA;35;NA;;;;;;
18-jun-12;Lunes;23;NA;39;NA;;;;;;
19-jun-12;Martes;26;NA;32;NA;;;;;;
20-jun-12;Miércoles;27;NA;30;NA;;;;;;
21-jun-12;Jueves;28;NA;29;NA;;;;;;
22-jun-12;Viernes;28;NA;30;NA;;;;;;
25-jun-12;Lunes;27;NA;29;NA;;;;;;
26-jun-12;Martes;22;NA;36;NA;;;;;;
27-jun-12;Miércoles;21;NA;34;NA;;;;;;
28-jun-12;Jueves;23;NA;34;NA;;;;;;
29-jun-12;Viernes;23;NA;33;NA;;;;;;
2-jul-12;Lunes;23;NA;33;NA;;;;;;
3-jul-12;Martes;23;NA;34;NA;;;;;;
4-jul-12;Miércoles;23;NA;34;NA;;;;;;
5-jul-12;Jueves;23;NA;35;NA;;;;;;
6-jul-12;Viernes;23;NA;36;NA;;;;;;
9-jul-12;Lunes;23;NA;33;NA;;;;;;
10-jul-12;Martes;23;NA;33;NA;;;;;;
11-jul-12;Miércoles;23;NA;33;NA;;;;;;
12-jul-12;Jueves;23;NA;33;NA;;;;;;
13-jul-12;Viernes;23;NA;34;NA;;;;;;
16-jul-12;Lunes;23;NA;32;NA;;;;;;
17-jul-12;Martes;23;NA;33;NA;;;;;;
18-jul-12;Miércoles;23;NA;33;NA;;;;;;
19-jul-12;Jueves;23;NA;34;NA;;;;;;
20-jul-12;Viernes;23;NA;34;NA;;;;;;
23-jul-12;Lunes;23;NA;33;NA;;;;;;
24-jul-12;Martes;23;NA;34;NA;;;;;;
25-jul-12;Miércoles;23;NA;34;NA;;;;;;
26-jul-12;Jueves;23;NA;35;NA;;;;;;
27-jul-12;Viernes;23;NA;35;NA;;;;;;
30-jul-12;Lunes;23;NA;34;NA;;;;;;
31-jul-12;Martes;23;NA;35;NA;;;;;;
1-Aug-12;Miércoles;23;NA;35;NA;;;;;;
2-Aug-12;Jueves;23;NA;35;NA;;;;;;
3-Aug-12;Viernes;23;NA;35;NA;;;;;;
6-Aug-12;Lunes;23;NA;34;NA;;;;;;
7-Aug-12;Martes;23;NA;34;NA;;;;;;
8-Aug-12;Miércoles;23;NA;35;NA;;;;;;
9-Aug-12;Jueves;23;NA;36;NA;;;;;;
10-Aug-12;Viernes;;NA;;NA;;;;;;
13-Aug-12;Lunes;23;NA;35;NA;;;;;;
14-Aug-12;Martes;23;NA;36;NA;;;;;;
15-Aug-12;Miércoles;23;NA;36;NA;;;;;;
16-Aug-12;Jueves;23;NA;36;NA;;;;;;
17-Aug-12;Viernes;23;NA;36;NA;;;;;;
20-Aug-12;Lunes;23;NA;34;NA;;;;;;
21-Aug-12;Martes;23;NA;35;NA;;;;;;
22-Aug-12;Miércoles;23;NA;36;NA;;;;;;
23-Aug-12;Jueves;23;NA;36;NA;;;;;;
24-Aug-12;Viernes;23;NA;35;NA;;;;;;
27-Aug-12;Lunes;23;NA;34;NA;;;;;;
28-Aug-12;Martes;23;NA;35;NA;;;;;;
29-Aug-12;Miércoles;23;NA;34;NA;;;;;;
30-Aug-12;Jueves;23;NA;34;NA;;;;;;
31-Aug-12;Viernes;24;NA;33;NA;;;;;;
3-sept-12;Lunes;23;NA;34;NA;;;;;;
4-sept-12;Martes;23;NA;34;NA;;;;;;
5-sept-12;Miércoles;23;NA;35;NA;;;;;;
6-sept-12;Jueves;;NA;;NA;;;;;;
7-sept-12;Viernes;;NA;;NA;;;;;;
10-sept-12;Lunes;23;NA;36;NA;;;;;;
11-sept-12;Martes;23;NA;36;NA;;;;;;
12-sept-12;Miércoles;23;NA;36;NA;;;;;;
13-sept-12;Jueves;23;NA;36;NA;;;;;;
14-sept-12;Viernes;23;NA;37;NA;;;;;;
17-sept-12;Lunes;23;NA;33;NA;;;;;;
18-sept-12;Martes;23;NA;35;NA;;;;;;
19-sept-12;Miércoles;23;NA;35;NA;;;;;;
20-sept-12;Jueves;23;NA;36;NA;;;;;;
21-sept-12;Viernes;23;NA;37;NA;;;;;;
24-sept-12;Lunes;23;NA;34;NA;;;;;;
25-sept-12;Martes;23;NA;35;NA;;;;;;
26-sept-12;Miércoles;23;NA;35;NA;;;;;;
27-sept-12;Jueves;23;NA;35;NA;;;;;;
28-sept-12;Viernes;23;NA;35;NA;;;;;;
1-oct-12;Lunes;23;NA;35;NA;;;;;;
2-oct-12;Martes;23;NA;35;NA;;;;;;
3-oct-12;Miércoles;23;NA;35;NA;;;;;;
4-oct-12;Jueves;23;NA;36;NA;;;;;;
5-oct-12;Viernes;23;NA;36;NA;;;;;;
8-oct-12;Lunes;23;NA;35;NA;;;;;;
9-oct-12;Martes;23;NA;35;NA;;;;;;
10-oct-12;Miércoles;23;NA;34;NA;;;;;;
11-oct-12;Jueves;23;NA;34;NA;;;;;;
12-oct-12;Viernes;;NA;;NA;;;;;;
15-oct-12;Lunes;23;NA;35;NA;;;;;;
16-oct-12;Martes;23;NA;34;NA;;;;;;
17-oct-12;Miércoles;23;NA;34;NA;;;;;;
18-oct-12;Jueves;23;NA;34;NA;;;;;;
19-oct-12;Viernes;;NA;;NA;;;;;;
22-oct-12;Lunes;23;NA;33;NA;;;;;;
23-oct-12;Martes;23;NA;34;NA;;;;;;
24-oct-12;Miércoles;23;NA;34;NA;;;;;;
25-oct-12;Jueves;23;NA;34;NA;;;;;;
26-oct-12;Viernes;23;NA;34;NA;;;;;;
29-oct-12;Lunes;23;NA;33;NA;;;;;;
30-oct-12;Martes;23;NA;34;NA;;;;;;
31-oct-12;Miércoles;23;NA;36;NA;;;;;;
1-nov-12;Jueves;23;NA;36;NA;;;;;;
2-nov-12;Viernes;;NA;;NA;;;;;;
5-nov-12;Lunes;23;NA;35;NA;;;;;;
6-nov-12;Martes;23;NA;35;NA;;;;;;
7-nov-12;Miércoles;23;NA;35;NA;;;;;;
8-nov-12;Jueves;23;NA;34;NA;;;;;;
9-nov-12;Viernes;23;NA;34;NA;;;;;;
12-nov-12;Lunes;23;NA;34;NA;;;;;;
13-nov-12;Martes;23;NA;35;NA;;;;;;
14-nov-12;Miércoles;23;NA;35;NA;;;;;;
15-nov-12;Jueves;23;NA;35;NA;;;;;;
16-nov-12;Viernes;23;NA;36;NA;;;;;;
19-nov-12;Lunes;23;NA;35;NA;;;;;;
20-nov-12;Martes;23;NA;35;NA;;;;;;
21-nov-12;Miércoles;23;NA;36;NA;;;;;;
22-nov-12;Jueves;23;NA;35;NA;;;;;;
23-nov-12;Viernes;23;NA;35;NA;;;;;;
26-nov-12;Lunes;23;NA;35;NA;;;;;;
27-nov-12;Martes;23;NA;35;NA;;;;;;
28-nov-12;Miércoles;23;NA;35;NA;;;;;;
29-nov-12;Jueves;23;NA;35;NA;;;;;;
30-nov-12;Viernes;23;NA;36;NA;;;;;;
3-Dec-12;Lunes;23;NA;35;NA;;;;;;
4-Dec-12;Martes;23;NA;35;NA;;;;;;
5-Dec-12;Miércoles;23;NA;36;NA;;;;;;
6-Dec-12;Jueves;23;NA;36;NA;;;;;;
7-Dec-12;Viernes;23;NA;36;NA;;;;;;
10-Dec-12;Lunes;23;NA;35;NA;;;;;;
11-Dec-12;Martes;23;NA;36;NA;;;;;;
12-Dec-12;Miércoles;23;NA;34;NA;;;;;;
13-Dec-12;Jueves;23;NA;34;NA;;;;;;
14-Dec-12;Viernes;23;NA;35;NA;;;;;;
17-Dec-12;Lunes;26;NA;32;NA;;;;;;
18-Dec-12;Martes;23;NA;34;NA;;;;;;
19-Dec-12;Miércoles;23;NA;35;NA;;;;;;
20-Dec-12;Jueves;23;NA;35;NA;;;;;;
21-Dec-12;Viernes;23;NA;35;NA;;;;;;
24-Dec-12;Lunes;23;NA;;NA;;;;;;
25-Dec-12;Martes;23;NA;;NA;;;;;;
26-Dec-12;Miércoles;;NA;;NA;;;;;;
27-Dec-12;Jueves;;NA;;NA;;;;;;
28-Dec-12;Viernes;23;NA;35;NA;;;;;;
31-Dec-12;Lunes;23;NA;35;NA;;;;;;
1-Jan-13;Martes;;NA;;NA;;;;;;
2-Jan-13;Miércoles;;NA;;NA;;;;;;
3-Jan-13;Jueves;23;NA;36;NA;;;;;;
4-Jan-13;Viernes;23;NA;36;NA;;;;;;
7-Jan-13;Lunes;23;NA;37;NA;;;;;;
8-Jan-13;Martes;23;NA;38;NA;;;;;;
9-Jan-13;Miércoles;26;NA;36;NA;;;;;;
10-Jan-13;Jueves;23;NA;37;NA;;;;;;
11-Jan-13;Viernes;26;NA;35;NA;;;;;;
14-Jan-13;Lunes;23;NA;36;NA;;;;;;
15-Jan-13;Martes;19;NA;36;NA;;;;;;
16-Jan-13;Miércoles;23;NA;36;NA;;;;;;
17-Jan-13;Jueves;20;NA;35;NA;;;;;;
18-Jan-13;Viernes;22;NA;41;NA;;;;;;
21-Jan-13;Lunes;23;NA;41;NA;;;;;;
22-Jan-13;Martes;22;NA;41;NA;;;;;;
23-Jan-13;Miércoles;22;NA;44;NA;;;;;;
24-Jan-13;Jueves;22;NA;44;NA;;;;;;
25-Jan-13;Viernes;23;NA;43;NA;;;;;;
28-Jan-13;Lunes;26;NA;42;NA;;;;;;
29-Jan-13;Martes;26;NA;42;NA;;;;;;
30-Jan-13;Miércoles;26;NA;41;NA;;;;;;
31-Jan-13;Jueves;26;NA;39;NA;;;;;;
1-feb-13;Viernes;22;NA;35;NA;;;;;;
4-feb-13;Lunes;21;NA;42;NA;;;;;;
5-feb-13;Martes;27;NA;38;NA;;;;;;
6-feb-13;Miércoles;23;NA;42;NA;;;;;;
7-feb-13;Jueves;23;NA;47;NA;;;;;;
8-feb-13;Viernes;27;NA;40;NA;;;;;;
11-feb-13;Lunes;;NA;;NA;;;;;;
12-feb-13;Martes;;NA;;NA;;;;;;
13-feb-13;Miércoles;18;NA;40;NA;;;;;;
14-feb-13;Jueves;24;NA;40;NA;;;;;;
15-feb-13;Viernes;25;NA;42;NA;;;;;;
18-feb-13;Lunes;21;NA;48;NA;;;;;;
19-feb-13;Martes;21;NA;44;NA;;;;;;
20-feb-13;Miércoles;21;NA;44;NA;;;;;;
21-feb-13;Jueves;;NA;;NA;;;;;;
22-feb-13;Viernes;;NA;;NA;;;;;;
25-feb-13;Lunes;;NA;;NA;;;;;;
26-feb-13;Martes;;NA;;NA;;;;;;
27-feb-13;Miércoles;21;NA;43;NA;;;;;;
28-feb-13;Jueves;21;NA;45;NA;;;;;;
1-mar-13;Viernes;21;NA;45;NA;;;;;;
4-mar-13;Lunes;23;NA;44;NA;;;;;;
5-mar-13;Martes;24;NA;43;NA;;;;;;
6-mar-13;Miércoles;24;NA;44;NA;;;;;;
7-mar-13;Jueves;24;NA;43;NA;;;;;;
8-mar-13;Viernes;24;NA;43;NA;;;;;;
11-mar-13;Lunes;23;NA;42;NA;;;;;;
12-mar-13;Martes;24;NA;48;NA;;;;;;
13-mar-13;Miércoles;24;NA;50;NA;;;;;;
14-mar-13;Jueves;24;NA;46;NA;;;;;;
15-mar-13;Viernes;24;NA;43;NA;;;;;;
18-mar-13;Lunes;23;NA;41;NA;;;;;;
19-mar-13;Martes;23;NA;42;NA;;;;;;
20-mar-13;Miércoles;24;NA;41;NA;;;;;;
21-mar-13;Jueves;24;NA;40;NA;;;;;;
22-mar-13;Viernes;23;NA;38;NA;;;;;;
25-mar-13;Lunes;23;NA;38;NA;;;;;;
26-mar-13;Martes;24;NA;40;NA;;;;;;
27-mar-13;Miércoles;24;NA;41;NA;;;;;;
28-mar-13;Jueves;24;NA;43;NA;;;;;;
29-mar-13;Viernes;;NA;;NA;;;;;;
1-Apr-13;Lunes;29;NA;33;NA;;;;;;
2-Apr-13;Martes;24;NA;36;NA;;;;;;
3-Apr-13;Miércoles;24;NA;37;NA;;;;;;
4-Apr-13;Jueves;24;NA;38;NA;;;;;;
5-Apr-13;Viernes;25;NA;37;NA;;;;;;
8-Apr-13;Lunes;22;NA;35;NA;;;;;;
9-Apr-13;Martes;23;NA;35;NA;;;;;;
10-Apr-13;Miércoles;24;NA;37;NA;;;;;;
11-Apr-13;Jueves;24;NA;36;NA;;;;;;
12-Apr-13;Viernes;24;NA;35;NA;;;;;;
15-Apr-13;Lunes;24;NA;34;NA;;;;;;
16-Apr-13;Martes;24;NA;35;NA;;;;;;
17-Apr-13;Miércoles;24;NA;35;NA;;;;;;
18-Apr-13;Jueves;23;NA;35;NA;;;;;;
19-Apr-13;Viernes;23;NA;35;NA;;;;;;
22-Apr-13;Lunes;24;NA;34;NA;;;;;;
23-Apr-13;Martes;23;NA;35;NA;;;;;;
24-Apr-13;Miércoles;24;NA;38;NA;;;;;;
25-Apr-13;Jueves;24;NA;36;NA;;;;;;
26-Apr-13;Viernes;;NA;;NA;;;;;;
29-Apr-13;Lunes;23;NA;33;NA;;;;;;
30-Apr-13;Martes;23;NA;34;NA;;;;;;
1-may-13;Miércoles;;NA;;NA;;;;;;
2-may-13;Jueves;23;NA;33;NA;;;;;;
3-may-13;Viernes;;NA;;NA;;;;;;
6-may-13;Lunes;23;NA;33;NA;;;;;;
7-may-13;Martes;23;NA;33;NA;;;;;;
8-may-13;Miércoles;23;NA;33;NA;;;;;;
9-may-13;Jueves;;NA;;NA;;;;;;
10-may-13;Viernes;;NA;;NA;;;;;;
13-may-13;Lunes;23;NA;34;NA;;;;;;
14-may-13;Martes;;NA;;NA;;;;;;
15-may-13;Miércoles;;NA;;NA;;;;;;
16-may-13;Jueves;;NA;;NA;;;;;;
17-may-13;Viernes;;NA;;NA;;;;;;
20-may-13;Lunes;23;NA;32;NA;;;;;;
21-may-13;Martes;23;NA;33;NA;;;;;;
22-may-13;Miércoles;23;NA;33;NA;;;;;;
23-may-13;Jueves;23;NA;33;NA;;;;;;
24-may-13;Viernes;;NA;;NA;;;;;;
27-may-13;Lunes;22;NA;34;NA;;;;;;
28-may-13;Martes;22;NA;34;NA;;;;;;
29-may-13;Miércoles;22;NA;36;NA;;;;;;
30-may-13;Jueves;23;NA;33;NA;;;;;;
31-may-13;Viernes;22;NA;34;NA;;;;;;
3-jun-13;Lunes;23;NA;37;NA;;;;;;
4-jun-13;Martes;22;NA;37;NA;;;;;;
5-jun-13;Miércoles;22;NA;38;NA;;;;;;
6-jun-13;Jueves;22;NA;37;NA;;;;;;
7-jun-13;Viernes;23;NA;37;NA;;;;;;
10-jun-13;Lunes;22;NA;36;NA;;;;;;
11-jun-13;Martes;22;NA;38;NA;;;;;;
12-jun-13;Miércoles;22;NA;37;NA;;;;;;
13-jun-13;Jueves;22;NA;38;NA;;;;;;
14-jun-13;Viernes;22;NA;41;NA;;;;;;
17-jun-13;Lunes;;NA;;NA;;;;;;
18-jun-13;Martes;;NA;;NA;;;;;;
19-jun-13;Miércoles;;NA;;NA;;;;;;
20-jun-13;Jueves;23;NA;35;NA;;;;;;
21-jun-13;Viernes;23;NA;35;NA;;;;;;
24-jun-13;Lunes;23;NA;35;NA;;;;;;
25-jun-13;Martes;23;NA;36;NA;;;;;;
26-jun-13;Miércoles;23;NA;39;NA;;;;;;
27-jun-13;Jueves;23;NA;39;NA;;;;;;
28-jun-13;Viernes;23;NA;41;NA;;;;;;
1-jul-13;Lunes;23;NA;37;NA;;;;;;
2-jul-13;Martes;23;NA;39;NA;;;;;;
3-jul-13;Miércoles;23;NA;43;NA;;;;;;
4-jul-13;Jueves;23;NA;48;NA;;;;;;
5-jul-13;Viernes;23;NA;46;NA;;;;;;
8-jul-13;Lunes;23;NA;44;NA;;;;;;
9-jul-13;Martes;23;NA;46;NA;;;;;;
10-jul-13;Miércoles;23;NA;47;NA;;;;;;
11-jul-13;Jueves;23;NA;47;NA;;;;;;
12-jul-13;Viernes;23;NA;50;NA;;;;;;
15-jul-13;Lunes;23;NA;52;NA;;;;;;
16-jul-13;Martes;23;NA;54;NA;;;;;;
17-jul-13;Miércoles;23;NA;55;NA;;;;;;
18-jul-13;Jueves;23;NA;47;NA;;;;;;
19-jul-13;Viernes;23;NA;47;NA;;;;;;
22-jul-13;Lunes;23;NA;45;NA;;;;;;
23-jul-13;Martes;23;NA;44;NA;;;;;;
24-jul-13;Miércoles;23;NA;46;NA;;;;;;
25-jul-13;Jueves;23;NA;47;NA;;;;;;
26-jul-13;Viernes;23;NA;45;NA;;;;;;
29-jul-13;Lunes;23;NA;44;NA;;;;;;
30-jul-13;Martes;23;NA;45;NA;;;;;;
31-jul-13;Miércoles;23;NA;44;NA;;;;;;
1-Aug-13;Jueves;23;NA;47;NA;;;;;;
2-Aug-13;Viernes;23;NA;52;NA;;;;;;
5-Aug-13;Lunes;23;NA;46;NA;;;;;;
6-Aug-13;Martes;23;NA;45;NA;;;;;;
7-Aug-13;Miércoles;23;NA;45;NA;;;;;;
8-Aug-13;Jueves;23;NA;45;NA;;;;;;
9-Aug-13;Viernes;23;NA;44;NA;;;;;;
12-Aug-13;Lunes;23;NA;44;NA;;;;;;
13-Aug-13;Martes;23;NA;44;NA;;;;;;
14-Aug-13;Miércoles;23;NA;44;NA;;;;;;
15-Aug-13;Jueves;23;NA;46;NA;;;;;;
16-Aug-13;Viernes;23;NA;45;NA;;;;;;
19-Aug-13;Lunes;23;NA;46;NA;;;;;;
20-Aug-13;Martes;23;NA;45;NA;;;;;;
21-Aug-13;Miércoles;23;NA;46;NA;;;;;;
22-Aug-13;Jueves;23;NA;45;NA;;;;;;
23-Aug-13;Viernes;23;NA;45;NA;;;;;;
26-Aug-13;Lunes;23;NA;48;NA;;;;;;
27-Aug-13;Martes;23;NA;49;NA;;;;;;
28-Aug-13;Miércoles;;NA;;NA;;;;;;
29-Aug-13;Jueves;;NA;;NA;;;;;;
30-Aug-13;Viernes;;NA;;NA;;;;;;
2-sept-13;Lunes;23;NA;51;NA;;;;;;
3-sept-13;Martes;22;NA;55;NA;;;;;;
4-sept-13;Miércoles;23;NA;51;NA;;;;;;
5-sept-13;Jueves;23;NA;58;NA;;;;;;
6-sept-13;Viernes;23;NA;45;NA;;;;;;
9-sept-13;Lunes;23;NA;42;NA;;;;;;
10-sept-13;Martes;23;NA;42;NA;;;;;;
11-sept-13;Miércoles;23;NA;45;NA;;;;;;
12-sept-13;Jueves;23;NA;43;NA;;;;;;
13-sept-13;Viernes;23;NA;38;NA;;;;;;
16-sept-13;Lunes;23;NA;36;NA;;;;;;
17-sept-13;Martes;23;NA;37;NA;;;;;;
18-sept-13;Miércoles;23;NA;39;NA;;;;;;
19-sept-13;Jueves;23;NA;36;NA;;;;;;
20-sept-13;Viernes;23;NA;36;NA;;;;;;
23-sept-13;Lunes;23;NA;35;NA;;;;;;
24-sept-13;Martes;23;NA;36;NA;;;;;;
25-sept-13;Miércoles;23;NA;35;NA;;;;;;
26-sept-13;Jueves;23;NA;35;NA;;;;;;
27-sept-13;Viernes;23;NA;35;NA;;;;;;
30-sept-13;Lunes;23;NA;34;NA;;;;;;
1-oct-13;Martes;23;NA;34;NA;;;;;;
2-oct-13;Miércoles;23;NA;34;NA;;;;;;
3-oct-13;Jueves;21;NA;37;NA;;;;;;
4-oct-13;Viernes;22;NA;44;NA;;;;;;
7-oct-13;Lunes;21;NA;36;NA;;;;;;
8-oct-13;Martes;21;NA;37;NA;;;;;;
9-oct-13;Miércoles;21;NA;41;NA;;;;;;
10-oct-13;Jueves;21;NA;41;NA;;;;;;
11-oct-13;Viernes;21;NA;41;NA;;;;;;
14-oct-13;Lunes;21;NA;37;NA;;;;;;
15-oct-13;Martes;22;NA;40;NA;;;;;;
16-oct-13;Miércoles;22;NA;40;NA;;;;;;
17-oct-13;Jueves;22;NA;37;NA;;;;;;
18-oct-13;Viernes;22;NA;35;NA;;;;;;
21-oct-13;Lunes;22;NA;35;NA;;;;;;
22-oct-13;Martes;22;NA;43;NA;;;;;;
23-oct-13;Miércoles;22;NA;41;NA;;;;;;
24-oct-13;Jueves;19;NA;39;NA;;;;;;
25-oct-13;Viernes;22;NA;43;NA;;;;;;
28-oct-13;Lunes;23;NA;43;NA;;;;;;
29-oct-13;Martes;23;NA;43;NA;;;;;;
30-oct-13;Miércoles;23;NA;47;NA;;;;;;
31-oct-13;Jueves;23;NA;45;NA;;;;;;
1-nov-13;Viernes;23;NA;48;NA;;;;;;
4-nov-13;Lunes;22;NA;54;NA;;;;;;
5-nov-13;Martes;23;NA;55;NA;;;;;;
6-nov-13;Miércoles;22;NA;52;NA;;;;;;
7-nov-13;Jueves;21;NA;43;NA;;;;;;
8-nov-13;Viernes;21;NA;43;NA;;;;;;
11-nov-13;Lunes;22;NA;35;NA;;;;;;
12-nov-13;Martes;22;NA;34;NA;;;;;;
13-nov-13;Miércoles;24;NA;34;NA;;;;;;
14-nov-13;Jueves;23;NA;34;NA;;;;;;
15-nov-13;Viernes;24;NA;34;NA;;;;;;
18-nov-13;Lunes;24;NA;33;NA;;;;;;
19-nov-13;Martes;24;NA;34;NA;;;;;;
20-nov-13;Miércoles;;NA;;NA;;;;;;
21-nov-13;Jueves;;NA;;NA;;;;;;
22-nov-13;Viernes;;NA;;NA;;;;;;
25-nov-13;Lunes;22;NA;34;NA;;;;;;
26-nov-13;Martes;22;NA;35;NA;;;;;;
27-nov-13;Miércoles;22;NA;35;NA;;;;;;
28-nov-13;Jueves;22;NA;35;NA;;;;;;
29-nov-13;Viernes;22;NA;35;NA;;;;;;
2-Dec-13;Lunes;22;NA;35;NA;;;;;;
3-Dec-13;Martes;22;NA;36;NA;;;;;;
4-Dec-13;Miércoles;22;NA;34;NA;;;;;;
5-Dec-13;Jueves;22;NA;34;NA;;;;;;
6-Dec-13;Viernes;;NA;;NA;;;;;;
9-Dec-13;Lunes;22;NA;34;NA;;;;;;
10-Dec-13;Martes;22;NA;34;NA;;;;;;
11-Dec-13;Miércoles;24;NA;33;NA;;;;;;
12-Dec-13;Jueves;24;NA;33;NA;;;;;;
13-Dec-13;Viernes;24;NA;33;NA;;;;;;
16-Dec-13;Lunes;24;NA;32;NA;;;;;;
17-Dec-13;Martes;24;NA;33;NA;;;;;;
18-Dec-13;Miércoles;24;NA;33;NA;;;;;;
19-Dec-13;Jueves;24;NA;33;NA;;;;;;
20-Dec-13;Viernes;24;NA;34;NA;;;;;;
23-Dec-13;Lunes;;NA;;NA;;;;;;
24-Dec-13;Martes;;NA;;NA;;;;;;
25-Dec-13;Miércoles;;NA;;NA;;;;;;
26-Dec-13;Jueves;;NA;;NA;;;;;;
27-Dec-13;Viernes;;NA;;NA;;;;;;
30-Dec-13;Lunes;;NA;;NA;;;;;;
31-Dec-13;Martes;;NA;;NA;;;;;;
1-Jan-14;Miércoles;;NA;;NA;;;;;;
2-Jan-14;Jueves;;NA;;NA;;;;;;
3-Jan-14;Viernes;;NA;;NA;;;;;;
6-Jan-14;Lunes;24;NA;35;NA;;;;;;
7-Jan-14;Martes;24;NA;34;NA;;;;;;
8-Jan-14;Miércoles;24;NA;33;NA;;;;;;
9-Jan-14;Jueves;24;NA;34;NA;;;;;;
10-Jan-14;Viernes;25;NA;36;NA;;;;;;
13-Jan-14;Lunes;25;NA;44;NA;;;;;;
14-Jan-14;Martes;25;NA;42;NA;;;;;;
15-Jan-14;Miércoles;26;NA;35;NA;;;;;;
16-Jan-14;Jueves;26;NA;34;NA;;;;;;
17-Jan-14;Viernes;25;NA;32;NA;;;;;;
20-Jan-14;Lunes;26;NA;35;NA;;;;;;
21-Jan-14;Martes;25;NA;35;NA;;;;;;
22-Jan-14;Miércoles;25;NA;35;NA;;;;;;
23-Jan-14;Jueves;25;NA;34;NA;;;;;;
24-Jan-14;Viernes;25;NA;34;NA;;;;;;
27-Jan-14;Lunes;25;NA;34;NA;;;;;;
28-Jan-14;Martes;25;NA;34;NA;;;;;;
29-Jan-14;Miércoles;25;NA;34;NA;;;;;;
30-Jan-14;Jueves;25;NA;34;NA;;;;;;
31-Jan-14;Viernes;25;NA;33;NA;;;;;;
3-feb-14;Lunes;25;NA;35;NA;;;;;;
4-feb-14;Martes;26;NA;33;NA;;;;;;
5-feb-14;Miércoles;25;NA;35;NA;;;;;;
6-feb-14;Jueves;25;NA;37;NA;;;;;;
7-feb-14;Viernes;25;NA;37;NA;;;;;;
10-feb-14;Lunes;25;NA;46;NA;;;;;;
11-feb-14;Martes;25;NA;46;NA;;;;;;
12-feb-14;Miércoles;25;NA;46;NA;;;;;;
13-feb-14;Jueves;25;NA;43;NA;;;;;;
14-feb-14;Viernes;25;NA;40;NA;;;;;;
17-feb-14;Lunes;27;NA;36;NA;;;;;;
18-feb-14;Martes;21;NA;35;NA;;;;;;
19-feb-14;Miércoles;21;NA;35;NA;;;;;;
20-feb-14;Jueves;27;NA;36;NA;;;;;;
21-feb-14;Viernes;26;NA;35;NA;;;;;;
24-feb-14;Lunes;27;NA;31;NA;;;;;;
25-feb-14;Martes;23;NA;33;NA;;;;;;
26-feb-14;Miércoles;24;NA;33;NA;;;;;;
27-feb-14;Jueves;24;NA;33;NA;;;;;;
28-feb-14;Viernes;24;NA;33;NA;;;;;;
3-mar-14;Lunes;22;NA;45;NA;;;;;;
4-mar-14;Martes;23;NA;45;NA;;;;;;
5-mar-14;Miércoles;26;NA;45;NA;;;;;;
6-mar-14;Jueves;26;NA;43;NA;;;;;;
7-mar-14;Viernes;24;NA;37;NA;;;;;;
10-mar-14;Lunes;23;NA;34;NA;;;;;;
11-mar-14;Martes;25;NA;40;NA;;;;;;
12-mar-14;Miércoles;25;NA;40;NA;;;;;;
13-mar-14;Jueves;24;NA;34;NA;;;;;;
14-mar-14;Viernes;24;NA;34;NA;;;;;;
17-mar-14;Lunes;24;NA;33;NA;;;;;;
18-mar-14;Martes;24;NA;34;NA;;;;;;
19-mar-14;Miércoles;24;NA;34;NA;;;;;;
20-mar-14;Jueves;24;NA;34;NA;;;;;;
21-mar-14;Viernes;24;NA;36;NA;;;;;;
24-mar-14;Lunes;24;NA;34;NA;;;;;;
25-mar-14;Martes;24;NA;38;NA;;;;;;
26-mar-14;Miércoles;25;NA;37;NA;;;;;;
27-mar-14;Jueves;25;NA;37;NA;;;;;;
28-mar-14;Viernes;25;NA;37;NA;;;;;;
31-mar-14;Lunes;25;NA;34;NA;;;;;;
1-Apr-14;Martes;25;NA;34;NA;;;;;;
2-Apr-14;Miércoles;25;NA;42;NA;;;;;;
3-Apr-14;Jueves;26;NA;35;NA;;;;;;
4-Apr-14;Viernes;26;NA;35;NA;;;;;;
7-Apr-14;Lunes;25;NA;32;NA;;;;;;
8-Apr-14;Martes;26;NA;35;NA;;;;;;
9-Apr-14;Miércoles;26;NA;35;NA;;;;;;
10-Apr-14;Jueves;25;NA;24;NA;;;;;;
11-Apr-14;Viernes;24;NA;34;NA;;;;;;
14-Apr-14;Lunes;26;NA;59;NA;;;;;;
15-Apr-14;Martes;26;NA;39;NA;;;;;;
16-Apr-14;Miércoles;26;NA;38;NA;;;;;;
17-Apr-14;Jueves;25;NA;38;NA;;;;;;
18-Apr-14;Viernes;;NA;;NA;;;;;;
21-Apr-14;Lunes;25;NA;50;NA;;;;;;
22-Apr-14;Martes;25;NA;50;NA;;;;;;
23-Apr-14;Miércoles;25;NA;43;NA;;;;;;
24-Apr-14;Jueves;25;NA;40;NA;;;;;;
25-Apr-14;Viernes;25;NA;40;NA;;;;;;
28-Apr-14;Lunes;25;NA;40;NA;;;;;;
29-Apr-14;Martes;25;NA;43;NA;;;;;;
30-Apr-14;Miércoles;25;NA;43;NA;;;;;;
1-may-14;Jueves;;NA;;NA;;;;;;
2-may-14;Viernes;26;NA;35;NA;;;;;;
5-may-14;Lunes;24;NA;37;NA;;;;;;
6-may-14;Martes;24;NA;37;NA;;;;;;
7-may-14;Miércoles;25;NA;42;NA;;;;;;
8-may-14;Jueves;25;NA;41;NA;;;;;;
9-may-14;Viernes;25;NA;41;NA;;;;;;
12-may-14;Lunes;25;NA;41;NA;;;;;;
13-may-14;Martes;25;NA;41;NA;;;;;;
14-may-14;Miércoles;25;NA;34;NA;;;;;;
15-may-14;Jueves;25;NA;34;NA;;;;;;
16-may-14;Viernes;25;NA;34;NA;;;;;;
19-may-14;Lunes;25;NA;34;NA;;;;;;
20-may-14;Martes;25;NA;34;NA;;;;;;
21-may-14;Miércoles;24;NA;34;NA;;;;;;
22-may-14;Jueves;24;NA;35;NA;;;;;;
23-may-14;Viernes;24;NA;35;NA;;;;;;
26-may-14;Lunes;24;NA;35;NA;;;;;;
27-may-14;Martes;24;NA;35;NA;;;;;;
28-may-14;Miércoles;25;NA;42;NA;;;;;;
29-may-14;Jueves;24;NA;43;NA;;;;;;
30-may-14;Viernes;24;NA;43;NA;;;;;;
2-jun-14;Lunes;24;NA;49;NA;;;;;;
3-jun-14;Martes;24;NA;49;NA;;;;;;
4-jun-14;Miércoles;24;NA;45;NA;;;;;;
5-jun-14;Jueves;24;NA;45;NA;;;;;;
6-jun-14;Viernes;24;NA;45;NA;;;;;;
9-jun-14;Lunes;24;NA;45;NA;;;;;;
10-jun-14;Martes;24;NA;45;NA;;;;;;
11-jun-14;Miércoles;24;NA;45;NA;;;;;;
12-jun-14;Jueves;24;NA;48;NA;;;;;;
13-jun-14;Viernes;24;NA;48;NA;;;;;;
16-jun-14;Lunes;24;NA;48;NA;;;;;;
17-jun-14;Martes;24;NA;48;NA;;;;;;
18-jun-14;Miércoles;24;NA;44;NA;;;;;;
19-jun-14;Jueves;24;NA;44;NA;;;;;;
20-jun-14;Viernes;24;NA;44;NA;;;;;;
23-jun-14;Lunes;24;NA;53;NA;;;;;;
24-jun-14;Martes;24;NA;53;NA;;;;;;
25-jun-14;Miércoles;24;NA;53;NA;;;;;;
26-jun-14;Jueves;24;NA;53;NA;;;;;;
27-jun-14;Viernes;24;NA;53;NA;;;;;;
30-jun-14;Lunes;24;NA;52;NA;;;;;;
1-jul-14;Martes;24;NA;52;NA;;;;;;
2-jul-14;Miércoles;24;NA;50;NA;;;;;;
3-jul-14;Jueves;24;NA;50;NA;;;;;;
4-jul-14;Viernes;24;NA;52;NA;;;;;;
7-jul-14;Lunes;24;NA;50;NA;;;;;;
8-jul-14;Martes;24;NA;44;NA;;;;;;
9-jul-14;Miércoles;24;NA;51;NA;;;;;;
10-jul-14;Jueves;24;NA;48;NA;;;;;;
11-jul-14;Viernes;24;NA;48;NA;;;;;;
14-jul-14;Lunes;24;NA;48;NA;;;;;;
15-jul-14;Martes;24;NA;47;NA;;;;;;
16-jul-14;Miércoles;24;NA;47;NA;;;;;;
17-jul-14;Jueves;24;NA;48;NA;;;;;;
18-jul-14;Viernes;24;NA;49;NA;;;;;;
21-jul-14;Lunes;24;NA;47;NA;;;;;;
22-jul-14;Martes;24;NA;49;NA;;;;;;
23-jul-14;Miércoles;22;NA;47;NA;;;;;;
24-jul-14;Jueves;24;NA;48;NA;;;;;;
25-jul-14;Viernes;25;NA;48;NA;;;;;;
28-jul-14;Lunes;24;NA;61;NA;;;;;;
29-jul-14;Martes;24;NA;61;NA;;;;;;
30-jul-14;Miércoles;24;NA;57;NA;;;;;;
31-jul-14;Jueves;25;NA;61;NA;;;;;;
1-Aug-14;Viernes;24;NA;48;NA;;;;;;
4-Aug-14;Lunes;24;NA;61;NA;;;;;;
5-Aug-14;Martes;24;NA;44;NA;;;;;;
6-Aug-14;Miércoles;24;NA;57;NA;;;;;;
7-Aug-14;Jueves;24;NA;56;NA;;;;;;
8-Aug-14;Viernes;23;NA;52;NA;;;;;;
11-Aug-14;Lunes;23;NA;48;NA;;;;;;
12-Aug-14;Martes;24;NA;48;NA;;;;;;
13-Aug-14;Miércoles;24;NA;53;NA;;;;;;
14-Aug-14;Jueves;24;NA;54;NA;;;;;;
15-Aug-14;Viernes;24;NA;49;NA;;;;;;
18-Aug-14;Lunes;24;NA;53;NA;;;;;;
19-Aug-14;Martes;24;NA;57;NA;;;;;;
20-Aug-14;Miércoles;24;NA;53;NA;;;;;;
21-Aug-14;Jueves;24;NA;55;NA;;;;;;
22-Aug-14;Viernes;24;NA;50;NA;;;;;;
25-Aug-14;Lunes;24;NA;51;NA;;;;;;
26-Aug-14;Martes;24;NA;53;NA;;;;;;
27-Aug-14;Miércoles;24;NA;51;NA;;;;;;
28-Aug-14;Jueves;24;NA;53;NA;;;;;;
29-Aug-14;Viernes;23;NA;53;NA;;;;;;
1-sept-14;Lunes;24;NA;56;NA;;;;;;
2-sept-14;Martes;24;NA;55;NA;;;;;;
3-sept-14;Miércoles;24;NA;56;NA;;;;;;
4-sept-14;Jueves;24;NA;56;NA;;;;;;
5-sept-14;Viernes;23;NA;55;NA;;;;;;
8-sept-14;Lunes;24;NA;50;NA;;;;;;
9-sept-14;Martes;24;NA;51;NA;;;;;;
10-sept-14;Miércoles;24;NA;53;NA;;;;;;
11-sept-14;Jueves;24;NA;53;NA;;;;;;
12-sept-14;Viernes;23;NA;59;NA;;;;;;
15-sept-14;Lunes;23;NA;56;NA;;;;;;
16-sept-14;Martes;24;NA;57;NA;;;;;;
17-sept-14;Miércoles;23;NA;57;NA;;;;;;
18-sept-14;Jueves;23;NA;58;NA;;;;;;
19-sept-14;Viernes;24;NA;59;NA;;;;;;
22-sept-14;Lunes;24;NA;58;NA;;;;;;
23-sept-14;Martes;24;NA;56;NA;;;;;;
24-sept-14;Miércoles;23;NA;56;NA;;;;;;
25-sept-14;Jueves;24;NA;58;NA;;;;;;
26-sept-14;Viernes;24;NA;58;NA;;;;;;
29-sept-14;Lunes;23;NA;52;NA;;;;;;
30-sept-14;Martes;24;NA;58;NA;;;;;;
1-oct-14;Miércoles;24;NA;52;NA;;;;;;
2-oct-14;Jueves;23;NA;58;NA;;;;;;
3-oct-14;Viernes;24;NA;58;NA;;;;;;
6-oct-14;Lunes;23;NA;52;NA;;;;;;
7-oct-14;Martes;23;NA;52;NA;;;;;;
8-oct-14;Miércoles;23;NA;57;NA;;;;;;
9-oct-14;Jueves;24;NA;58;NA;;;;;;
10-oct-14;Viernes;23;NA;58;NA;;;;;;
13-oct-14;Lunes;24;NA;50;NA;;;;;;
14-oct-14;Martes;24;NA;52;NA;;;;;;
15-oct-14;Miércoles;24;NA;58;NA;;;;;;
16-oct-14;Jueves;23;NA;58;NA;;;;;;
17-oct-14;Viernes;24;NA;59;NA;;;;;;
20-oct-14;Lunes;23;NA;56;NA;;;;;;
21-oct-14;Martes;23;NA;52;NA;;;;;;
22-oct-14;Miércoles;23;NA;63;NA;;;;;;
23-oct-14;Jueves;23;NA;53;NA;;;;;;
24-oct-14;Viernes;23;NA;54;NA;;;;;;
27-oct-14;Lunes;23;NA;54;NA;;;;;;
28-oct-14;Martes;23;NA;51;NA;;;;;;
29-oct-14;Miércoles;23;NA;53;NA;;;;;;
30-oct-14;Jueves;24;NA;51;NA;;;;;;
31-oct-14;Viernes;24;NA;54;NA;;;;;;
3-nov-14;Lunes;23;NA;51;NA;;;;;;
4-nov-14;Martes;24;NA;54;NA;;;;;;
5-nov-14;Miércoles;24;NA;66;NA;;;;;;
6-nov-14;Jueves;24;NA;54;NA;;;;;;
7-nov-14;Viernes;23;NA;54;NA;;;;;;
10-nov-14;Lunes;24;NA;51;NA;;;;;;
11-nov-14;Martes;24;NA;55;NA;;;;;;
12-nov-14;Miércoles;24;NA;52;NA;;;;;;
13-nov-14;Jueves;24;NA;52;NA;;;;;;
14-nov-14;Viernes;23;NA;60;NA;;;;;;
17-nov-14;Lunes;24;NA;60;NA;;;;;;
18-nov-14;Martes;24;NA;58;NA;;;;;;
19-nov-14;Miércoles;24;NA;56;NA;;;;;;
20-nov-14;Jueves;23;NA;67;NA;;;;;;
21-nov-14;Viernes;23;NA;52;NA;;;;;;
24-nov-14;Lunes;24;NA;50;NA;;;;;;
25-nov-14;Martes;24;NA;50;NA;;;;;;
26-nov-14;Miércoles;23;NA;51;NA;;;;;;
27-nov-14;Jueves;24;NA;53;NA;;;;;;
28-nov-14;Viernes;24;NA;60;NA;;;;;;
1-Dec-14;Lunes;24;NA;67;NA;;;;;;
2-Dec-14;Martes;22;NA;52;NA;;;;;;
3-Dec-14;Miércoles;24;NA;53;NA;;;;;;
4-Dec-14;Jueves;23;NA;52;NA;;;;;;
5-Dec-14;Viernes;24;NA;60;NA;;;;;;
8-Dec-14;Lunes;24;NA;61;NA;;;;;;
9-Dec-14;Martes;23;NA;52;NA;;;;;;
10-Dec-14;Miércoles;24;NA;60;NA;;;;;;
11-Dec-14;Jueves;24;NA;62;NA;;;;;;
12-Dec-14;Viernes;23;NA;58;NA;;;;;;
15-Dec-14;Lunes;24;NA;50;NA;;;;;;
16-Dec-14;Martes;24;NA;58;NA;;;;;;
17-Dec-14;Miércoles;24;NA;59;NA;;;;;;
18-Dec-14;Jueves;24;NA;58;NA;;;;;;
19-Dec-14;Viernes;24;NA;58;NA;;;;;;
22-Dec-14;Lunes;24;NA;53;NA;;;;;;
23-Dec-14;Martes;23;NA;55;NA;;;;;;
24-Dec-14;Miércoles;;NA;;NA;;;;;;
25-Dec-14;Jueves;;NA;;NA;;;;;;
26-Dec-14;Viernes;;NA;;NA;;;;;;
29-Dec-14;Lunes;22;NA;34;NA;;;;;;
30-Dec-14;Martes;22;NA;34;NA;;;;;;
31-Dec-14;Miércoles;23;NA;35;NA;;;;;;
1-Jan-15;Jueves;23;NA;34;NA;;;;;;
2-Jan-15;Viernes;23;NA;31;NA;;;;;;
5-Jan-15;Lunes;23;NA;40;NA;;;;;;
6-Jan-15;Martes;24;NA;35;NA;;;;;;
7-Jan-15;Miércoles;22;NA;33;NA;;;;;;
8-Jan-15;Jueves;25;NA;38;NA;;;;;;
9-Jan-15;Viernes;25;NA;36;NA;;;;;;
12-Jan-15;Lunes;24;NA;35;NA;;;;;;
13-Jan-15;Martes;23;NA;42;NA;;;;;;
14-Jan-15;Miércoles;22;NA;45;NA;;;;;;
15-Jan-15;Jueves;24;NA;45;NA;;;;;;
16-Jan-15;Viernes;22;NA;36;NA;;;;;;
19-Jan-15;Lunes;23;NA;35;NA;;;;;;
20-Jan-15;Martes;22;NA;35;NA;;;;;;
21-Jan-15;Miércoles;23;NA;35;NA;;;;;;
22-Jan-15;Jueves;22;NA;35;NA;;;;;;
23-Jan-15;Viernes;22;NA;40;NA;;;;;;
26-Jan-15;Lunes;23;NA;40;NA;;;;;;
27-Jan-15;Martes;23;NA;41;NA;;;;;;
28-Jan-15;Miércoles;23;NA;43;NA;;;;;;
29-Jan-15;Jueves;22;NA;39;NA;;;;;;
30-Jan-15;Viernes;22;NA;36;NA;;;;;;
2-feb-15;Lunes;20;NA;40;NA;;;;;;
3-feb-15;Martes;20;NA;56;NA;;;;;;
4-feb-15;Miércoles;22;NA;55;NA;;;;;;
5-feb-15;Jueves;24;NA;50;NA;;;;;;
6-feb-15;Viernes;25;NA;50;NA;;;;;;
9-feb-15;Lunes;25;NA;56;NA;;;;;;
10-feb-15;Martes;23;NA;48;NA;;;;;;
11-feb-15;Miércoles;22;NA;42;NA;;;;;;
12-feb-15;Jueves;22;NA;30;NA;;;;;;
13-feb-15;Viernes;23;NA;31;NA;;;;;;
16-feb-15;Lunes;23;NA;36;NA;;;;;;
17-feb-15;Martes;23;NA;36;NA;;;;;;
18-feb-15;Miércoles;23;NA;36;NA;;;;;;
19-feb-15;Jueves;22;NA;36;NA;;;;;;
20-feb-15;Viernes;22;NA;35;NA;;;;;;
23-feb-15;Lunes;20;NA;33;NA;;;;;;
24-feb-15;Martes;24;NA;36;NA;;;;;;
25-feb-15;Miércoles;22;NA;36;NA;;;;;;
26-feb-15;Jueves;23;NA;35;NA;;;;;;
27-feb-15;Viernes;23;NA;35;NA;;;;;;
2-mar-15;Lunes;22;NA;38;NA;;;;;;
3-mar-15;Martes;23;NA;51;NA;;;;;;
4-mar-15;Miércoles;23;NA;51;NA;;;;;;
5-mar-15;Jueves;22;NA;54;NA;;;;;;
6-mar-15;Viernes;22;NA;39;NA;;;;;;
9-mar-15;Lunes;24;NA;37;NA;;;;;;
10-mar-15;Martes;25;NA;36;NA;;;;;;
11-mar-15;Miércoles;25;NA;35;NA;;;;;;
12-mar-15;Jueves;24;NA;35;NA;;;;;;
13-mar-15;Viernes;24;NA;36;NA;;;;;;
16-mar-15;Lunes;25;NA;38;NA;;;;;;
17-mar-15;Martes;22;NA;38;NA;;;;;;
18-mar-15;Miércoles;23;NA;50;NA;;;;;;
19-mar-15;Jueves;25;NA;37;NA;;;;;;
20-mar-15;Viernes;22;NA;36;NA;;;;;;
23-mar-15;Lunes;22;NA;35;NA;;;;;;
24-mar-15;Martes;22;NA;35;NA;;;;;;
25-mar-15;Miércoles;22;NA;38;NA;;;;;;
26-mar-15;Jueves;22;NA;39;NA;;;;;;
27-mar-15;Viernes;23;NA;39;NA;;;;;;
30-mar-15;Lunes;24;NA;40;NA;;;;;;
31-mar-15;Martes;24;NA;40;NA;;;;;;
1-Apr-15;Miércoles;24;NA;41;NA;;;;;;
2-Apr-15;Jueves;22;NA;39;NA;;;;;;
3-Apr-15;Viernes;22;NA;36;NA;;;;;;
6-Apr-15;Lunes;22;NA;35;NA;;;;;;
7-Apr-15;Martes;24;NA;36;NA;;;;;;
8-Apr-15;Miércoles;24;NA;31;NA;;;;;;
9-Apr-15;Jueves;23;NA;52;NA;;;;;;
10-Apr-15;Viernes;22;NA;50;NA;;;;;;
13-Apr-15;Lunes;22;NA;53;NA;;;;;;
14-Apr-15;Martes;25;NA;48;NA;;;;;;
15-Apr-15;Miércoles;24;NA;37;NA;;;;;;
16-Apr-15;Jueves;25;NA;35;NA;;;;;;
17-Apr-15;Viernes;23;NA;35;NA;;;;;;
20-Apr-15;Lunes;23;NA;35;NA;;;;;;
21-Apr-15;Martes;22;NA;35;NA;;;;;;
22-Apr-15;Miércoles;22;NA;37;NA;;;;;;
23-Apr-15;Jueves;23;NA;35;NA;;;;;;
24-Apr-15;Viernes;23;NA;31;NA;;;;;;
27-Apr-15;Lunes;23;NA;35;NA;;;;;;
28-Apr-15;Martes;22;NA;34;NA;;;;;;
29-Apr-15;Miércoles;22;NA;35;NA;;;;;;
30-Apr-15;Jueves;22;NA;35;NA;;;;;;
1-may-15;Viernes;24;NA;31;NA;;;;;;
4-may-15;Lunes;23;NA;35;NA;;;;;;
5-may-15;Martes;22;NA;40;NA;;;;;;
6-may-15;Miércoles;22;NA;41;NA;;;;;;
7-may-15;Jueves;22;NA;37;NA;;;;;;
8-may-15;Viernes;23;NA;36;NA;;;;;;
11-may-15;Lunes;24;NA;35;NA;;;;;;
12-may-15;Martes;24;NA;35;NA;;;;;;
13-may-15;Miércoles;24;NA;35;NA;;;;;;
14-may-15;Jueves;23;NA;36;NA;;;;;;
15-may-15;Viernes;23;NA;31;NA;;;;;;
18-may-15;Lunes;22;NA;35;NA;;;;;;
19-may-15;Martes;22;NA;35;NA;;;;;;
20-may-15;Miércoles;22;NA;37;NA;;;;;;
21-may-15;Jueves;22;NA;37;NA;;;;;;
22-may-15;Viernes;22;NA;35;NA;;;;;;
25-may-15;Lunes;21;NA;35;NA;;;;;;
26-may-15;Martes;22;NA;31;NA;;;;;;
27-may-15;Miércoles;23;NA;30;NA;;;;;;
28-may-15;Jueves;24;NA;35;NA;;;;;;
29-may-15;Viernes;24;NA;35;NA;;;;;;
1-jun-15;Lunes;24;NA;35;NA;;;;;;
2-jun-15;Martes;22;NA;36;NA;;;;;;
3-jun-15;Miércoles;22;NA;33;NA;;;;;;
4-jun-15;Jueves;22;NA;31;NA;;;;;;
5-jun-15;Viernes;22;NA;31;NA;;;;;;
8-jun-15;Lunes;22;NA;35;NA;;;;;;
9-jun-15;Martes;22;NA;35;NA;;;;;;
10-jun-15;Miércoles;23;NA;35;NA;;;;;;
11-jun-15;Jueves;23;NA;35;NA;;;;;;
12-jun-15;Viernes;24;NA;34;NA;;;;;;
15-jun-15;Lunes;23;NA;31;NA;;;;;;
16-jun-15;Martes;22;NA;31;NA;;;;;;
17-jun-15;Miércoles;22;NA;35;NA;;;;;;
18-jun-15;Jueves;24;NA;35;NA;;;;;;
19-jun-15;Viernes;25;NA;35;NA;;;;;;
22-jun-15;Lunes;25;NA;35;NA;;;;;;
23-jun-15;Martes;22;NA;35;NA;;;;;;
24-jun-15;Miércoles;22;NA;34;NA;;;;;;
25-jun-15;Jueves;23;NA;34;NA;;;;;;
26-jun-15;Viernes;22;NA;31;NA;;;;;;
29-jun-15;Lunes;22;NA;34;NA;;;;;;
30-jun-15;Martes;22;NA;34;NA;;;;;;
1-jul-15;Miércoles;23;NA;33;NA;;;;;;
2-jul-15;Jueves;23;NA;34;NA;;;;;;
3-jul-15;Viernes;21;NA;34;NA;;;;;;
6-jul-15;Lunes;22;NA;31;NA;;;;;;
7-jul-15;Martes;23;NA;30;NA;;;;;;
8-jul-15;Miércoles;22;NA;35;NA;;;;;;
9-jul-15;Jueves;22;NA;35;NA;;;;;;
10-jul-15;Viernes;23;NA;33;NA;;;;;;
13-jul-15;Lunes;22;NA;34;NA;;;;;;
14-jul-15;Martes;21;NA;35;NA;;;;;;
15-jul-15;Miércoles;20;NA;35;NA;;;;;;
16-jul-15;Jueves;20;NA;31;NA;;;;;;
17-jul-15;Viernes;22;NA;30;NA;;;;;;
20-jul-15;Lunes;23;NA;31;NA;;;;;;
21-jul-15;Martes;21;NA;32;NA;;;;;;
22-jul-15;Miércoles;22;NA;32;NA;;;;;;
23-jul-15;Jueves;22;NA;32;NA;;;;;;
24-jul-15;Viernes;23;NA;33;NA;;;;;;
27-jul-15;Lunes;21;NA;35;NA;;;;;;
28-jul-15;Martes;22;NA;35;NA;;;;;;
29-jul-15;Miércoles;23;NA;31;NA;;;;;;
30-jul-15;Jueves;24;NA;30;NA;;;;;;
31-jul-15;Viernes;24;NA;36;NA;;;;;;
3-Aug-15;Lunes;24;NA;36;NA;;;;;;
4-Aug-15;Martes;22;NA;31;NA;;;;;;
5-Aug-15;Miércoles;23;NA;39;NA;;;;;;
6-Aug-15;Jueves;23;NA;33;NA;;;;;;
7-Aug-15;Viernes;21;NA;38;NA;;;;;;
10-Aug-15;Lunes;22;NA;34;NA;;;;;;
11-Aug-15;Martes;22;NA;33;NA;;;;;;
12-Aug-15;Miércoles;21;NA;31;NA;;;;;;
13-Aug-15;Jueves;25;NA;35;NA;;;;;;
14-Aug-15;Viernes;23;NA;36;NA;;;;;;
17-Aug-15;Lunes;29;NA;35;NA;;;;;;
18-Aug-15;Martes;25;NA;33;NA;;;;;;
19-Aug-15;Miércoles;26;NA;33;NA;;;;;;
20-Aug-15;Jueves;25;NA;34;NA;;;;;;
21-Aug-15;Viernes;26;NA;32;NA;;;;;;
24-Aug-15;Lunes;22;NA;36;NA;;;;;;
25-Aug-15;Martes;23;NA;36;NA;;;;;;
26-Aug-15;Miércoles;24;NA;33;NA;;;;;;
27-Aug-15;Jueves;21;NA;34;NA;;;;;;
28-Aug-15;Viernes;24;NA;30;NA;;;;;;
31-Aug-15;Lunes;22;NA;31;NA;;;;;;
1-sept-15;Martes;22;NA;36;NA;;;;;;
2-sept-15;Miércoles;20;NA;37;NA;;;;;;
3-sept-15;Jueves;20;NA;36;NA;;;;;;
4-sept-15;Viernes;20;NA;35;NA;;;;;;
7-sept-15;Lunes;;NA;;NA;;;;;;
8-sept-15;Martes;;NA;;NA;;;;;;
9-sept-15;Miércoles;;NA;;NA;;;;;;
10-sept-15;Jueves;;NA;;NA;;;;;;
11-sept-15;Viernes;;NA;;NA;;;;;;
14-sept-15;Lunes;20;NA;50;NA;;;;;;
15-sept-15;Martes;20;NA;52;NA;;;;;;
16-sept-15;Miércoles;20;NA;56;NA;;;;;;
17-sept-15;Jueves;18;NA;58;NA;;;;;;
18-sept-15;Viernes;22;NA;58;NA;;;;;;
21-sept-15;Lunes;20;NA;53;NA;;;;;;
22-sept-15;Martes;24;NA;53;NA;;;;;;
23-sept-15;Miércoles;24;NA;40;NA;;;;;;
24-sept-15;Jueves;24;NA;36;NA;;;;;;
25-sept-15;Viernes;22;NA;35;NA;;;;;;
28-sept-15;Lunes;20;NA;39;NA;;;;;;
29-sept-15;Martes;20;NA;36;NA;;;;;;
30-sept-15;Miércoles;18;NA;61;NA;;;;;;
1-oct-15;Jueves;18;NA;66;NA;;;;;;
2-oct-15;Viernes;18;NA;67;NA;;;;;;
5-oct-15;Lunes;17;NA;61;NA;;;;;;
6-oct-15;Martes;18;NA;61;NA;;;;;;
7-oct-15;Miércoles;19;NA;47;NA;;;;;;
8-oct-15;Jueves;19;NA;46;NA;;;;;;
9-oct-15;Viernes;20;NA;28;NA;;;;;;
12-oct-15;Lunes;21;NA;60;NA;;;;;;
13-oct-15;Martes;17;NA;60;NA;;;;;;
14-oct-15;Miércoles;17;NA;63;NA;;;;;;
15-oct-15;Jueves;16;NA;58;NA;;;;;;
16-oct-15;Viernes;17;NA;58;NA;;;;;;
19-oct-15;Lunes;17;NA;60;NA;;;;;;
20-oct-15;Martes;16;NA;58;NA;;;;;;
21-oct-15;Miércoles;17;NA;55;NA;;;;;;
22-oct-15;Jueves;17;NA;58;NA;;;;;;
23-oct-15;Viernes;17;NA;60;NA;;;;;;
26-oct-15;Lunes;16;NA;58;NA;;;;;;
27-oct-15;Martes;20;NA;54;NA;;;;;;
28-oct-15;Miércoles;21;NA;42;NA;;;;;;
29-oct-15;Jueves;18;NA;56;NA;;;;;;
30-oct-15;Viernes;20;NA;58;NA;;;;;;
2-nov-15;Lunes;21;NA;60;NA;;;;;;
3-nov-15;Martes;20;NA;59;NA;;;;;;
4-nov-15;Miércoles;19;NA;53;NA;;;;;;
5-nov-15;Jueves;18;NA;55;NA;;;;;;
6-nov-15;Viernes;19;NA;60;NA;;;;;;
9-nov-15;Lunes;18;NA;49;NA;;;;;;
10-nov-15;Martes;17;NA;53;NA;;;;;;
11-nov-15;Miércoles;16;NA;48;NA;;;;;;
12-nov-15;Jueves;15;NA;49;NA;;;;;;
13-nov-15;Viernes;20;NA;38;NA;;;;;;
16-nov-15;Lunes;21;NA;47;NA;;;;;;
17-nov-15;Martes;17;NA;51;NA;;;;;;
18-nov-15;Miércoles;17;NA;53;NA;;;;;;
19-nov-15;Jueves;18;NA;47;NA;;;;;;
20-nov-15;Viernes;19;NA;40;NA;;;;;;
23-nov-15;Lunes;16;NA;46;NA;;;;;;
24-nov-15;Martes;15;NA;52;NA;;;;;;
25-nov-15;Miércoles;16;NA;51;NA;;;;;;
26-nov-15;Jueves;16;NA;49;NA;;;;;;
27-nov-15;Viernes;19;NA;49;NA;;;;;;
30-nov-15;Lunes;17;NA;51;NA;;;;;;
1-Dec-15;Martes;14;NA;44;NA;;;;;;
2-Dec-15;Miércoles;18;NA;39;NA;;;;;;
3-Dec-15;Jueves;21;NA;42;NA;;;;;;
4-Dec-15;Viernes;;NA;;NA;;;;;;
7-Dec-15;Lunes;24;NA;39;NA;;;;;;
8-Dec-15;Martes;24;NA;39;NA;;;;;;
9-Dec-15;Miércoles;25;NA;36;NA;;;;;;
10-Dec-15;Jueves;25;NA;52;NA;;;;;;
11-Dec-15;Viernes;16;NA;54;NA;;;;;;
14-Dec-15;Lunes;27;NA;64;NA;;;;;;
15-Dec-15;Martes;19;NA;42;NA;;;;;;
16-Dec-15;Miércoles;18;NA;55;NA;;;;;;
17-Dec-15;Jueves;20;NA;54;NA;;;;;;
18-Dec-15;Viernes;18;NA;55;NA;;;;;;
21-Dec-15;Lunes;18;NA;55;NA;;;;;;
22-Dec-15;Martes;20;NA;54;NA;;;;;;
23-Dec-15;Miércoles;22;NA;55;NA;;;;;;
24-Dec-15;Jueves;22;NA;56;NA;;;;;;
25-Dec-15;Viernes;20;NA;58;NA;;;;;;
28-Dec-15;Lunes;18;NA;60;NA;;;;;;
29-Dec-15;Martes;18;NA;60;NA;;;;;;
30-Dec-15;Miércoles;20;NA;56;NA;;;;;;
31-Dec-15;Jueves;20;NA;43;NA;;;;;;
1-Jan-16;Viernes;20;NA;45;NA;;;;;;
4-Jan-16;Lunes;22;NA;45;NA;;;;;;
5-Jan-16;Martes;20;NA;46;NA;;;;;;
6-Jan-16;Miércoles;22;NA;50;NA;;;;;;
7-Jan-16;Jueves;20;NA;54;NA;;;;;;
8-Jan-16;Viernes;20;NA;54;NA;;;;;;
11-Jan-16;Lunes;20;NA;56;NA;;;;;;
12-Jan-16;Martes;20;NA;56;NA;;;;;;
13-Jan-16;Miércoles;18;NA;56;NA;;;;;;
14-Jan-16;Jueves;18;NA;56;NA;;;;;;
15-Jan-16;Viernes;20;NA;54;NA;;;;;;
18-Jan-16;Lunes;20;NA;54;NA;;;;;;
19-Jan-16;Martes;20;NA;54;NA;;;;;;
20-Jan-16;Miércoles;20;NA;50;NA;;;;;;
21-Jan-16;Jueves;20;NA;48;NA;;;;;;
22-Jan-16;Viernes;20;NA;46;NA;;;;;;
25-Jan-16;Lunes;20;NA;45;NA;;;;;;
26-Jan-16;Martes;20;NA;45;NA;;;;;;
27-Jan-16;Miércoles;20;NA;45;NA;;;;;;
28-Jan-16;Jueves;20;NA;43;NA;;;;;;
29-Jan-16;Viernes;18;NA;44;NA;;;;;;
1-feb-16;Lunes;18;NA;45;NA;;;;;;
2-feb-16;Martes;17;NA;45;NA;;;;;;
3-feb-16;Miércoles;17;NA;50;NA;;;;;;
4-feb-16;Jueves;18;NA;54;NA;;;;;;
5-feb-16;Viernes;18;NA;54;NA;;;;;;
8-feb-16;Lunes;;NA;;NA;;;;;;
9-feb-16;Martes;;NA;;NA;;;;;;
10-feb-16;Miércoles;20;NA;54;NA;;;;;;
11-feb-16;Jueves;20;NA;52;NA;;;;;;
12-feb-16;Viernes;20;NA;60;NA;;;;;;
15-feb-16;Lunes;;NA;;NA;;;;;;
16-feb-16;Martes;;NA;;NA;;;;;;
17-feb-16;Miércoles;;NA;;NA;;;;;;
18-feb-16;Jueves;;NA;;NA;;;;;;
19-feb-16;Viernes;;NA;;NA;;;;;;
22-feb-16;Lunes;;NA;;NA;;;;;;
23-feb-16;Martes;21;NA;43;NA;;;;;;
24-feb-16;Miércoles;22;NA;44;NA;;;;;;
25-feb-16;Jueves;21;NA;38;NA;;;;;;
26-feb-16;Viernes;20;NA;38;NA;;;;;;
29-feb-16;Lunes;20;NA;49;NA;;;;;;
1-mar-16;Martes;18;NA;36;NA;;;;;;
2-mar-16;Miércoles;20;NA;49;NA;;;;;;
3-mar-16;Jueves;20;NA;48;NA;;;;;;
4-mar-16;Viernes;20;NA;40;NA;;;;;;
7-mar-16;Lunes;;NA;;NA;;;;;;
8-mar-16;Martes;;NA;;NA;;;;;;
9-mar-16;Miércoles;21;NA;49;NA;;;;;;
10-mar-16;Jueves;20;NA;46;NA;;;;;;
11-mar-16;Viernes;20;NA;41;NA;;;;;;
14-mar-16;Lunes;20;NA;45;NA;;;;;;
15-mar-16;Martes;21;NA;45;NA;;;;;;
16-mar-16;Miércoles;21;NA;53;NA;;;;;;
17-mar-16;Jueves;20;NA;46;NA;;;;;;
18-mar-16;Viernes;19;NA;38;NA;;;;;;
21-mar-16;Lunes;;NA;;NA;;;;;;
22-mar-16;Martes;18;NA;36;NA;;;;;;
23-mar-16;Miércoles;19;NA;38;NA;;;;;;
24-mar-16;Jueves;19;NA;48;NA;;;;;;
25-mar-16;Viernes;20;NA;53;NA;;;;;;
28-mar-16;Lunes;19;NA;48;NA;;;;;;
29-mar-16;Martes;20;NA;54;NA;;;;;;
30-mar-16;Miércoles;19;NA;49;NA;;;;;;
31-mar-16;Jueves;20;NA;48;NA;;;;;;
1-Apr-16;Viernes;19;NA;48;NA;;;;;;
4-Apr-16;Lunes;20;NA;50;NA;;;;;;
5-Apr-16;Martes;20;NA;54;NA;;;;;;
6-Apr-16;Miércoles;19;NA;48;NA;;;;;;
7-Apr-16;Jueves;18;NA;58;NA;;;;;;
8-Apr-16;Viernes;20;NA;45;NA;;;;;;
11-Apr-16;Lunes;20;NA;49;NA;;;;;;
12-Apr-16;Martes;20;NA;45;NA;;;;;;
13-Apr-16;Miércoles;20;NA;40;NA;;;;;;
14-Apr-16;Jueves;19;NA;38;NA;;;;;;
15-Apr-16;Viernes;19;NA;33;NA;;;;;;
18-Apr-16;Lunes;18;NA;38;NA;;;;;;
19-Apr-16;Martes;18;NA;38;NA;;;;;;
20-Apr-16;Miércoles;20;NA;39;NA;;;;;;
21-Apr-16;Jueves;18;NA;38;NA;;;;;;
22-Apr-16;Viernes;18;NA;35;NA;;;;;;
25-Apr-16;Lunes;20;NA;41;NA;;;;;;
26-Apr-16;Martes;20;NA;35;NA;;;;;;
27-Apr-16;Miércoles;20;NA;40;NA;;;;;;
28-Apr-16;Jueves;18;NA;51;NA;;;;;;
29-Apr-16;Viernes;19;NA;31;NA;;;;;;
2-may-16;Lunes;20;NA;22;NA;;;;;;
3-may-16;Martes;20;NA;31;NA;;;;;;
4-may-16;Miércoles;20;NA;23;NA;;;;;;
5-may-16;Jueves;18;NA;44;NA;;;;;;
6-may-16;Viernes;18;NA;38;NA;;;;;;
9-may-16;Lunes;20;NA;35;NA;;;;;;
10-may-16;Martes;20;NA;45;NA;;;;;;
11-may-16;Miércoles;18;NA;45;NA;;;;;;
12-may-16;Jueves;18;NA;42;NA;;;;;;
13-may-16;Viernes;20;NA;43;NA;;;;;;
16-may-16;Lunes;19;NA;39;NA;;;;;;
17-may-16;Martes;19;NA;43;NA;;;;;;
18-may-16;Miércoles;20;NA;40;NA;;;;;;
19-may-16;Jueves;19;NA;41;NA;;;;;;
20-may-16;Viernes;19;NA;45;NA;;;;;;
23-may-16;Lunes;18;NA;50;NA;;;;;;
24-may-16;Martes;18;NA;51;NA;;;;;;
25-may-16;Miércoles;19;NA;43;NA;;;;;;
26-may-16;Jueves;19;NA;42;NA;;;;;;
27-may-16;Viernes;19;NA;41;NA;;;;;;
30-may-16;Lunes;23;NA;56;NA;;;;;;
31-may-16;Martes;20;NA;51;NA;;;;;;
1-jun-16;Miércoles;22;NA;55;NA;;;;;;
2-jun-16;Jueves;23;NA;56;NA;;;;;;
3-jun-16;Viernes;23;NA;54;NA;;;;;;
6-jun-16;Lunes;23;NA;51;NA;;;;;;
7-jun-16;Martes;23;NA;51;NA;;;;;;
8-jun-16;Miércoles;22;NA;50;NA;;;;;;
9-jun-16;Jueves;19;NA;49;NA;;;;;;
10-jun-16;Viernes;19;NA;48;NA;;;;;;
13-jun-16;Lunes;20;NA;48;NA;;;;;;
14-jun-16;Martes;21;NA;45;NA;;;;;;
15-jun-16;Miércoles;24;NA;54;NA;;;;;;
16-jun-16;Jueves;23;NA;53;NA;;;;;;
17-jun-16;Viernes;23;NA;49;NA;;;;;;
20-jun-16;Lunes;19;NA;49;NA;;;;;;
21-jun-16;Martes;21;NA;50;NA;;;;;;
22-jun-16;Miércoles;21;NA;50;NA;;;;;;
23-jun-16;Jueves;23;NA;49;NA;;;;;;
24-jun-16;Viernes;21;NA;49;NA;;;;;;
27-jun-16;Lunes;20;NA;53;NA;;;;;;
28-jun-16;Martes;19;NA;55;NA;;;;;;
29-jun-16;Miércoles;19;NA;51;NA;;;;;;
30-jun-16;Jueves;21;NA;53;NA;;;;;;
1-jul-16;Viernes;21;NA;53;NA;;;;;;
4-jul-16;Lunes;22;NA;64;NA;;;;;;
5-jul-16;Martes;21;NA;50;NA;;;;;;
6-jul-16;Miércoles;22;NA;53;NA;;;;;;
7-jul-16;Jueves;18;NA;51;NA;;;;;;
8-jul-16;Viernes;18;NA;48;NA;;;;;;
11-jul-16;Lunes;19;NA;48;NA;;;;;;
12-jul-16;Martes;20;NA;48;NA;;;;;;
13-jul-16;Miércoles;20;NA;52;NA;;;;;;
14-jul-16;Jueves;19;NA;46;NA;;;;;;
15-jul-16;Viernes;22;NA;45;NA;;;;;;
18-jul-16;Lunes;23;NA;48;NA;;;;;;
19-jul-16;Martes;23;NA;46;NA;;;;;;
20-jul-16;Miércoles;23;NA;48;NA;;;;;;
21-jul-16;Jueves;22;NA;51;NA;;;;;;
22-jul-16;Viernes;19;NA;53;NA;;;;;;
25-jul-16;Lunes;19;NA;53;NA;;;;;;
26-jul-16;Martes;20;NA;54;NA;;;;;;
27-jul-16;Miércoles;22;NA;46;NA;;;;;;
28-jul-16;Jueves;23;NA;47;NA;;;;;;
29-jul-16;Viernes;24;NA;51;NA;;;;;;
1-Aug-16;Lunes;24;NA;51;NA;;;;;;
2-Aug-16;Martes;23;NA;52;NA;;;;;;
3-Aug-16;Miércoles;23;NA;60;NA;;;;;;
4-Aug-16;Jueves;20;NA;51;NA;;;;;;
5-Aug-16;Viernes;23;NA;46;NA;;;;;;
8-Aug-16;Lunes;20;NA;41;NA;;;;;;
9-Aug-16;Martes;24;NA;45;NA;;;;;;
10-Aug-16;Miércoles;20;NA;48;NA;;;;;;
11-Aug-16;Jueves;21;NA;53;NA;;;;;;
12-Aug-16;Viernes;23;NA;53;NA;;;;;;
15-Aug-16;Lunes;23;NA;48;NA;;;;;;
16-Aug-16;Martes;22;NA;45;NA;;;;;;
17-Aug-16;Miércoles;21;NA;41;NA;;;;;;
18-Aug-16;Jueves;22;NA;41;NA;;;;;;
19-Aug-16;Viernes;20;NA;56;NA;;;;;;
22-Aug-16;Lunes;23;NA;44;NA;;;;;;
23-Aug-16;Martes;23;NA;45;NA;;;;;;
24-Aug-16;Miércoles;21;NA;44;NA;;;;;;
25-Aug-16;Jueves;20;NA;46;NA;;;;;;
26-Aug-16;Viernes;23;NA;45;NA;;;;;;
29-Aug-16;Lunes;20;NA;43;NA;;;;;;
30-Aug-16;Martes;20;NA;41;NA;;;;;;
31-Aug-16;Miércoles;22;NA;41;NA;;;;;;
1-sept-16;Jueves;22;NA;43;NA;;;;;;
2-sept-16;Viernes;21;NA;40;NA;;;;;;
5-sept-16;Lunes;20;NA;41;NA;;;;;;
6-sept-16;Martes;20;NA;45;NA;;;;;;
7-sept-16;Miércoles;22;NA;45;NA;;;;;;
8-sept-16;Jueves;22;NA;53;NA;;;;;;
9-sept-16;Viernes;21;NA;48;NA;;;;;;
12-sept-16;Lunes;21;NA;46;NA;;;;;;
13-sept-16;Martes;21;NA;53;NA;;;;;;
14-sept-16;Miércoles;22;NA;50;NA;;;;;;
15-sept-16;Jueves;22;NA;48;NA;;;;;;
16-sept-16;Viernes;22;NA;53;NA;;;;;;
19-sept-16;Lunes;20;NA;54;NA;;;;;;
20-sept-16;Martes;21;NA;48;NA;;;;;;
21-sept-16;Miércoles;21;NA;45;NA;;;;;;
22-sept-16;Jueves;23;NA;53;NA;;;;;;
23-sept-16;Viernes;22;NA;58;NA;;;;;;
26-sept-16;Lunes;22;NA;53;NA;;;;;;
27-sept-16;Martes;;NA;;NA;;;;;;
28-sept-16;Miércoles;;NA;;NA;;;;;;
29-sept-16;Jueves;;NA;;NA;;;;;;
30-sept-16;Viernes;22;NA;50;NA;;;;;;
3-oct-16;Lunes;22;NA;48;NA;;;;;;
4-oct-16;Martes;20;NA;51;NA;;;;;;
5-oct-16;Miércoles;22;NA;51;NA;;;;;;
6-oct-16;Jueves;21;NA;51;NA;;;;;;
7-oct-16;Viernes;22;NA;53;NA;;;;;;
10-oct-16;Lunes;22;NA;61;NA;;;;;;
11-oct-16;Martes;21;NA;53;NA;;;;;;
12-oct-16;Miércoles;20;NA;50;NA;;;;;;
13-oct-16;Jueves;22;NA;51;NA;;;;;;
14-oct-16;Viernes;18;NA;51;NA;;;;;;
17-oct-16;Lunes;20;NA;48;NA;;;;;;
18-oct-16;Martes;22;NA;61;NA;;;;;;
19-oct-16;Miércoles;22;NA;60;NA;;;;;;
20-oct-16;Jueves;22;NA;48;NA;;;;;;
21-oct-16;Viernes;22;NA;46;NA;;;;;;
24-oct-16;Lunes;22;NA;61;NA;;;;;;
25-oct-16;Martes;22;NA;48;NA;;;;;;
26-oct-16;Miércoles;22;NA;46;NA;;;;;;
27-oct-16;Jueves;22;NA;48;NA;;;;;;
28-oct-16;Viernes;22;NA;45;NA;;;;;;
31-oct-16;Lunes;22;NA;58;NA;;;;;;
1-nov-16;Martes;22;NA;59;NA;;;;;;
2-nov-16;Miércoles;23;NA;41;NA;;;;;;
3-nov-16;Jueves;;NA;;NA;;;;;;
4-nov-16;Viernes;;NA;;NA;;;;;;
7-nov-16;Lunes;22;NA;61;NA;;;;;;
8-nov-16;Martes;22;NA;43;NA;;;;;;
9-nov-16;Miercoles;22;NA;40;NA;;;;;;
10-nov-16;Jueves;22;NA;43;NA;;;;;;
11-nov-16;Viernes;21;NA;50;NA;;;;;;
14-nov-16;Lunes;20;NA;53;NA;;;;;;
15-nov-16;Martes;22;NA;49;NA;;;;;;
16-nov-16;Miercoles;20;NA;48;NA;;;;;;
17-nov-16;Jueves;22;NA;51;NA;;;;;;
18-nov-16;Viernes;20;NA;46;NA;;;;;;
21-nov-16;Lunes;20;NA;48;NA;;;;;;
22-nov-16;Martes;22;NA;59;NA;;;;;;
23-nov-16;Miercoles;20;NA;43;NA;;;;;;
24-nov-16;Jueves;20;NA;40;NA;;;;;;
25-nov-16;Viernes;22;NA;45;NA;;;;;;
28-nov-16;Lunes;22;NA;63;NA;;;;;;
29-nov-16;Martes;22;NA;53;NA;;;;;;
30-nov-16;Miercoles;22;NA;54;NA;;;;;;
1-Dec-16;Jueves;22;NA;46;NA;;;;;;
2-Dec-16;Viernes;23;NA;46;NA;;;;;;
5-Dec-16;Lunes;22;NA;56;NA;;;;;;
6-Dec-16;Martes;22;NA;49;NA;;;;;;
7-Dec-16;Miercoles;22;NA;46;NA;;;;;;
8-Dec-16;Jueves;22;NA;45;NA;;;;;;
9-Dec-16;Viernes;23;NA;44;NA;;;;;;
12-Dec-16;Lunes;22;NA;45;NA;;;;;;
13-Dec-16;Martes;23;NA;48;NA;;;;;;
14-Dec-16;Miercoles;22;NA;51;NA;;;;;;
15-Dec-16;Jueves;22;NA;46;NA;;;;;;
16-Dec-16;Viernes;23;NA;44;NA;;;;;;
19-Dec-16;Lunes;22;NA;43;NA;;;;;;
20-Dec-16;Martes;22;NA;45;NA;;;;;;
21-Dec-16;Miercoles;22;NA;44;NA;;;;;;
22-Dec-16;Jueves;23;NA;48;NA;;;;;;
23-Dec-16;Viernes;22;NA;49;NA;;;;;;
26-Dec-16;Lunes;22;NA;44;NA;;;;;;
27-Dec;Martes;22;NA;44;NA;;;;;;
28-Dec-16;Miercoles;22;NA;45;NA;;;;;;
29-Dec-16;Jueves;23;NA;44;NA;;;;;;
30-Dec-16;Viernes;22;NA;46;NA;;;;;;
2-Jan-17;Lunes;22;NA;48;NA;;;;;;
3-Jan-17;Martes;22;NA;54;NA;;;;;;
4-Jan-17;Miercoles;22;NA;51;NA;;;;;;
5-Jan-17;Jueves;22;NA;44;NA;;;;;;
6-Jan-17;Viernes;22;NA;45;NA;;;;;;
9-Jan-17;Lunes;22;NA;48;NA;;;;;;
10-Jan-17;Martes;22;NA;44;NA;;;;;;
11-Jan-17;Miercoles;22;NA;40;NA;;;;;;
12-Jan-17;Jueves;23;NA;45;NA;;;;;;
13-Jan-17;Viernes;23;NA;37;NA;;;;;;
16-Jan-17;Lunes;22;NA;40;NA;;;;;;
17-Jan-17;Martes;23;NA;43;NA;;;;;;
18-Jan-17;Miercoles;22;NA;45;NA;;;;;;
19-Jan-17;Jueves;22;NA;42;NA;;;;;;
20-Jan-17;Viernes;22;NA;45;NA;;;;;;
23-Jan-17;Lunes;22;NA;45;NA;;;;;;
24-Jan-17;Martes;22;NA;48;NA;;;;;;
25-Jan-17;Miercoles;23;NA;50;NA;;;;;;
26-Jan-17;Jueves;22;NA;49;NA;;;;;;
27-Jan-17;Viernes;24;NA;45;NA;;;;;;
30-Jan-17;Lunes;24;NA;42;NA;;;;;;
31-Jan-17;Martes;23;NA;48;NA;;;;;;
1-feb-17;Miercoles;22;NA;50;NA;;;;;;
2-feb-17;Jueves;22;NA;50;NA;;;;;;
3-feb-17;Viernes;23;NA;49;NA;;;;;;
6-feb-17;Lunes;22;NA;54;NA;;;;;;
7-feb-17;Martes;23;NA;48;NA;;;;;;
8-feb-17;Miercoles;22;NA;45;NA;;;;;;
9-feb-17;Jueves;23;NA;48;NA;;;;;;
10-feb-17;Viernes;22;NA;48;NA;;;;;;
13-feb-17;Lunes;22;NA;45;NA;;;;;;
14-feb-17;Martes;22;NA;35;NA;;;;;;
15-feb-17;Miercoles;22;NA;40;NA;;;;;;
16-feb-17;Jueves;22;NA;54;NA;;;;;;
17-feb-17;Viernes;23;NA;35;NA;;;;;;
20-feb-17;Lunes;21;NA;54;NA;;;;;;
21-feb-17;Martes;22;NA;48;NA;;;;;;
22-feb-17;Miercoles;22;NA;54;NA;;;;;;
23-feb-17;Jueves;21;NA;54;NA;;;;;;
24-feb-17;Viernes;21;NA;48;NA;;;;;;
27-feb-17;Lunes;21;NA;50;NA;;;;;;
28-feb-17;Martes;21;NA;54;NA;;;;;;
1-mar-17;Miercoles;22;NA;54;NA;;;;;;
2-mar-17;Jueves;23;NA;50;NA;;;;;;
3-mar-17;Viernes;21;NA;50;NA;;;;;;
6-mar-17;Lunes;22;NA;35;NA;;;;;;
7-mar-17;Martes;22;NA;35;NA;;;;;;
8-mar-17;Miercoles;22;NA;35;NA;;;;;;
9-mar-17;Jueves;24;NA;33;NA;;;;;;
10-mar-17;Viernes;25;NA;35;NA;;;;;;
13-mar-17;Lunes;21;NA;34;NA;;;;;;
14-mar-17;Martes;22;NA;35;NA;;;;;;
15-mar-17;Miercoles;21;NA;35;NA;;;;;;
16-mar-17;Jueves;22;NA;48;NA;;;;;;
17-mar-17;Viernes;22;NA;45;NA;;;;;;
20-mar-17;Lunes;21;NA;48;NA;;;;;;
21-mar-17;Martes;20;NA;43;NA;;;;;;
22-mar-17;Miercoles;23;NA;39;NA;;;;;;
23-mar-17;Jueves;23;NA;35;NA;;;;;;
24-mar-17;Viernes;20;NA;35;NA;;;;;;
27-mar-17;Lunes;20;NA;35;NA;;;;;;
28-mar-17;Martes;21;NA;35;NA;;;;;;
29-mar-17;Miercoles;21;NA;40;NA;;;;;;
30-mar-17;Jueves;22;NA;45;NA;;;;;;
31-mar-17;Viernes;22;NA;45;NA;;;;;;
3-Apr-17;Lunes;23;NA;40;NA;;;;;;
4-Apr-17;Martes;22;NA;45;NA;;;;;;
5-Apr-17;Miercoles;22;NA;45;NA;;;;;;
6-Apr-17;Jueves;22;NA;51;NA;;;;;;
7-Apr-17;Viernes;23;NA;50;NA;;;;;;
10-Apr-17;Lunes;22;NA;47;NA;;;;;;
11-Apr-17;Martes;21;NA;50;NA;;;;;;
12-Apr-17;Miercoles;20;NA;51;NA;;;;;;
13-Apr-17;Jueves;23;NA;53;NA;;;;;;
14-Apr-17;Viernes;23;NA;51;NA;;;;;;
17-Apr-17;Lunes;20;NA;48;NA;;;;;;
18-Apr-17;Martes;21;NA;48;NA;;;;;;
19-Apr-17;Miercoles;20;NA;47;NA;;;;;;
20-Apr-17;Jueves;20;NA;51;NA;;;;;;
21-Apr-17;Viernes;23;NA;50;NA;;;;;;
22-Apr-17;Lunes;24;NA;49;NA;;;;;;
25-Apr-17;Martes;24;NA;51;NA;;;;;;
26-Apr-17;Miercoles;21;NA;52;NA;;;;;;
27-Apr-17;Jueves;23;NA;53;NA;;;;;;
28-Apr-17;Viernes;22;NA;48;NA;;;;;;
1-may-17;Lunes;21;NA;49;NA;;;;;;
2-may-17;Martes;22;NA;48;NA;;;;;;
3-may-17;Miercoles;24;NA;51;NA;;;;;;
4-may-17;Jueves;21;NA;54;NA;;;;;;
5-may-17;Viernes;23;NA;49;NA;;;;;;
8-may-17;Lunes;23;NA;51;NA;;;;;;
9-may-17;Martes;20;NA;50;NA;;;;;;
10-may-17;Miercoles;21;NA;53;NA;;;;;;
11-may-17;Jueves;20;NA;53;NA;;;;;;
12-may-17;Viernes;20;NA;50;NA;;;;;;
15-may-17;Lunes;21;NA;49;NA;;;;;;
16-may-17;Martes;22;NA;41;NA;;;;;;
17-may-17;Miercoles;22;NA;50;NA;;;;;;
18-may-17;Jueves;22;NA;51;NA;;;;;;
19-may-17;Viernes;21;NA;49;NA;;;;;;
22-may-17;Lunes;20;NA;50;NA;;;;;;
23-may-17;Martes;20;NA;50;NA;;;;;;
24-may-17;Miercoles;21;NA;48;NA;;;;;;
25-may-17;Jueves;23;NA;53;NA;;;;;;
26-may-17;Viernes;20;NA;50;NA;;;;;;
29-may-17;Lunes;21;NA;49;NA;;;;;;
30-may-17;Martes;20;NA;51;NA;;;;;;
31-may-17;Miercoles;21;NA;48;NA;;;;;;
1-jun-17;Jueves;22;NA;53;NA;;;;;;
2-jun-17;Viernes;21;NA;51;NA;;;;;;
5-jun-17;Lunes;21;NA;50;NA;;;;;;
6-jun-17;Martes;22;NA;49;NA;;;;;;
7-jun-17;Miercoles;21;NA;47;NA;;;;;;
8-jun-17;Jueves;22;NA;50;NA;;;;;;
9-jun-17;Viernes;22;NA;53;NA;;;;;;
12-jun-17;Lunes;22;NA;48;NA;;;;;;
13-jun-17;Martes;21;NA;49;NA;;;;;;
14-jun-17;Miercoles;22;NA;53;NA;;;;;;
15-jun-17;Jueves;24;NA;51;NA;;;;;;
16-jun-17;Viernes;23;NA;53;NA;;;;;;
19-jun-17;Lunes;22;NA;54;NA;;;;;;
20-jun-17;Martes;21;NA;55;NA;;;;;;
21-jun-17;Miercoles;23;NA;50;NA;;;;;;
22-jun-17;Jueves;22;NA;52;NA;;;;;;
23-jun-17;Viernes;21;NA;51;NA;;;;;;
26-jun-17;Lunes;19;NA;50;NA;;;;;;
27-jun-17;Martes;18;NA;53;NA;;;;;;
28-jun-17;Miercoles;18;NA;53;NA;;;;;;
29-jun-17;Jueves;19;NA;52;NA;;;;;;
30-jun-17;Viernes;20;NA;56;NA;;;;;;
3-jul-17;Lunes;21;NA;53;NA;;;;;;
4-jul-17;Martes;21;NA;54;NA;;;;;;
5-jul-17;Miercoles;22;NA;49;NA;;;;;;
6-jul-17;Jueves;21;NA;48;NA;;;;;;
7-jul-17;Viernes;22;NA;46;NA;;;;;;
10-jul-17;Lunes;20;NA;53;NA;;;;;;
11-jul-17;Martes;20;NA;51;NA;;;;;;
12-jul-17;Miercoles;18;NA;50;NA;;;;;;
13-jul-17;Jueves;18;NA;49;NA;;;;;;
14-jul-17;Viernes;19;NA;49;NA;;;;;;
17-jul-17;Lunes;17;NA;48;NA;;;;;;
18-jul-17;Martes;18;NA;52;NA;;;;;;
19-jul-17;Miercoles;18;NA;53;NA;;;;;;
20-jul-17;Jueves;22;NA;55;NA;;;;;;
21-jul-17;Viernes;21;NA;55;NA;;;;;;
24-jul-17;Lunes;22;NA;56;NA;;;;;;
25-jul-17;Martes;20;NA;54;NA;;;;;;
26-jul-17;Miercoles;21;NA;48;NA;;;;;;
27-jul-17;Jueves;18;NA;50;NA;;;;;;
28-jul-17;Viernes;19;NA;49;NA;;;;;;
31-jul-17;Lunes;19;NA;52;NA;;;;;;
1-Aug-17;Martes;18;NA;51;NA;;;;;;
2-Aug-17;Miercoles;19;NA;50;NA;;;;;;
3-Aug-17;Jueves;20;NA;48;NA;;;;;;
4-Aug-17;Viernes;20;NA;45;NA;;;;;;
7-Aug-17;Lunes;19;NA;45;NA;;;;;;
8-Aug-17;Martes;19;NA;46;NA;;;;;;
9-Aug-17;Miercoles;19;NA;46;NA;;;;;;
10-Aug-17;Jueves;19;NA;48;NA;;;;;;
11-Aug-17;Viernes;20;NA;50;NA;;;;;;
14-Aug-17;Lunes;22;NA;48;NA;;;;;;
15-Aug-17;Martes;21;NA;50;NA;;;;;;
16-Aug-17;Miercoles;19;NA;49;NA;;;;;;
17-Aug-17;Jueves;20;NA;52;NA;;;;;;
18-Aug-17;Viernes;22;NA;48;NA;;;;;;
21-Aug-17;Lunes;17;NA;42;NA;;;;;;
22-Aug-17;Martes;17;NA;45;NA;;;;;;
23-Aug-17;Miercoles;20;NA;46;NA;;;;;;
24-Aug-17;Jueves;22;NA;46;NA;;;;;;
25-Aug-17;Viernes;20;NA;37;NA;;;;;;
28-Aug-17;Lunes;21;NA;48;NA;;;;;;
29-Aug-17;Martes;20;NA;53;NA;;;;;;
30-Aug-17;Miercoles;22;NA;49;NA;;;;;;
31-Aug-17;Jueves;21;NA;50;NA;;;;;;
1-sept-17;Viernes;20;NA;48;NA;;;;;;
4-sept-17;Lunes;19;NA;50;NA;;;;;;
5-sept-17;Martes;20;NA;51;NA;;;;;;
6-sept-17;Miercoles;20;NA;48;NA;;;;;;
7-sept-17;Jueves;21;NA;47;NA;;;;;;
8-sept-17;Viernes;20;NA;51;NA;;;;;;
11-sept-17;Lunes;21;NA;50;NA;;;;;;
12-sept-17;Martes;22;NA;48;NA;;;;;;
13-sept-17;Miercoles;20;NA;48;NA;;;;;;
14-sept-17;Jueves;21;NA;53;NA;;;;;;
15-sept-17;Viernes;20;NA;49;NA;;;;;;
18-sept-17;Lunes;19;NA;50;NA;;;;;;
19-sept-17;Martes;20;NA;51;NA;;;;;;
20-sept-17;Miercoles;22;NA;48;NA;;;;;;
21-sept-17;Jueves;22;NA;53;NA;;;;;;
22-sept-17;Viernes;20;NA;51;NA;;;;;;
25-sept-17;Lunes;20;NA;52;NA;;;;;;
26-sept-17;Martes;21;NA;48;NA;;;;;;
27-sept-17;Miercoles;19;NA;61;NA;;;;;;
28-sept-17;Jueves;20;NA;54;NA;;;;;;
29-sept-17;Viernes;16;NA;41;NA;;;;;;
2-oct-17;Lunes;20;NA;49;NA;;;;;;
3-oct-17;Martes;21;NA;53;NA;;;;;;
4-oct-17;Miercoles;21;NA;53;NA;;;;;;
5-oct-17;Jueves;20;NA;50;NA;;;;;;
6-oct-17;Viernes;19;NA;48;NA;;;;;;
9-oct-17;Lunes;21;NA;53;NA;;;;;;
10-oct-17;Martes;22;NA;51;NA;;;;;;
11-oct-17;Miercoles;21;NA;48;NA;;;;;;
12-oct-17;Jueves;20;NA;53;NA;;;;;;
13-oct-17;Viernes;20;NA;48;NA;;;;;;
16-oct-17;Lunes;20;NA;37;NA;;;;;;
17-oct-17;Martes;20;NA;48;NA;;;;;;
18-oct-17;Miercoles;21;NA;45;NA;;;;;;
19-oct-17;Jueves;22;NA;45;NA;;;;;;
20-oct-17;Viernes;20;NA;49;NA;;;;;;
23-oct-17;Lunes;20;NA;38;NA;;;;;;
24-oct-17;Martes;22;NA;49;NA;;;;;;
25-oct-17;Miercoles;20;NA;53;NA;;;;;;
26-oct-17;Jueves;22;NA;48;NA;;;;;;
27-oct-17;Viernes;21;NA;38;NA;;;;;;
30-oct-17;Lunes;20;NA;45;NA;;;;;;
31-oct-17;Martes;21;NA;43;NA;;;;;;
1-nov-17;Miercoles;19;NA;45;NA;;;;;;
2-nov-17;Jueves;20;NA;46;NA;;;;;;
3-nov-17;Viernes;21;NA;52;NA;;;;;;
6-nov-17;Lunes;22;NA;50;NA;;;;;;
7-nov-17;Martes;16;NA;40;NA;;;;;;
8-nov-17;Miercoles;19;NA;48;NA;;;;;;
9-nov-17;Jueves;18;NA;47;NA;;;;;;
10-nov-17;Viernes;16;NA;44;NA;;;;;;
13-nov-17;Lunes;21;NA;49;NA;;;;;;
14-nov-17;Martes;21;NA;48;NA;;;;;;
15-nov-17;Miercoles;22;NA;48;NA;;;;;;
16-nov-17;Jueves;19;NA;47;NA;;;;;;
17-nov-17;Viernes;21;NA;45;NA;;;;;;
20-nov-17;Lunes;21;NA;56;NA;;;;;;
21-nov-17;Martes;21;NA;46;NA;;;;;;
22-nov-17;Miercoles;23;NA;50;NA;;;;;;
23-nov-17;Jueves;19;NA;36;NA;;;;;;
24-nov-17;Viernes;;NA;;NA;;;;;;
27-nov-17;Lunes;22;NA;42;NA;;;;;;
28-nov-17;Martes;23;NA;36;NA;;;;;;
29-nov-17;Miercoles;20;NA;34;NA;;;;;;
30-nov-17;Jueves;20;NA;36;NA;;;;;;
1-Dec-17;Viernes;20;NA;38;NA;;;;;;
4-Dec-17;Lunes;21;NA;36;NA;;;;;;
5-Dec-17;Martes;22;NA;49;NA;;;;;;
6-Dec-17;Miercoles;23;NA;47;NA;;;;;;
7-Dec-17;Jueves;20;NA;48;NA;;;;;;
8-Dec-17;Viernes;22;NA;47;NA;;;;;;
11-Dec-17;Lunes;21;NA;50;NA;;;;;;
12-Dec-17;Martes;20;NA;49;NA;;;;;;
13-Dec-17;Miercoles;19;NA;48;NA;;;;;;
14-Dec-17;Jueves;22;NA;42;NA;;;;;;
15-Dec-17;Viernes;20;NA;43;NA;;;;;;
18-Dec-17;Lunes;22;NA;47;NA;;;;;;
19-Dec-17;Martes;23;NA;50;NA;;;;;;
20-Dec-17;Miercoles;21;NA;48;NA;;;;;;
21-Dec-17;Jueves;22;NA;43;NA;;;;;;
22-Dec-17;Viernes;20;NA;42;NA;;;;;;
25-Dec-17;Lunes;20;NA;42;NA;;;;;;
26-Dec-17;Martes;19;NA;43;NA;;;;;;
27-Dec-17;Miercoles;21;NA;42;NA;;;;;;
28-Dec-17;Jueves;20;NA;37;NA;;;;;;
29-Dec-17;Viernes;21;NA;38;NA;;;;;;
2-Jan-18;Lunes;18;NA;35;NA;;;;;;
2-Jan-18;Martes;19;NA;47;NA;;;;;;
3-Jan-18;Miercoles;20;NA;41;NA;;;;;;
4-Jan-18;Jueves;20;NA;36;NA;;;;;;
5-Jan-18;Viernes;19;NA;35;NA;;;;;;
8-Jan-18;Lunes;18;NA;36;NA;;;;;;
9-Jan-18;Martes;20;NA;34;NA;;;;;;
10-Jan-18;Miercoles;21;NA;28;NA;;;;;;
11-Jan-18;Jueves;22;NA;36;NA;;;;;;
12-Jan-18;Viernes;23;NA;35;NA;;;;;;
15-Jan-18;Lunes;23;NA;35;NA;;;;;;
16-Jan-18;Martes;25;NA;34;NA;;;;;;
17-Jan-18;Miercoles;18;NA;31;NA;;;;;;
18-Jan-18;Jueves;24;NA;33;NA;;;;;;
19-Jan-18;Viernes;24;NA;34;NA;;;;;;
22-Jan-18;Lunes;23;NA;34;NA;;;;;;
23-Jan-18;Martes;24;NA;36;NA;;;;;;
24-Jan-18;Miercoles;23;NA;36;NA;;;;;;
25-Jan-18;Jueves;23;NA;36;NA;;;;;;
26-Jan-18;Viernes;22;NA;36;NA;;;;;;
29-Jan-18;Lunes;23;NA;38;NA;;;;;;
30-Jan-18;Martes;22;NA;38;NA;;;;;;
31-Jan-18;Miercoles;24;NA;39;NA;;;;;;
1-feb-18;Jueves;21;NA;38;NA;;;;;;
2-feb-18;Viernes;24;NA;39;NA;;;;;;
5-feb-18;Lunes;21;NA;38;NA;;;;;;
6-feb-18;Martes;22;NA;37;NA;;;;;;
7-feb-18;Miercoles;21;NA;38;NA;;;;;;
8-feb-18;Jueves;22;NA;34;NA;;;;;;
9-feb-18;Viernes;21;NA;36;NA;;;;;;
12-feb-18;Lunes;21;NA;38;NA;;;;;;
13-feb-18;Martes;;NA;;NA;;;;;;
14-feb-18;Miercoles;21;NA;48;NA;;;;;;
15-feb-18;Jueves;22;NA;35;NA;;;;;;
16-feb-18;Viernes;21;NA;48;NA;;;;;;
19-feb-18;Lunes;20;NA;47;NA;;;;;;
20-feb-18;Martes;20;NA;36;NA;;;;;;
21-feb-18;Miercoles;22;NA;37;NA;;;;;;
22-feb-18;Jueves;22;NA;47;NA;;;;;;
23-feb-18;Viernes;23;NA;47;NA;;;;;;
26-feb-18;Lunes;24;NA;51;NA;;;;;;
27-feb-18;Martes;22;NA;42;NA;;;;;;
28-feb-18;Miercoles;24;NA;42;NA;;;;;;
1-mar-18;Jueves;21;NA;39;NA;;;;;;
2-mar-18;Viernes;22;NA;37;NA;;;;;;
5-mar-18;Lunes;21;NA;39;NA;;;;;;
6-mar-18;Martes;22;NA;41;NA;;;;;;
7-mar-18;Miercoles;22;NA;48;NA;;;;;;
8-mar-18;Jueves;21;NA;35;NA;;;;;;
9-mar-18;Viernes;21;NA;40;NA;;;;;;
12-mar-18;Lunes;21;NA;43;NA;;;;;;
13-mar-18;Martes;24;NA;44;NA;;;;;;
14-mar-18;Miercoles;22;NA;36;NA;;;;;;
15-mar-18;Jueves;23;NA;40;NA;;;;;;
16-mar-18;Viernes;21;NA;38;NA;;;;;;
19-mar-18;Lunes;22;NA;38;NA;;;;;;
20-mar-18;Martes;22;NA;35;NA;;;;;;
21-mar-18;Miercoles;21;NA;35;NA;;;;;;
22-mar-18;Jueves;24;NA;43;NA;;;;;;
23-mar-18;Viernes;22;NA;38;NA;;;;;;
26-mar-18;Lunes;22;NA;36;NA;;;;;;
27-mar-18;Martes;21;NA;34;NA;;;;;;
28-mar-18;Miercoles;22;NA;38;NA;;;;;;
29-mar-18;Jueves;21;NA;37;NA;;;;;;
30-mar-18;Viernes;23;NA;36;NA;;;;;;
2-Apr-18;Lunes;22;NA;34;NA;;;;;;
3-Apr-18;Martes;21;NA;38;NA;;;;;;
4-Apr-18;Miercoles;21;NA;38;NA;;;;;;
5-Apr-18;Jueves;19;NA;39;NA;;;;;;
6-Apr-18;Viernes;20;NA;36;NA;;;;;;
9-Apr-18;Lunes;21;NA;36;NA;;;;;;
10-Apr-18;Martes;23;NA;35;NA;;;;;;
11-Apr-18;Miercoles;22;NA;39;NA;;;;;;
12-Apr-18;Jueves;21;NA;38;NA;;;;;;
13-Apr-18;Viernes;22;NA;38;NA;;;;;;
16-Apr-18;Lunes;22;NA;39;NA;;;;;;
17-Apr-18;Martes;21;NA;40;NA;;;;;;
18-Apr-18;Miercoles;20;NA;34;NA;;;;;;
19-Apr-18;Jueves;19;NA;38;NA;;;;;;
20-Apr-18;Viernes;21;NA;39;NA;;;;;;
23-Apr-18;Lunes;22;NA;36;NA;;;;;;
24-Apr-18;Martes;21;NA;38;NA;;;;;;
25-Apr-18;Miercoles;19;NA;34;NA;;;;;;
26-Apr-18;Jueves;20;NA;39;NA;;;;;;
27-Apr-18;Viernes;20;NA;39;NA;;;;;;
30-Apr-18;Lunes;21;NA;42;NA;;;;;;
1-may-18;Martes;22;NA;43;NA;;;;;;
2-may-18;Miercoles;23;NA;38;NA;;;;;;
3-may-18;Jueves;23;NA;38;NA;;;;;;
4-may-18;Viernes;21;NA;39;NA;;;;;;
7-may-18;Lunes;20;NA;41;NA;;;;;;
8-may-18;Martes;19;NA;41;NA;;;;;;
9-may-18;Miercoles;21;NA;40;NA;;;;;;
10-may-18;Jueves;20;NA;39;NA;;;;;;
11-may-18;Viernes;19;NA;39;NA;;;;;;
14-may-18;Lunes;18;NA;38;NA;;;;;;
15-may-18;Martes;18;NA;36;NA;;;;;;
16-may-18;Miercoles;17;NA;34;NA;;;;;;
17-may-18;Jueves;20;NA;34;NA;;;;;;
18-may-18;Viernes;22;NA;36;NA;;;;;;
21-may-18;Lunes;19;NA;37;NA;;;;;;
22-may-18;Martes;22;NA;38;NA;;;;;;
23-may-18;Miercoles;19;NA;35;NA;;;;;;
24-may-18;Jueves;19;NA;40;NA;;;;;;
25-may-18;Viernes;;NA;;NA;;;;;;
28-may-18;Lunes;20;NA;45;NA;;;;;;
29-may-18;Martes;20;NA;48;NA;;;;;;
30-may-18;Miercoles;20;NA;52;NA;;;;;;
31-may-18;Jueves;20;NA;51;NA;;;;;;
1-jun-18;Viernes;20;NA;47;NA;;;;;;
4-jun-18;Lunes;21;NA;43;NA;;;;;;
5-jun-18;Martes;21;NA;48;NA;;;;;;
6-jun-18;Miercoles;20;NA;47;NA;;;;;;
7-jun-18;Jueves;19;NA;37;NA;;;;;;
8-jun-18;Viernes;20;NA;45;NA;;;;;;
11-jun-18;Lunes;21;NA;46;NA;;;;;;
12-jun-18;Martes;22;NA;45;NA;;;;;;
13-jun-18;Miercoles;21;NA;48;NA;;;;;;
14-jun-18;Jueves;20;NA;43;NA;;;;;;
15-jun-18;Viernes;21;NA;41;NA;;;;;;
18-jun-18;Lunes;21;NA;57;NA;;;;;;
19-jun-18;Martes;21;NA;49;NA;;;;;;
20-jun-18;Miercoles;20;NA;50;NA;;;;;;
21-jun-18;Jueves;21;NA;45;NA;;;;;;
22-jun-18;Viernes;23;NA;49;NA;;;;;;
25-jun-18;Lunes;20;NA;51;NA;;;;;;
26-jun-18;Martes;21;NA;50;NA;;;;;;
27-jun-18;Miercoles;21;NA;50;NA;;;;;;
28-jun-18;Jueves;20;NA;47;NA;;;;;;
29-jun-18;Viernes;23;NA;48;NA;;;;;;
2-jul-18;Lunes;23;NA;48;NA;;;;;;
3-jul-18;Martes;22;NA;50;NA;;;;;;
4-jul-18;Miercoles;23;NA;38;NA;;;;;;
5-jul-18;Jueves;20;NA;39;NA;;;;;;
6-jul-18;Viernes;21;NA;48;NA;;;;;;
9-jul-18;Lunes;21;NA;47;NA;;;;;;
10-jul-18;Martes;20;NA;50;NA;;;;;;
11-jul-18;Miercoles;22;NA;49;NA;;;;;;
12-jul-18;Jueves;23;NA;50;NA;;;;;;
13-jul-18;Viernes;20;NA;51;NA;;;;;;
16-jul-18;Lunes;21;NA;48;NA;;;;;;
17-jul-18;Martes;21;NA;51;NA;;;;;;
18-jul-18;Miercoles;22;NA;53;NA;;;;;;
19-jul-18;Jueves;21;NA;49;NA;;;;;;
20-jul-18;Viernes;20;NA;40;NA;;;;;;
23-jul-18;Lunes;21;NA;52;NA;;;;;;
24-jul-18;Martes;21;NA;40;NA;;;;;;
25-jul-18;Miercoles;21;NA;36;NA;;;;;;
26-jul-18;Jueves;20;NA;38;NA;;;;;;
27-jul-18;Viernes;20;NA;39;NA;;;;;;
30-jul-18;Lunes;18;NA;38;NA;;;;;;
31-jul-18;Martes;17;NA;37;NA;;;;;;
1-Aug-18;Miercoles;17;NA;39;NA;;;;;;
2-Aug-18;Jueves;17;NA;37;NA;;;;;;
3-Aug-18;Viernes;17;NA;41;NA;;;;;;
6-Aug-18;Lunes;17;NA;40;NA;;;;;;
7-Aug-18;Martes;20;NA;37;NA;;;;;;
8-Aug-18;Miercoles;21;NA;38;NA;;;;;;
9-Aug-18;Jueves;22;NA;41;NA;;;;;;
10-Aug-18;Viernes;22;NA;40;NA;;;;;;
13-Aug-18;Lunes;24;NA;42;NA;;;;;;
14-Aug-18;Martes;23;NA;38;NA;;;;;;
15-Aug-18;Miercoles;22;NA;42;NA;;;;;;
16-Aug-18;Jueves;22;NA;41;NA;;;;;;
17-Aug-18;Viernes;20;NA;37;NA;;;;;;
20-Aug-18;Lunes;22;NA;38;NA;;;;;;
21-Aug-18;Martes;21;NA;37;NA;;;;;;
22-Aug-18;Miercoles;22;NA;38;NA;;;;;;
23-Aug-18;Jueves;21;NA;37;NA;;;;;;
24-Aug-18;Viernes;19;NA;37;NA;;;;;;
27-Aug-18;Lunes;20;NA;38;NA;;;;;;
28-Aug-18;Martes;20;NA;38;NA;;;;;;
29-Aug-18;Miercoles;19;NA;37;NA;;;;;;
30-Aug-18;Jueves;20;NA;37;NA;;;;;;
31-Aug-18;Viernes;21;NA;43;NA;;;;;;
3-sept-18;Lunes;20;NA;38;NA;;;;;;
4-sept-18;Martes;20;NA;35;NA;;;;;;
5-sept-18;Miercoles;20;NA;36;NA;;;;;;
6-sept-18;Jueves;20;NA;36;NA;;;;;;
7-sept-18;Viernes;23;NA;39;NA;;;;;;
10-sept-18;Lunes;20;NA;36;NA;;;;;;
11-sept-18;Martes;21;NA;39;NA;;;;;;
12-sept-18;Miercoles;19;NA;40;NA;;;;;;
13-sept-18;Jueves;21;NA;38;NA;;;;;;
14-sept-18;Viernes;23;NA;37;NA;;;;;;
17-sept-18;Lunes;22;NA;35;NA;;;;;;
18-sept-18;Martes;22;NA;39;NA;;;;;;
19-sept-18;Miercoles;20;NA;39;NA;;;;;;
20-sept-18;Jueves;21;NA;40;NA;;;;;;
21-sept-18;Viernes;20;NA;39;NA;;;;;;
24-sept-18;Lunes;21;NA;39;NA;;;;;;
25-sept-18;Martes;20;NA;40;NA;;;;;;
26-sept-18;Miercoles;19;NA;39;NA;;;;;;
27-sept-18;Jueves;22;NA;38;NA;;;;;;
28-sept-18;Viernes;21;NA;36;NA;;;;;;
1-oct-18;Lunes;21;NA;38;NA;;;;;;
2-oct-18;Martes;22;NA;39;NA;;;;;;
3-oct-18;Miercoles;21;NA;38;NA;;;;;;
4-oct-18;Jueves;20;NA;38;NA;;;;;;
5-oct-18;Viernes;20;NA;36;NA;;;;;;
8-oct-18;Lunes;21;NA;38;NA;;;;;;
9-oct-18;Martes;19;NA;39;NA;;;;;;
10-oct-18;Miercoles;20;NA;38;NA;;;;;;
11-oct-18;Jueves;21;NA;36;NA;;;;;;
12-oct-18;Viernes;21;NA;39;NA;;;;;;
15-oct-18;Lunes;21;NA;36;NA;;;;;;
16-oct-18;Martes;20;NA;39;NA;;;;;;
17-oct-18;Miercoles;20;NA;36;NA;;;;;;
18-oct-18;Jueves;21;NA;39;NA;;;;;;
19-oct-18;Viernes;22;NA;38;NA;;;;;;
22-oct-18;Lunes;21;NA;39;NA;;;;;;
23-oct-18;Martes;20;NA;39;NA;;;;;;
24-oct-18;Miercoles;20;NA;39;NA;;;;;;
25-oct-18;Jueves;21;NA;36;NA;;;;;;
26-oct-18;Viernes;22;NA;38;NA;;;;;;
29-oct-18;Lunes;20;NA;40;NA;;;;;;
30-oct-18;Martes;21;NA;39;NA;;;;;;
31-oct-18;Miercoles;21;NA;38;NA;;;;;;
1-nov-18;Jueves;21;NA;39;NA;;;;;;
2-nov-18;Viernes;22;NA;38;NA;;;;;;
5-nov-18;Lunes;22;NA;40;NA;;;;;;
6-nov-18;Martes;22;NA;38;NA;;;;;;
7-nov-18;Miercoles;22;NA;37;NA;;;;;;
8-nov-18;Jueves;21;NA;40;NA;;;;;;
9-nov-18;Viernes;22;NA;38;NA;;;;;;
12-nov-18;Lunes;22;NA;35;NA;;;;;;
13-nov-18;Martes;22;NA;33;NA;;;;;;
14-nov-18;Miercoles;22;NA;32;NA;;;;;;
15-nov-18;Jueves;22;NA;33;NA;;;;;;
16-nov-18;Viernes;22;NA;32;NA;;;;;;
19-nov-18;Lunes;22;NA;32;NA;;;;;;
20-nov-18;Martes;22;NA;32;NA;;;;;;
21-nov-18;Miercoles;22;NA;32;NA;;;;;;
22-nov-18;Jueves;23;NA;32;NA;;;;;;
23-nov-18;Viernes;23;NA;32;NA;;;;;;
26-nov-18;Lunes;23;NA;32;NA;;;;;;
27-nov-18;Martes;22;NA;32;NA;;;;;;
28-nov-18;Miercoles;21;NA;33;NA;;;;;;
29-nov-18;Jueves;22;NA;30;NA;;;;;;
30-nov-18;Viernes;21;NA;36;NA;;;;;;
3-Dec-18;Lunes;22;NA;32;NA;;;;;;
4-Dec-18;Martes;21;NA;32;NA;;;;;;
5-Dec-18;Miercoles;21;NA;33;NA;;;;;;
6-Dec-18;Jueves;20;NA;31;NA;;;;;;
7-Dec-18;Viernes;20;NA;33;NA;;;;;;
10-Dec-18;Lunes;21;NA;34;NA;;;;;;
11-Dec-18;Martes;22;NA;33;NA;;;;;;
12-Dec-18;Miercoles;22;NA;36;NA;;;;;;
13-Dec-18;Jueves;21;NA;38;NA;;;;;;
14-Dec-18;Viernes;23;NA;33;NA;;;;;;
17-Dec-18;Lunes;21;NA;36;NA;;;;;;
18-Dec-18;Martes;23;NA;33;NA;;;;;;
19-Dec-18;Miercoles;23;NA;32;NA;;;;;;
20-Dec-18;Jueves;24;NA;32;NA;;;;;;
21-Dec-18;Viernes;23;NA;32;NA;;;;;;
23-Dec-18;Domingo;23;NA;32;NA;;;;;;
25-Dec-18;Martes;24;NA;32;NA;;;;;;
27-Dec-18;Jueves;24;NA;32;NA;;;;;;
29-Dec-18;Sábado;24;NA;31;NA;;;;;;
31-Dec-18;Lunes;25;NA;31;NA;;;;;;
2-Jan-19;Miercoles;24;NA;31;NA;;;;;;
3-Jan-19;Jueves;24;NA;31;NA;;;;;;
4-Jan-19;Viernes;23;NA;31;NA;;;;;;
7-Jan-19;Lunes;23;NA;32;NA;;;;;;
8-Jan-19;Martes;25;NA;31;NA;;;;;;
9-Jan-19;Miercoles;25;NA;31;NA;;;;;;
10-Jan-19;Jueves;23;NA;32;NA;;;;;;
11-Jan-19;Viernes;21;NA;38;NA;;;;;;
14-Jan-19;Lunes;23;NA;31;NA;;;;;;
15-Jan-19;Martes;24;NA;32;NA;;;;;;
16-Jan-19;Miercoles;24;NA;31;NA;;;;;;
17-Jan-19;Jueves;23;NA;38;NA;;;;;;
18-Jan-19;Viernes;23;NA;36;NA;;;;;;
21-Jan-19;Lunes;23;NA;36;NA;;;;;;
22-Jan-19;Martes;22;NA;38;NA;;;;;;
23-Jan-19;Miercoles;24;NA;31;NA;;;;;;
24-Jan-19;Jueves;;NA;;NA;;;;;;
25-Jan-19;Viernes;21;NA;38;NA;;;;;;
28-Jan-19;Lunes;21;NA;34;NA;;;;;;
29-Jan-19;Martes;22;NA;34;NA;;;;;;
30-Jan-19;Miercoles;22;NA;33;NA;;;;;;
31-Jan-19;Jueves;22;NA;33;NA;;;;;;
1-feb-19;Viernes;22;NA;33;NA;;;;;;
4-feb-19;Lunes;21;NA;34;NA;;;;;;
5-feb-19;Martes;23;NA;32;NA;;;;;;
6-feb-19;Miercoles;21;NA;33;NA;;;;;;
7-feb-19;Jueves;21;NA;35;NA;;;;;;
8-feb-19;Viernes;21;NA;36;NA;;;;;;
11-feb-19;Lunes;22;NA;32;NA;;;;;;
12-feb-19;Martes;21;NA;38;NA;;;;;;
13-feb-19;Miercoles;23;NA;36;NA;;;;;;
14-feb-19;Jueves;23;NA;35;NA;;;;;;
15-feb-19;Viernes;24;NA;37;NA;;;;;;
18-feb-19;Lunes;24;NA;36;NA;;;;;;
19-feb-19;Martes;23;NA;38;NA;;;;;;
20-feb-19;Miercoles;22;NA;36;NA;;;;;;
21-feb-19;Jueves;23;NA;36;NA;;;;;;
22-feb-19;Viernes;22;NA;37;NA;;;;;;
25-feb-19;Lunes;21;NA;36;NA;;;;;;
26-feb-19;Martes;22;NA;35;NA;;;;;;
27-feb-19;Miercoles;21;NA;36;NA;;;;;;
28-feb-19;Jueves;22;NA;38;NA;;;;;;
1-mar-19;Viernes;23;NA;31;NA;;;;;;
4-mar-19;Lunes;21;NA;37;NA;;;;;;
5-mar-19;Martes;22;NA;36;NA;;;;;;
6-mar-19;Miercoles;25;NA;30;NA;;;;;;
7-mar-19;Jueves;25;NA;30;NA;;;;;;
8-mar-19;Viernes;23;NA;31;NA;;;;;;
11-mar-19;Lunes;24;NA;31;NA;;;;;;
12-mar-19;Martes;25;NA;31;NA;;;;;;
13-mar-19;Miercoles;23;NA;31;NA;;;;;;
14-mar-19;Jueves;23;NA;30;NA;;;;;;
15-mar-19;Viernes;24;NA;31;NA;;;;;;
18-mar-19;Lunes;21;NA;31;NA;;;;;;
19-mar-19;Martes;22;NA;31;NA;;;;;;
20-mar-19;Miercoles;22;NA;30;NA;;;;;;
21-mar-19;Jueves;21;NA;31;NA;;;;;;
22-mar-19;Viernes;21;NA;32;NA;;;;;;
25-mar-19;Lunes;21;NA;32;NA;;;;;;
26-mar-19;Martes;23;NA;31;NA;;;;;;
27-mar-19;Miercoles;22;NA;33;NA;;;;;;
28-mar-19;Jueves;22;NA;33;NA;;;;;;
29-mar-19;Viernes;21;NA;32;NA;;;;;;
1-Apr-19;Lunes;21;NA;33;NA;;;;;;
2-Apr-19;Martes;19;NA;35;NA;;;;;;
3-Apr-19;Miercoles;19;NA;35;NA;;;;;;
4-Apr-19;Jueves;20;NA;36;NA;;;;;;
5-Apr-19;Viernes;21;NA;35;NA;;;;;;
8-Apr-19;Lunes;22;NA;34;NA;;;;;;
9-Apr-19;Martes;21;NA;36;NA;;;;;;
10-Apr-19;Miercoles;20;NA;34;NA;;;;;;
11-Apr-19;Jueves;22;NA;34;NA;;;;;;
12-Apr-19;Viernes;22;NA;36;NA;;;;;;
15-Apr-19;Lunes;24;NA;36;NA;;;;;;
16-Apr-19;Martes;25;NA;36;NA;;;;;;
17-Apr-19;Miercoles;22;NA;34;NA;;;;;;
18-Apr-19;Jueves;21;NA;35;NA;;;;;;
19-Apr-19;Viernes;;NA;;NA;;;;;;
22-Apr-19;Lunes;20;NA;44;NA;;;;;;
23-Apr-19;Martes;20;NA;37;NA;;;;;;
24-Apr-19;Miercoles;20;NA;35;NA;;;;;;
25-Apr-19;Jueves;20;NA;35;NA;;;;;;
26-Apr-19;Viernes;29;NA;34;NA;;;;;;
29-Apr-19;Lunes;19;NA;40;NA;;;;;;
30-Apr-19;Martes;20;NA;39;NA;;;;;;
1-may-19;Miercoles;22;NA;34;NA;;;;;;
2-may-19;Jueves;20;NA;36;NA;;;;;;
3-may-19;Viernes;;NA;;NA;;;;;;
6-may-19;Lunes;19;NA;50;NA;;;;;;
7-may-19;Martes;22;NA;37;NA;;;;;;
8-may-19;Miercoles;21;NA;37;NA;;;;;;
9-may-19;Jueves;21;NA;37;NA;;;;;;
10-may-19;Viernes;21;NA;37;NA;;;;;;
13-may-19;Lunes;21;NA;39;NA;;;;;;
14-may-19;Martes;22;NA;35;NA;;;;;;
15-may-19;Miercoles;22;NA;35;NA;;;;;;
16-may-19;Jueves;22;NA;35;NA;;;;;;
17-may-19;Viernes;22;NA;35;NA;;;;;;
20-may-19;Lunes;21;NA;37;NA;;;;;;
21-may-19;Martes;21;NA;36;NA;;;;;;
22-may-19;Miercoles;22;NA;39;NA;;;;;;
23-may-19;Jueves;21;NA;33;NA;;;;;;
24-may-19;Viernes;20;NA;40;NA;;;;;;
27-may-19;Lunes;20;NA;40;NA;;;;;;
28-may-19;Martes;21;NA;34;NA;;;;;;
29-may-19;Miercoles;21;NA;38;NA;;;;;;
30-may-19;Jueves;21;NA;34;NA;;;;;;
31-may-19;Viernes;21;NA;33;NA;;;;;;
3-jun-19;Lunes;20;NA;38;NA;;;;;;
4-jun-19;Martes;21;NA;37;NA;;;;;;
5-jun-19;Miercoles;21;NA;37;NA;;;;;;
6-jun-19;Jueves;21;NA;35;NA;;;;;;
7-jun-19;Viernes;21;NA;36;NA;;;;;;
10-jun-19;Lunes;21;NA;36;NA;;;;;;
11-jun-19;Martes;20;NA;35;NA;;;;;;
12-jun-19;Miercoles;20;NA;35;NA;;;;;;
13-jun-19;Jueves;20;NA;38;NA;;;;;;
14-jun-19;Viernes;21;NA;38;NA;;;;;;
17-jun-19;Lunes;21;NA;40;NA;;;;;;
18-jun-19;Martes;22;NA;42;NA;;;;;;
19-jun-19;Miercoles;22;NA;42;NA;;;;;;
20-jun-19;Jueves;21;NA;45;NA;;;;;;
21-jun-19;Viernes;21;NA;62;NA;;;;;;
24-jun-19;Lunes;21;NA;62;NA;;;;;;
25-jun-19;Martes;21;NA;40;NA;;;;;;
26-jun-19;Miercoles;21;NA;41;NA;;;;;;
27-jun-19;Jueves;20;NA;44;NA;;;;;;
28-jun-19;Viernes;22;NA;38;NA;;;;;;
1-jul-19;Lunes;21;NA;38;NA;;;;;;
2-jul-19;Martes;22;NA;39;NA;;;;;;
3-jul-19;Miercoles;20;NA;39;NA;;;;;;
4-jul-19;Jueves;20;NA;47;NA;;;;;;
5-jul-19;Viernes;21;NA;45;NA;;;;;;
8-jul-19;Lunes;22;NA;42;NA;;;;;;
9-jul-19;Martes;21;NA;42;NA;;;;;;
10-jul-19;Miercoles;20;NA;45;NA;;;;;;
11-jul-19;Jueves;22;NA;40;NA;;;;;;
12-jul-19;Viernes;20;NA;39;NA;;;;;;
15-jul-19;Lunes;22;NA;45;NA;;;;;;
16-jul-19;Martes;23;NA;45;NA;;;;;;
17-jul-19;Miercoles;23;NA;38;NA;;;;;;
18-jul-19;Jueves;22;NA;40;NA;;;;;;
19-jul-19;Viernes;20;NA;44;NA;;;;;;
22-jul-19;Lunes;21;NA;45;NA;;;;;;
23-jul-19;Martes;21;NA;47;NA;;;;;;
24-jul-19;Miercoles;21;NA;45;NA;;;;;;
25-jul-19;Jueves;21;NA;64;NA;;;;;;
26-jul-19;Viernes;20;NA;50;NA;;;;;;
29-jul-19;lunes;21;NA;61;NA;;;;;;
30-jul-19;martes;20;NA;49;NA;;;;;;
31-jul-19;miercoles;20;NA;48;NA;;;;;;
1-ago-19;jueves;21;NA;45;NA;;;;;;
2-ago-19;viernes;20;NA;47;NA;;;;;;
5-ago-19;lunes;20;NA;59;NA;;;;;;
6-ago-19;martes;20;NA;47;NA;;;;;;
7-ago-19;miercoles;20;NA;47;NA;;;;;;
8-ago-19;jueves;20;NA;55;NA;;;;;;
9-ago-19;viernes;;NA;;NA;;;;;;
12-ago-19;lunes;20;NA;48;NA;;;;;;
13-ago-19;martes;21;NA;52;NA;;;;;;
14-ago-19;miercoles;20;NA;48;NA;;;;;;
15-ago-19;jueves;20;NA;45;NA;;;;;;
16-ago-19;viernes;20;NA;43;NA;;;;;;
19-ago-19;lunes;20;NA;48;NA;;;;;;
20-ago-19;martes;21;NA;40;NA;;;;;;
21-ago-19;miercoles;21;NA;38;NA;;;;;;
22-ago-19;jueves;22;NA;37;NA;;;;;;
23-ago-19;viernes;22;NA;45;NA;;;;;;
26-ago-19;lunes;21;NA;45;NA;;;;;;
27-ago-19;martes;21;NA;44;NA;;;;;;
28-ago-19;miercoles;22;NA;43;NA;;;;;;
29-ago-19;jueves;21;NA;49;NA;;;;;;
30-ago-19;viernes;21;NA;50;NA;;;;;;
2-sept-19;lunes;;NA;;NA;;;;;;
3-sept-19;martes;;NA;;NA;;;;;;
4-sept-19;miercoles;21;NA;54;NA;;;;;;
5-sept-19;jueves;21;NA;49;NA;;;;;;
6-sept-19;viernes;21;NA;45;NA;;;;;;
9-sept-19;lunes;22;NA;52;NA;;;;;;
10-sept-19;martes;21;NA;45;NA;;;;;;
11-sept-19;miercoles;21;NA;45;NA;;;;;;
12-sept-19;jueves;21;NA;45;NA;;;;;;
13-sept-19;viernes;21;NA;44;NA;;;;;;
16-sept-19;lunes;21;NA;43;NA;;;;;;
17-sept-19;martes;21;NA;41;NA;;;;;;
18-sept-19;miercoles;23;NA;36;NA;;;;;;
19-sept-19;jueves;23;NA;36;NA;;;;;;
20-sept-19;viernes;23;NA;41;NA;;;;;;
23-sept-19;lunes;22;NA;44;NA;;;;;;
24-sept-19;martes;23;NA;35;NA;;;;;;
25-sept-19;miercoles;23;NA;34;NA;;;;;;
26-sept-19;jueves;22;NA;44;NA;;;;;;
27-sept-19;viernes;22;NA;38;NA;;;;;;
30-sept-19;Lunes;22;NA;47;NA;;;;;;
1-oct-19;Martes;22;NA;42;NA;;;;;;
2-oct-19;Miércoles;21;NA;40;NA;;;;;;
3-oct-19;Jueves;22;NA;40;NA;;;;;;
4-oct-19;Viernes;22;NA;42;NA;;;;;;
7-oct-19;Lunes;22;NA;46;NA;;;;;;
8-oct-19;Martes;23;NA;38;NA;;;;;;
9-oct-19;Miércoles;22;NA;41;NA;;;;;;
10-oct-19;Jueves;22;NA;42;NA;;;;;;
11-oct-19;Viernes;22;NA;43;NA;;;;;;
14-oct-19;Lunes;22;NA;42;NA;;;;;;
15-oct-19;Martes;22;NA;42;NA;;;;;;
16-oct-19;Miércoles;22;NA;40;NA;;;;;;
17-oct-19;Jueves;22;NA;41;NA;;;;;;
18-oct-19;Viernes;22;NA;36;NA;;;;;;
21-oct-19;Lunes;22;NA;37;NA;;;;;;
22-oct-19;Martes;21;NA;39;NA;;;;;;
23-oct-19;Miércoles;21;NA;39;NA;;;;;;
24-oct-19;Jueves;22;NA;36;NA;;;;;;
25-oct-19;Viernes;22;NA;35;NA;;;;;;
28-oct-19;Lunes;21;NA;34;NA;;;;;;
29-oct-19;Martes;22;NA;34;NA;;;;;;
30-oct-19;Miércoles;21;NA;37;NA;;;;;;
31-oct-19;Jueves;22;NA;35;NA;;;;;;
1-nov-19;Viernes;;NA;;NA;;;;;;
4-nov-19;Lunes;;NA;;NA;;;;;;
5-nov-19;Martes;21;NA;38;NA;;;;;;
6-nov-19;Miércoles;22;NA;35;NA;;;;;;
7-nov-19;Jueves;21;NA;34;NA;;;;;;
8-nov-19;Viernes;21;NA;35;NA;;;;;;
11-nov-19;Lunes;22;NA;33;NA;;;;;;
12-nov-19;Martes;23;NA;33;NA;;;;;;
13-nov-19;Miércoles;21;NA;36;NA;;;;;;
14-nov-19;Jueves;22;NA;34;NA;;;;;;
15-nov-19;Viernes;22;NA;33;NA;;;;;;
18-nov-19;Lunes;22;NA;42;NA;;;;;;
19-nov-19;Martes;23;NA;34;NA;;;;;;
20-nov-19;Miércoles;23;NA;34;NA;;;;;;
21-nov-19;Jueves;23;NA;33;NA;;;;;;
22-nov-19;Viernes;22;NA;36;NA;;;;;;
25-nov-19;Lunes;23;NA;33;NA;;;;;;
26-nov-19;Martes;23;NA;33;NA;;;;;;
27-nov-19;Miércoles;23;NA;33;NA;;;;;;
28-nov-19;Jueves;23;NA;33;NA;;;;;;
29-nov-19;Viernes;23;NA;32;NA;;;;;;
2-dic-19;Lunes;23;NA;35;NA;;;;;;
3-dic-19;Martes;23;NA;33;NA;;;;;;
4-dic-19;Miércoles;23;NA;33;NA;;;;;;
5-dic-19;Jueves;23;NA;33;NA;;;;;;
6-dic-19;Viernes;23;NA;32;NA;;;;;;
9-dic-19;Lunes;22;NA;31;NA;;;;;;
10-dic-19;Martes;23;NA;33;NA;;;;;;
11-dic-19;Miércoles;23;NA;33;NA;;;;;;
12-dic-19;Jueves;23;NA;32;NA;;;;;;
13-dic-19;Viernes;24;NA;32;NA;;;;;;
16-dic-19;Lunes;24;NA;32;NA;;;;;;
17-dic-19;Martes;23;NA;32;NA;;;;;;
18-dic-19;Miércoles;23;NA;32;NA;;;;;;
19-dic-19;Jueves;24;NA;32;NA;;;;;;
20-dic-19;Viernes;23;NA;32;NA;;;;;;
23-dic-19;Lunes;22;NA;33;NA;;;;;;
24-dic-19;Martes;23;NA;32;NA;;;;;;
25-dic-19;Miércoles;;NA;;NA;;;;;;
26-dic-19;Jueves;23;NA;38;NA;;;;;;
27-dic-19;Viernes;;NA;;NA;;;;;;
28-dic-19;sábado;23;NA;33;NA;;;;;;
29-dic-19;domingo;;NA;;NA;;;;;;
30-dic-19;lunes;23;NA;32;NA;;;;;;
31-dic-19;martes;;NA;;NA;;;;;;
1-ene-20;miércoles;23;NA;33;NA;;;;;;
2-ene-20;jueves;23;NA;32;NA;;;;;;
3-ene-20;viernes;23;NA;33;NA;;;;;;
5-ene-20;domingo;23;NA;34;NA;;;;;;
6-ene-20;lunes;24;NA;31;NA;;;;;;
7-ene-20;martes;23;NA;32;NA;;;;;;
8-ene-20;miércoles;23;NA;32;NA;;;;;;
9-ene-20;jueves;23;NA;32;NA;;;;;;
10-ene-20;viernes;22;NA;33;NA;;;;;;
13-ene-20;lunes;22;NA;45;NA;;;;;;
14-ene-20;martes;23;NA;35;NA;;;;;;
15-ene-20;miércoles;23;NA;34;NA;;;;;;
16-ene-20;jueves;23;NA;35;NA;;;;;;
17-ene-20;viernes;23;NA;34;NA;;;;;;
18-ene-20;sábado;;NA;;NA;;;;;;
19-ene-20;domingo;;NA;;NA;;;;;;
20-ene-20;lunes;22;NA;44;NA;;;;;;
21-ene-20;martes;23;NA;34;NA;;;;;;
22-ene-20;miércoles;23;NA;33;NA;;;;;;
23-ene-20;jueves;23;NA;31;NA;;;;;;
24-ene-20;viernes;23;NA;31;NA;;;;;;
25-ene-20;sábado;;NA;;NA;;;;;;
26-ene-20;domingo;;NA;;NA;;;;;;
27-ene-20;lunes;23;NA;30;NA;;;;;;
28-ene-20;martes;23;NA;29;NA;;;;;;
29-ene-20;miércoles;23;NA;29;NA;;;;;;
30-ene-20;jueves;23;NA;30;NA;;;;;;
31-ene-20;viernes;23;NA;29;NA;;;;;;
1-feb-20;sábado;;NA;;NA;;;;;;
2-feb-20;domingo;;NA;;NA;;;;;;
3-feb-20;lunes;22;NA;33;NA;;;;;;
4-feb-20;martes;23;NA;31;NA;;;;;; 
5-feb-20;miércoles;23;NA;30;NA;;;;;;
6-feb-20;jueves;23;NA;31;NA;;;;;;
7-feb-20;viernes;23;NA;30;NA;;;;;;
8-feb-20;sábado;;NA;;NA;;;;;;
9-feb-20;domingo;;NA;;NA;;;;;;
10-feb-20;lunes;22;NA;32;NA;;;;;;
11-feb-20;martes;23;NA;30;NA;;;;;;
12-feb-20;miércoles;23;NA;28;NA;;;;;;
13-feb-20;jueves;23;NA;28;NA;;;;;;
14-feb-20;viernes;23;NA;28;NA;;;;;;
15-feb-20;sábado;;NA;;NA;;;;;;
16-feb-20;domingo;;NA;;NA;;;;;;
17-feb-20;lunes;;NA;;NA;;;;;;
18-feb-20;martes;23;NA;32;NA;;;;;;
19-feb-20;miércoles;23;NA;30;NA;;;;;;
20-feb-20;jueves;23;NA;30;NA;;;;;;
21-feb-20;viernes;23;NA;28;NA;;;;;;
22-feb-20;sábado;;NA;;NA;;;;;;
23-feb-20;domingo;23;NA;30;NA;;;;;;
24-feb-20;lunes;;NA;;NA;;;;;;
25-feb-20;martes;22;NA;28;NA;;;;;;
26-feb-20;miércoles;22;NA;31;NA;;;;;;
27-feb-20;jueves;24;NA;29;NA;;;;;;
28-feb-20;viernes;22;NA;29;NA;;;;;;
29-feb-20;sábado;;NA;;NA;;;;;;
1-mar-20;domingo;;NA;;NA;;;;;;
2-mar-20;lunes;23;NA;32;NA;;;;;;
3-mar-20;martes;24;NA;30;NA;;;;;;
4-mar-20;miércoles;25;NA;28;NA;;;;;;
5-mar-20;jueves;25;NA;30;NA;;;;;;
6-mar-20;viernes;23;NA;28;NA;;;;;;
7-mar-20;sábado;;NA;;NA;;;;;;
8-mar-20;domingo;;NA;;NA;;;;;;
9-mar-20;lunes;22;NA;29;NA;;;;;;
10-mar-20;martes;22;NA;29;NA;;;;;;
11-mar-20;miércoles;22;NA;28;NA;;;;;;
12-mar-20;jueves;22;NA;28;NA;;;;;;
13-mar-20;viernes;22;NA;27;NA;;;;;;
14-mar-20;sábado;;NA;;NA;;;;;;
15-mar-20;domingo;22;NA;28;NA;;;;;;
16-mar-20;lunes;24;NA;29;NA;;;;;;
17-mar-20;martes;24;NA;28;NA;;;;;;
18-mar-20;miércoles;25;NA;28;NA;;;;;;
19-mar-20;jueves;;NA;;NA;;;;;;
20-mar-20;viernes;24;NA;31;NA;;;;;;
21-mar-20;sábado;;NA;;NA;;;;;;
22-mar-20;domingo;25;NA;30;NA;;;;;;
23-mar-20;lunes;;NA;;NA;;;;;;
24-mar-20;martes;24;NA;30;NA;;;;;;
25-mar-20;miércoles;;NA;;NA;;;;;;
26-mar-20;jueves;24;NA;31;NA;;;;;;
27-mar-20;viernes;;NA;;NA;;;;;;
28-mar-20;sábado;;NA;;NA;;;;;;
29-mar-20;domingo;24;NA;31;NA;;;;;;
30-mar-20;lunes;;NA;;NA;;;;;;
31-mar-20;martes;;NA;;NA;;;;;;
1-abr-20;miércoles;24;NA;31;NA;;;;;;
2-abr-20;jueves;;NA;;NA;;;;;;
3-abr-20;viernes;;NA;;NA;;;;;;
4-abr-20;sábado;;NA;;NA;;;;;;
5-abr-20;domingo;;NA;;NA;;;;;;
6-abr-20;lunes;23;NA;36;NA;;;;;;
7-abr-20;martes;;NA;;NA;;;;;;
8-abr-20;miércoles;24;NA;31;NA;;;;;;
9-abr-20;jueves;;NA;;NA;;;;;;
10-abr-20;viernes;;NA;;NA;;;;;;
11-abr-20;sábado;;NA;;NA;;;;;;
12-abr-20;domingo;24;NA;32;NA;;;;;;
13-abr-20;lunes;;NA;;NA;;;;;;
14-abr-20;martes;;NA;;NA;;;;;;
15-abr-20;miércoles;;NA;;NA;;;;;;
16-abr-20;jueves;23;NA;42;NA;;;;;;
17-abr-20;viernes;;NA;;NA;;;;;;
18-abr-20;sábado;;NA;;NA;;;;;;
19-abr-20;domingo;24;NA;40;NA;;;;;;
20-abr-20;lunes;;NA;;NA;;;;;;
21-abr-20;martes;;NA;;NA;;;;;;
22-abr-20;miércoles;24;NA;41;NA;;;;;;
23-abr-20;jueves;25;NA;32;NA;;;;;;
24-abr-20;viernes;;NA;;NA;;;;;;
25-abr-20;sábado;;NA;;NA;;;;;;
26-abr-20;domingo;24;25,2;44;44;;;;;;
27-abr-20;lunes;;;;;;;;;;
28-abr-20;martes;;;;;;;;;;
29-abr-20;miércoles;23;25;40;39;;;;;;
30-abr-20;jueves;;;;;;;;;;
1-may-20;viernes;;;;;;;;;;
2-may-20;sábado;;;;;;;;;;
3-may-20;domingo;23;24,2;40;42;;;;;;
4-may-20;lunes;;;;;;;;;;
5-may-20;martes;;;;;;;;;;
6-may-20;miércoles;24;24;34;36;;;;;;
7-may-20;jueves;;;;;;;;;;
8-may-20;viernes;;;;;;;;;;
9-may-20;sábado;;;;;;;;;;
10-may-20;domingo;23;23,9;35;38;;;;;;
11-may-20;lunes;;;;;;;;;;
12-may-20;martes;;;;;;;;;;
13-may-20;miércoles;;;;;;;;;;
14-may-20;jueves;23;23,8;35;38;;;;;;
15-may-20;viernes;;;;;;;;;;
16-may-20;sábado;;;;;;;;;;
17-may-20;domingo;;;;;;;;;;
18-may-20;lunes;23;23;35;38;;;;;;
19-may-20;martes;;;;;;;;;;
20-may-20;miércoles;;;;;;;;;;
21-may-20;jueves;24;24,7;31;27;;;;;;
22-may-20;viernes;;;;;;;;;;
23-may-20;sábado;;;;;;;;;;
24-may-20;domingo;;;;;;;;;;
25-may-20;lunes;23;23,3;32;24;;;;;;
26-may-20;martes;24;24,5;30;18;;;;;;
27-may-20;miércoles;24;24;30;18;;;;;;
28-may-20;jueves;;;;;;;;;;
29-may-20;viernes;;;;;;;;;;
30-may-20;sábado;;;;;;;;;;
31-may-20;domingo;;;;;;;;;;
1-jun-20;lunes;23;23,8;33;34;;;;;;
2-jun-20;martes;;;;;;;;;;
3-jun-20;miércoles;24;24,7;31;24;;;;;;
4-jun-20;jueves;24;24,8;30;18;;;;;;
5-jun-20;viernes;24;25;29;17;;;;;;
6-jun-20;sábado;;;;;;;;;;
7-jun-20;domingo;;;;;;;;;;
8-jun-20;lunes;22;24,3;32;24;;;;;;
9-jun-20;martes;;;;;;;;;;
10-jun-20;miércoles;22;24,5;31;18;;;;;;
11-jun-20;jueves;;;;;;;;;;
12-jun-20;viernes;;;;;;;;;;
13-jun-20;sábado;21;22,6;34;35;;;;;;
14-jun-20;domingo;;;;;;;;;;
15-jun-20;lunes;;;;;;;;;;
16-jun-20;martes;21;23,3;33;28;;;;;;
17-jun-20;miércoles;;;;;;;;;;
18-jun-20;jueves;;;;;;;;;;
19-jun-20;viernes;22;23,3;32;25;;;;;;
20-jun-20;sábado;;;;;;;;;;
21-jun-20;domingo;;;;;;;;;;
22-jun-20;lunes;;;;;;;;;;
23-jun-20;martes;21;23,2;34;36;;;;;;
24-jun-20;miércoles;;;;;;;;;;
25-jun-20;jueves;;;;;;;;;;
26-jun-20;viernes;22;23,5;32;28;;;;;;
27-jun-20;sábado;;;;;;;;;;
28-jun-20;;;;;;;;;;;
29-jun-20;;;;;;;;;;;
30-jun-20;;22;23,4;32;28;;;;;;
1-jul-20;;;;;;;;;;;
2-jul-20;;;;;;;;;;;
3-jul-20;;22;23,1;32;28;;;;;;
4-jul-20;;;;;;;;;;;
5-jul-20;;;;;;;;;;;
6-jul-20;;22;23,3;33;28;;;;;;
7-jul-20;;;;;;;;;;;
8-jul-20;;22;23,2;32;28;;;;;;
9-jul-20;;;;;;;;;;;
10-jul-20;;21;22,6;33;28;;;;;;
11-jul-20;;;;;;;;;;;
12-jul-20;;;;;;;;;;;
13-jul-20;;21;21,8;33;31;;;;;;
14-jul-20;;;;;;;;;;;
15-jul-20;;21;22,5;32;25;;;;;;
16-jul-20;;;;;;;;;;;
17-jul-20;;21;22,4;32;25;;;;;;
18-jul-20;;;;;;;;;;;
19-jul-20;;;;;;;;;;;
20-jul-20;;;;;;;;;;;
21-jul-20;;;;;;;;;;;
22-jul-20;;21;21,7;33;34;;;;;;
23-jul-20;;;;;;;;;;;
24-jul-20;;21;22,9;32;25;;;;;;
25-jul-20;;;;;;;;;;;
26-jul-20;;;;;;;;;;;
27-jul-20;;21;22,7;32;25;;;;;;
28-jul-20;;;;;;;;;;;
29-jul-20;;20;22,1;33;25;;;;;;
30-jul-20;;;;;;;;;;;
31-jul-20;;21;22,3;32;19;;;;;;
1-ago-20;;;;;;;;;;;
2-ago-20;;;;;;;;;;;
3-ago-20;;21;22;32;25;;;;;;
4-ago-20;;;;;;;;;;;
5-ago-20;;;;;;;;;;;
6-ago-20;;;;;;;;;;;
7-ago-20;;;;;;;;;;;
8-ago-20;;;;;;;;;;;
9-ago-20;;;;;;;;;;;
10-ago-20;;20;21,1;37;42;;;;;;
11-ago-20;;;;;;;;;;;
12-ago-20;;;;;;;;;;;
13-ago-20;;;;;;;;;;;
14-ago-20;;21;22,4;33;30;;;;;;
15-ago-20;;;;;;;;;;;
16-ago-20;;;;;;;;;;;
17-ago-20;;;;;;;;;;;
18-ago-20;;20;22,1;33;28;;;;;;
19-ago-20;;;;;;;;;;;
20-ago-20;;;;;;;;;;;
21-ago-20;;20;20;33;31;;;;;;
22-ago-20;;;;;;;;;;;
23-ago-20;;;;;;;;;;;
24-ago-20;;;;;;;;;;;
25-ago-20;;;;;;;;;;;
26-ago-20;;;;;;;;;;;
27-ago-20;;;;;;;;;;;
28-ago-20;;20;20;36;40;;;;;;
29-ago-20;;;;;;;;;;;
30-ago-20;;;;;;;;;;;
31-ago-20;;;;;;;;;;;
1-sept-20;;20;21,8;33;39;;;;;;
2-sept-20;;;;;;;;;;;
3-sept-20;;;;;;;;;;;
4-sept-20;;;;;;;;;;;
5-sept-20;;;;;;;;;;;
6-sept-20;;;;;;;;;;;
7-sept-20;;;;;;;;;;;
8-sept-20;;20;20;40;60;;;;;;
9-sept-20;;;;;;;;;;;
10-sept-20;;;;;;;;;;;
11-sept-20;;20;21,1;35;37;;;;;;
12-sept-20;;;;;;;;;;;
13-sept-20;;;;;;;;;;;
14-sept-20;;;;;;;;;;;
15-sept-20;;20;21,2;36;36;;;;;;
16-sept-20;;;;;;;;;;;
17-sept-20;;;;;;;;;;;
18-sept-20;;21;22,1;33;28;;;;;;
19-sept-20;;;;;;;;;;;
20-sept-20;;;;;;;;;;;
21-sept-20;;21;21,8;32;26;;;;;;
22-sept-20;;;;;;;;;;;
23-sept-20;;21;21,7;32;26;;;;;;
24-sept-20;;;;;;;;;;;
25-sept-20;;21;22,3;31;19;;;;;;
26-sept-20;;;;;;;;;;;
27-sept-20;;;;;;;;;;;
28-sept-20;;22;24,4;30;19;;;;;;
29-sept-20;;22;22,5;28;19;;;;;;
30-sept-20;;21;22,4;29;19;;;;;;
1-oct-20;;21;22,2;29;19;;;;;;
2-oct-20;;21;22,2;29;19;;;;;;
3-oct-20;;;;;;;;;;;
4-oct-20;;;;;;;;;;;
5-oct-20;;21;21,9;32;26;;;;;;
6-oct-20;;21;22,4;29;19;;;;;;
7-oct-20;;21;22,5;29;19;;;;;;
8-oct-20;;22;22,5;30;19;;;;;;
9-oct-20;;;;;;;;;;;
10-oct-20;;;;;;;;;;;
11-oct-20;;;;;;;;;;;
12-oct-20;;21;22,2;32;25;;;;;;
13-oct-20;;22;22,5;28;19;;;;;;
14-oct-20;;21;21,8;30;20;;;;;;
15-oct-20;;22;22,8;31;25;;;;;;
16-oct-20;;;;;;;;;;;
17-oct-20;;;;;;;;;;;
18-oct-20;;;;;;;;;;;
19-oct-20;;21;22;34;36;;;;;;
20-oct-20;;21;22,2;31;25;;;;;;
21-oct-20;;22;22,4;30;19;;;;;;
22-oct-20;;22;22,3;29;19;;;;;;
23-oct-20;;22;22,3;28;19;;;;;;
24-oct-20;;;;;;;;;;;
25-oct-20;;;;;;;;;;;
26-oct-20;;21;22,3;31;19;;;;;;
27-oct-20;;22;22,4;28;19;;;;;;
28-oct-20;;22;22,1;27;19;;;;;;
29-oct-20;;22;22,6;29;19;;;;;;
30-oct-20;;;;;;;;;;;
31-oct-20;;;;;;;;;;;
1-nov-20;;;;;;;;;;;
2-nov-20;;24;24,4;30;24;;;;;;
3-nov-20;;23;23,8;28;19;;;;;;
4-nov-20;;23;23,4;27;19;;;;;;
5-nov-20;;23;23,6;27;19;;;;;;
6-nov-20;;22;24;27;18;;;;;;
7-nov-20;;23;23,6;27;19;;;;;;
8-nov-20;;;;;;;;;;;
9-nov-20;;22;22,3;28;19;;;;;;
10-nov-20;;23;;28;;;;;;;
11-nov-20;;22;23;26;19;;;;;;