Date,Fecha,Dia,Temperatura (entrada),Temperatura (zona ampliación),Humedad (entrada),Humedad (zona ampliación),Year,Monitoreo
1,2-Jan-12,Lunes,24,NA,31,NA,2012,
2,3-Jan-12,Martes,23,NA,33,NA,2012,
3,4-Jan-12,Miércoles,22,NA,33,NA,2012,
4,5-Jan-12,Jueves,22,NA,33,NA,2012,
5,6-Jan-12,Viernes,22,NA,33,NA,2012,
6,9-Jan-12,Lunes,22,NA,33,NA,2012,
7,10-Jan-12,Martes,22,NA,34,NA,2012,
8,11-Jan-12,Miércoles,22,NA,33,NA,2012,
9,12-Jan-12,Jueves,22,NA,33,NA,2012,
10,13-Jan-12,Viernes,22,NA,35,NA,2012,
11,16-Jan-12,Lunes,26,NA,30,NA,2012,
12,17-Jan-12,Martes,22,NA,32,NA,2012,
13,18-Jan-12,Miércoles,24,NA,32,NA,2012,
14,19-Jan-12,Jueves,26,NA,32,NA,2012,
15,20-Jan-12,Viernes,22,NA,40,NA,2012,
16,23-Jan-12,Lunes,26,NA,30,NA,2012,
17,24-Jan-12,Martes,28,NA,28,NA,2012,
18,25-Jan-12,Miércoles,27,NA,29,NA,2012,
19,26-Jan-12,Jueves,27,NA,28,NA,2012,
20,27-Jan-12,Viernes,24,NA,29,NA,2012,
21,30-Jan-12,Lunes,20,NA,29,NA,2012,
22,31-Jan-12,Martes,22,NA,31,NA,2012,
23,1-Feb-12,Miércoles,22,NA,31,NA,2012,
24,2-Feb-12,Jueves,23,NA,32,NA,2012,
25,3-Feb-12,Viernes,23,NA,32,NA,2012,
26,6-Feb-12,Lunes,24,NA,32,NA,2012,
27,7-Feb-12,Martes,24,NA,32,NA,2012,
28,8-Feb-12,Miércoles,22,NA,33,NA,2012,
29,9-Feb-12,Jueves,21,NA,33,NA,2012,
30,10-Feb-12,Viernes,25,NA,32,NA,2012,
31,13-Feb-12,Lunes,23,NA,33,NA,2012,
32,14-Feb-12,Martes,24,NA,32,NA,2012,
33,15-Feb-12,Miércoles,25,NA,33,NA,2012,
34,16-Feb-12,Jueves,22,NA,31,NA,2012,
35,17-Feb-12,Viernes,23,NA,33,NA,2012,
36,20-Feb-12,Lunes,,NA,,NA,2012,
37,21-Feb-12,Martes,,NA,,NA,2012,
38,22-Feb-12,Miércoles,23,NA,33,NA,2012,
39,23-Feb-12,Jueves,23,NA,33,NA,2012,
40,24-Feb-12,Viernes,23,NA,33,NA,2012,
41,27-Feb-12,Lunes,23,NA,33,NA,2012,
42,28-Feb-12,Martes,23,NA,33,NA,2012,
43,29-Feb-12,Miércoles,23,NA,33,NA,2012,
44,1-Mar-12,Jueves,23,NA,34,NA,2012,
45,2-Mar-12,Viernes,22,NA,35,NA,2012,
46,5-Mar-12,Lunes,22,NA,35,NA,2012,
47,6-Mar-12,Martes,22,NA,36,NA,2012,
48,7-Mar-12,Miércoles,22,NA,36,NA,2012,
49,8-Mar-12,Jueves,22,NA,36,NA,2012,
50,9-Mar-12,Viernes,24,NA,40,NA,2012,
51,12-Mar-12,Lunes,29,NA,29,NA,2012,
52,13-Mar-12,Martes,29,NA,30,NA,2012,
53,14-Mar-12,Miércoles,25,NA,31,NA,2012,
54,15-Mar-12,Jueves,23,NA,33,NA,2012,
55,16-Mar-12,Viernes,22,NA,33,NA,2012,
56,19-Mar-12,Lunes,20,NA,34,NA,2012,
57,20-Mar-12,Martes,20,NA,36,NA,2012,
58,21-Mar-12,Miércoles,22,NA,34,NA,2012,
59,22-Mar-12,Jueves,22,NA,34,NA,2012,
60,23-Mar-12,Viernes,22,NA,34,NA,2012,
61,26-Mar-12,Lunes,22,NA,35,NA,2012,
62,27-Mar-12,Martes,22,NA,35,NA,2012,
63,28-Mar-12,Miércoles,22,NA,36,NA,2012,
64,29-Mar-12,Jueves,22,NA,36,NA,2012,
65,30-Mar-12,Viernes,22,NA,35,NA,2012,
66,2-Apr-12,Lunes,22,NA,35,NA,2012,
67,3-Apr-12,Martes,22,NA,35,NA,2012,
68,4-Apr-12,Miércoles,22,NA,35,NA,2012,
69,5-Apr-12,Jueves,22,NA,35,NA,2012,
70,6-Apr-12,Viernes,,NA,,NA,2012,
71,9-Apr-12,Lunes,22,NA,35,NA,2012,
72,10-Apr-12,Martes,22,NA,35,NA,2012,
73,11-Apr-12,Miércoles,22,NA,35,NA,2012,
74,12-Apr-12,Jueves,22,NA,36,NA,2012,
75,13-Apr-12,Viernes,22,NA,36,NA,2012,
76,16-Apr-12,Lunes,21,NA,35,NA,2012,
77,17-Apr-12,Martes,22,NA,36,NA,2012,
78,18-Apr-12,Miércoles,23,NA,35,NA,2012,
79,19-Apr-12,Jueves,24,NA,34,NA,2012,
80,20-Apr-12,Viernes,21,NA,35,NA,2012,
81,23-Apr-12,Lunes,22,NA,36,NA,2012,
82,24-Apr-12,Martes,23,NA,35,NA,2012,
83,25-Apr-12,Miércoles,24,NA,34,NA,2012,
84,26-Apr-12,Jueves,,NA,,NA,2012,
85,27-Apr-12,Viernes,,NA,,NA,2012,
86,30-Apr-12,Lunes,22,NA,35,NA,2012,
87,1-May-12,Martes,,NA,,NA,2012,
88,2-May-12,Miércoles,22,NA,34,NA,2012,
89,3-May-12,Jueves,22,NA,34,NA,2012,
90,4-May-12,Viernes,22,NA,34,NA,2012,
91,7-May-12,Lunes,22,NA,33,NA,2012,
92,8-May-12,Martes,22,NA,33,NA,2012,
93,9-May-12,Miércoles,22,NA,33,NA,2012,
94,10-May-12,Jueves,22,NA,33,NA,2012,
95,11-May-12,Viernes,24,NA,36,NA,2012,
96,14-May-12,Lunes,24,NA,34,NA,2012,
97,15-May-12,Martes,24,NA,33,NA,2012,
98,16-May-12,Miércoles,24,NA,33,NA,2012,
99,17-May-12,Jueves,24,NA,34,NA,2012,
100,18-May-12,Viernes,25,NA,33,NA,2012,
101,21-May-12,Lunes,22,NA,34,NA,2012,
102,22-May-12,Martes,22,NA,36,NA,2012,
103,23-May-12,Miércoles,22,NA,35,NA,2012,
104,24-May-12,Jueves,22,NA,35,NA,2012,
105,25-May-12,Viernes,22,NA,36,NA,2012,
106,28-May-12,Lunes,21,NA,35,NA,2012,
107,29-May-12,Martes,22,NA,36,NA,2012,
108,30-May-12,Miércoles,22,NA,37,NA,2012,
109,31-May-12,Jueves,26,NA,35,NA,2012,
110,1-Jun-12,Viernes,23,NA,36,NA,2012,
111,4-Jun-12,Lunes,22,NA,41,NA,2012,
112,5-Jun-12,Martes,22,NA,36,NA,2012,
113,6-Jun-12,Miércoles,22,NA,36,NA,2012,
114,7-Jun-12,Jueves,22,NA,37,NA,2012,
115,8-Jun-12,Viernes,22,NA,39,NA,2012,
116,11-Jun-12,Lunes,22,NA,36,NA,2012,
117,12-Jun-12,Martes,22,NA,38,NA,2012,
118,13-Jun-12,Miércoles,22,NA,37,NA,2012,
119,14-Jun-12,Jueves,22,NA,37,NA,2012,
120,15-Jun-12,Viernes,24,NA,35,NA,2012,
121,18-Jun-12,Lunes,23,NA,39,NA,2012,
122,19-Jun-12,Martes,26,NA,32,NA,2012,
123,20-Jun-12,Miércoles,27,NA,30,NA,2012,
124,21-Jun-12,Jueves,28,NA,29,NA,2012,
125,22-Jun-12,Viernes,28,NA,30,NA,2012,
126,25-Jun-12,Lunes,27,NA,29,NA,2012,
127,26-Jun-12,Martes,22,NA,36,NA,2012,
128,27-Jun-12,Miércoles,21,NA,34,NA,2012,
129,28-Jun-12,Jueves,23,NA,34,NA,2012,
130,29-Jun-12,Viernes,23,NA,33,NA,2012,
131,2-Jul-12,Lunes,23,NA,33,NA,2012,
132,3-Jul-12,Martes,23,NA,34,NA,2012,
133,4-Jul-12,Miércoles,23,NA,34,NA,2012,
134,5-Jul-12,Jueves,23,NA,35,NA,2012,
135,6-Jul-12,Viernes,23,NA,36,NA,2012,
136,9-Jul-12,Lunes,23,NA,33,NA,2012,
137,10-Jul-12,Martes,23,NA,33,NA,2012,
138,11-Jul-12,Miércoles,23,NA,33,NA,2012,
139,12-Jul-12,Jueves,23,NA,33,NA,2012,
140,13-Jul-12,Viernes,23,NA,34,NA,2012,
141,16-Jul-12,Lunes,23,NA,32,NA,2012,
142,17-Jul-12,Martes,23,NA,33,NA,2012,
143,18-Jul-12,Miércoles,23,NA,33,NA,2012,
144,19-Jul-12,Jueves,23,NA,34,NA,2012,
145,20-Jul-12,Viernes,23,NA,34,NA,2012,
146,23-Jul-12,Lunes,23,NA,33,NA,2012,
147,24-Jul-12,Martes,23,NA,34,NA,2012,
148,25-Jul-12,Miércoles,23,NA,34,NA,2012,
149,26-Jul-12,Jueves,23,NA,35,NA,2012,
150,27-Jul-12,Viernes,23,NA,35,NA,2012,
151,30-Jul-12,Lunes,23,NA,34,NA,2012,
152,31-Jul-12,Martes,23,NA,35,NA,2012,
153,1-Aug-12,Miércoles,23,NA,35,NA,2012,
154,2-Aug-12,Jueves,23,NA,35,NA,2012,
155,3-Aug-12,Viernes,23,NA,35,NA,2012,
156,6-Aug-12,Lunes,23,NA,34,NA,2012,
157,7-Aug-12,Martes,23,NA,34,NA,2012,
158,8-Aug-12,Miércoles,23,NA,35,NA,2012,
159,9-Aug-12,Jueves,23,NA,36,NA,2012,
160,10-Aug-12,Viernes,,NA,,NA,2012,
161,13-Aug-12,Lunes,23,NA,35,NA,2012,
162,14-Aug-12,Martes,23,NA,36,NA,2012,
163,15-Aug-12,Miércoles,23,NA,36,NA,2012,
164,16-Aug-12,Jueves,23,NA,36,NA,2012,
165,17-Aug-12,Viernes,23,NA,36,NA,2012,
166,20-Aug-12,Lunes,23,NA,34,NA,2012,
167,21-Aug-12,Martes,23,NA,35,NA,2012,
168,22-Aug-12,Miércoles,23,NA,36,NA,2012,
169,23-Aug-12,Jueves,23,NA,36,NA,2012,
170,24-Aug-12,Viernes,23,NA,35,NA,2012,
171,27-Aug-12,Lunes,23,NA,34,NA,2012,
172,28-Aug-12,Martes,23,NA,35,NA,2012,
173,29-Aug-12,Miércoles,23,NA,34,NA,2012,
174,30-Aug-12,Jueves,23,NA,34,NA,2012,
175,31-Aug-12,Viernes,24,NA,33,NA,2012,
176,3-Sep-12,Lunes,23,NA,34,NA,2012,
177,4-Sep-12,Martes,23,NA,34,NA,2012,
178,5-Sep-12,Miércoles,23,NA,35,NA,2012,
179,6-Sep-12,Jueves,,NA,,NA,2012,
180,7-Sep-12,Viernes,,NA,,NA,2012,
181,10-Sep-12,Lunes,23,NA,36,NA,2012,
182,11-Sep-12,Martes,23,NA,36,NA,2012,
183,12-Sep-12,Miércoles,23,NA,36,NA,2012,
184,13-Sep-12,Jueves,23,NA,36,NA,2012,
185,14-Sep-12,Viernes,23,NA,37,NA,2012,
186,17-Sep-12,Lunes,23,NA,33,NA,2012,
187,18-Sep-12,Martes,23,NA,35,NA,2012,
188,19-Sep-12,Miércoles,23,NA,35,NA,2012,
189,20-Sep-12,Jueves,23,NA,36,NA,2012,
190,21-Sep-12,Viernes,23,NA,37,NA,2012,
191,24-Sep-12,Lunes,23,NA,34,NA,2012,
192,25-Sep-12,Martes,23,NA,35,NA,2012,
193,26-Sep-12,Miércoles,23,NA,35,NA,2012,
194,27-Sep-12,Jueves,23,NA,35,NA,2012,
195,28-Sep-12,Viernes,23,NA,35,NA,2012,
196,1-Oct-12,Lunes,23,NA,35,NA,2012,
197,2-Oct-12,Martes,23,NA,35,NA,2012,
198,3-Oct-12,Miércoles,23,NA,35,NA,2012,
199,4-Oct-12,Jueves,23,NA,36,NA,2012,
200,5-Oct-12,Viernes,23,NA,36,NA,2012,
201,8-Oct-12,Lunes,23,NA,35,NA,2012,
202,9-Oct-12,Martes,23,NA,35,NA,2012,
203,10-Oct-12,Miércoles,23,NA,34,NA,2012,
204,11-Oct-12,Jueves,23,NA,34,NA,2012,
205,12-Oct-12,Viernes,,NA,,NA,2012,
206,15-Oct-12,Lunes,23,NA,35,NA,2012,
207,16-Oct-12,Martes,23,NA,34,NA,2012,
208,17-Oct-12,Miércoles,23,NA,34,NA,2012,
209,18-Oct-12,Jueves,23,NA,34,NA,2012,
210,19-Oct-12,Viernes,,NA,,NA,2012,
211,22-Oct-12,Lunes,23,NA,33,NA,2012,
212,23-Oct-12,Martes,23,NA,34,NA,2012,
213,24-Oct-12,Miércoles,23,NA,34,NA,2012,
214,25-Oct-12,Jueves,23,NA,34,NA,2012,
215,26-Oct-12,Viernes,23,NA,34,NA,2012,
216,29-Oct-12,Lunes,23,NA,33,NA,2012,
217,30-Oct-12,Martes,23,NA,34,NA,2012,
218,31-Oct-12,Miércoles,23,NA,36,NA,2012,
219,1-Nov-12,Jueves,23,NA,36,NA,2012,
220,2-Nov-12,Viernes,,NA,,NA,2012,
221,5-Nov-12,Lunes,23,NA,35,NA,2012,
222,6-Nov-12,Martes,23,NA,35,NA,2012,
223,7-Nov-12,Miércoles,23,NA,35,NA,2012,
224,8-Nov-12,Jueves,23,NA,34,NA,2012,
225,9-Nov-12,Viernes,23,NA,34,NA,2012,
226,12-Nov-12,Lunes,23,NA,34,NA,2012,
227,13-Nov-12,Martes,23,NA,35,NA,2012,
228,14-Nov-12,Miércoles,23,NA,35,NA,2012,
229,15-Nov-12,Jueves,23,NA,35,NA,2012,
230,16-Nov-12,Viernes,23,NA,36,NA,2012,
231,19-Nov-12,Lunes,23,NA,35,NA,2012,
232,20-Nov-12,Martes,23,NA,35,NA,2012,
233,21-Nov-12,Miércoles,23,NA,36,NA,2012,
234,22-Nov-12,Jueves,23,NA,35,NA,2012,
235,23-Nov-12,Viernes,23,NA,35,NA,2012,
236,26-Nov-12,Lunes,23,NA,35,NA,2012,
237,27-Nov-12,Martes,23,NA,35,NA,2012,
238,28-Nov-12,Miércoles,23,NA,35,NA,2012,
239,29-Nov-12,Jueves,23,NA,35,NA,2012,
240,30-Nov-12,Viernes,23,NA,36,NA,2012,
241,3-Dec-12,Lunes,23,NA,35,NA,2012,
242,4-Dec-12,Martes,23,NA,35,NA,2012,
243,5-Dec-12,Miércoles,23,NA,36,NA,2012,
244,6-Dec-12,Jueves,23,NA,36,NA,2012,
245,7-Dec-12,Viernes,23,NA,36,NA,2012,
246,10-Dec-12,Lunes,23,NA,35,NA,2012,
247,11-Dec-12,Martes,23,NA,36,NA,2012,
248,12-Dec-12,Miércoles,23,NA,34,NA,2012,
249,13-Dec-12,Jueves,23,NA,34,NA,2012,
250,14-Dec-12,Viernes,23,NA,35,NA,2012,
251,17-Dec-12,Lunes,26,NA,32,NA,2012,
252,18-Dec-12,Martes,23,NA,34,NA,2012,
253,19-Dec-12,Miércoles,23,NA,35,NA,2012,
254,20-Dec-12,Jueves,23,NA,35,NA,2012,
255,21-Dec-12,Viernes,23,NA,35,NA,2012,
256,24-Dec-12,Lunes,23,NA,,NA,2012,
257,25-Dec-12,Martes,23,NA,,NA,2012,
258,26-Dec-12,Miércoles,,NA,,NA,2012,
259,27-Dec-12,Jueves,,NA,,NA,2012,
260,28-Dec-12,Viernes,23,NA,35,NA,2012,
261,31-Dec-12,Lunes,23,NA,35,NA,2012,
262,1-Jan-13,Martes,,NA,,NA,2013,
263,2-Jan-13,Miércoles,,NA,,NA,2013,
264,3-Jan-13,Jueves,23,NA,36,NA,2013,
265,4-Jan-13,Viernes,23,NA,36,NA,2013,
266,7-Jan-13,Lunes,23,NA,37,NA,2013,
267,8-Jan-13,Martes,23,NA,38,NA,2013,
268,9-Jan-13,Miércoles,26,NA,36,NA,2013,
269,10-Jan-13,Jueves,23,NA,37,NA,2013,
270,11-Jan-13,Viernes,26,NA,35,NA,2013,
271,14-Jan-13,Lunes,23,NA,36,NA,2013,
272,15-Jan-13,Martes,19,NA,36,NA,2013,
273,16-Jan-13,Miércoles,23,NA,36,NA,2013,
274,17-Jan-13,Jueves,20,NA,35,NA,2013,
275,18-Jan-13,Viernes,22,NA,41,NA,2013,
276,21-Jan-13,Lunes,23,NA,41,NA,2013,
277,22-Jan-13,Martes,22,NA,41,NA,2013,
278,23-Jan-13,Miércoles,22,NA,44,NA,2013,
279,24-Jan-13,Jueves,22,NA,44,NA,2013,
280,25-Jan-13,Viernes,23,NA,43,NA,2013,
281,28-Jan-13,Lunes,26,NA,42,NA,2013,
282,29-Jan-13,Martes,26,NA,42,NA,2013,
283,30-Jan-13,Miércoles,26,NA,41,NA,2013,
284,31-Jan-13,Jueves,26,NA,39,NA,2013,
285,1-Feb-13,Viernes,22,NA,35,NA,2013,
286,4-Feb-13,Lunes,21,NA,42,NA,2013,
287,5-Feb-13,Martes,27,NA,38,NA,2013,
288,6-Feb-13,Miércoles,23,NA,42,NA,2013,
289,7-Feb-13,Jueves,23,NA,47,NA,2013,
290,8-Feb-13,Viernes,27,NA,40,NA,2013,
291,11-Feb-13,Lunes,,NA,,NA,2013,
292,12-Feb-13,Martes,,NA,,NA,2013,
293,13-Feb-13,Miércoles,18,NA,40,NA,2013,
294,14-Feb-13,Jueves,24,NA,40,NA,2013,
295,15-Feb-13,Viernes,25,NA,42,NA,2013,
296,18-Feb-13,Lunes,21,NA,48,NA,2013,
297,19-Feb-13,Martes,21,NA,44,NA,2013,
298,20-Feb-13,Miércoles,21,NA,44,NA,2013,
299,21-Feb-13,Jueves,,NA,,NA,2013,
300,22-Feb-13,Viernes,,NA,,NA,2013,
301,25-Feb-13,Lunes,,NA,,NA,2013,
302,26-Feb-13,Martes,,NA,,NA,2013,
303,27-Feb-13,Miércoles,21,NA,43,NA,2013,
304,28-Feb-13,Jueves,21,NA,45,NA,2013,
305,1-Mar-13,Viernes,21,NA,45,NA,2013,
306,4-Mar-13,Lunes,23,NA,44,NA,2013,
307,5-Mar-13,Martes,24,NA,43,NA,2013,
308,6-Mar-13,Miércoles,24,NA,44,NA,2013,
309,7-Mar-13,Jueves,24,NA,43,NA,2013,
310,8-Mar-13,Viernes,24,NA,43,NA,2013,
311,11-Mar-13,Lunes,23,NA,42,NA,2013,
312,12-Mar-13,Martes,24,NA,48,NA,2013,
313,13-Mar-13,Miércoles,24,NA,50,NA,2013,
314,14-Mar-13,Jueves,24,NA,46,NA,2013,
315,15-Mar-13,Viernes,24,NA,43,NA,2013,
316,18-Mar-13,Lunes,23,NA,41,NA,2013,
317,19-Mar-13,Martes,23,NA,42,NA,2013,
318,20-Mar-13,Miércoles,24,NA,41,NA,2013,
319,21-Mar-13,Jueves,24,NA,40,NA,2013,
320,22-Mar-13,Viernes,23,NA,38,NA,2013,
321,25-Mar-13,Lunes,23,NA,38,NA,2013,
322,26-Mar-13,Martes,24,NA,40,NA,2013,
323,27-Mar-13,Miércoles,24,NA,41,NA,2013,
324,28-Mar-13,Jueves,24,NA,43,NA,2013,
325,29-Mar-13,Viernes,,NA,,NA,2013,
326,1-Apr-13,Lunes,29,NA,33,NA,2013,
327,2-Apr-13,Martes,24,NA,36,NA,2013,
328,3-Apr-13,Miércoles,24,NA,37,NA,2013,
329,4-Apr-13,Jueves,24,NA,38,NA,2013,
330,5-Apr-13,Viernes,25,NA,37,NA,2013,
331,8-Apr-13,Lunes,22,NA,35,NA,2013,
332,9-Apr-13,Martes,23,NA,35,NA,2013,
333,10-Apr-13,Miércoles,24,NA,37,NA,2013,
334,11-Apr-13,Jueves,24,NA,36,NA,2013,
335,12-Apr-13,Viernes,24,NA,35,NA,2013,
336,15-Apr-13,Lunes,24,NA,34,NA,2013,
337,16-Apr-13,Martes,24,NA,35,NA,2013,
338,17-Apr-13,Miércoles,24,NA,35,NA,2013,
339,18-Apr-13,Jueves,23,NA,35,NA,2013,
340,19-Apr-13,Viernes,23,NA,35,NA,2013,
341,22-Apr-13,Lunes,24,NA,34,NA,2013,
342,23-Apr-13,Martes,23,NA,35,NA,2013,
343,24-Apr-13,Miércoles,24,NA,38,NA,2013,
344,25-Apr-13,Jueves,24,NA,36,NA,2013,
345,26-Apr-13,Viernes,,NA,,NA,2013,
346,29-Apr-13,Lunes,23,NA,33,NA,2013,
347,30-Apr-13,Martes,23,NA,34,NA,2013,
348,1-May-13,Miércoles,,NA,,NA,2013,
349,2-May-13,Jueves,23,NA,33,NA,2013,
350,3-May-13,Viernes,,NA,,NA,2013,
351,6-May-13,Lunes,23,NA,33,NA,2013,
352,7-May-13,Martes,23,NA,33,NA,2013,
353,8-May-13,Miércoles,23,NA,33,NA,2013,
354,9-May-13,Jueves,,NA,,NA,2013,
355,10-May-13,Viernes,,NA,,NA,2013,
356,13-May-13,Lunes,23,NA,34,NA,2013,
357,14-May-13,Martes,,NA,,NA,2013,
358,15-May-13,Miércoles,,NA,,NA,2013,
359,16-May-13,Jueves,,NA,,NA,2013,
360,17-May-13,Viernes,,NA,,NA,2013,
361,20-May-13,Lunes,23,NA,32,NA,2013,
362,21-May-13,Martes,23,NA,33,NA,2013,
363,22-May-13,Miércoles,23,NA,33,NA,2013,
364,23-May-13,Jueves,23,NA,33,NA,2013,
365,24-May-13,Viernes,,NA,,NA,2013,
366,27-May-13,Lunes,22,NA,34,NA,2013,
367,28-May-13,Martes,22,NA,34,NA,2013,
368,29-May-13,Miércoles,22,NA,36,NA,2013,
369,30-May-13,Jueves,23,NA,33,NA,2013,
370,31-May-13,Viernes,22,NA,34,NA,2013,
371,3-Jun-13,Lunes,23,NA,37,NA,2013,
372,4-Jun-13,Martes,22,NA,37,NA,2013,
373,5-Jun-13,Miércoles,22,NA,38,NA,2013,
374,6-Jun-13,Jueves,22,NA,37,NA,2013,
375,7-Jun-13,Viernes,23,NA,37,NA,2013,
376,10-Jun-13,Lunes,22,NA,36,NA,2013,
377,11-Jun-13,Martes,22,NA,38,NA,2013,
378,12-Jun-13,Miércoles,22,NA,37,NA,2013,
379,13-Jun-13,Jueves,22,NA,38,NA,2013,
380,14-Jun-13,Viernes,22,NA,41,NA,2013,
381,17-Jun-13,Lunes,,NA,,NA,2013,
382,18-Jun-13,Martes,,NA,,NA,2013,
383,19-Jun-13,Miércoles,,NA,,NA,2013,
384,20-Jun-13,Jueves,23,NA,35,NA,2013,
385,21-Jun-13,Viernes,23,NA,35,NA,2013,
386,24-Jun-13,Lunes,23,NA,35,NA,2013,
387,25-Jun-13,Martes,23,NA,36,NA,2013,
388,26-Jun-13,Miércoles,23,NA,39,NA,2013,
389,27-Jun-13,Jueves,23,NA,39,NA,2013,
390,28-Jun-13,Viernes,23,NA,41,NA,2013,
391,1-Jul-13,Lunes,23,NA,37,NA,2013,
392,2-Jul-13,Martes,23,NA,39,NA,2013,
393,3-Jul-13,Miércoles,23,NA,43,NA,2013,
394,4-Jul-13,Jueves,23,NA,48,NA,2013,
395,5-Jul-13,Viernes,23,NA,46,NA,2013,
396,8-Jul-13,Lunes,23,NA,44,NA,2013,
397,9-Jul-13,Martes,23,NA,46,NA,2013,
398,10-Jul-13,Miércoles,23,NA,47,NA,2013,
399,11-Jul-13,Jueves,23,NA,47,NA,2013,
400,12-Jul-13,Viernes,23,NA,50,NA,2013,
401,15-Jul-13,Lunes,23,NA,52,NA,2013,
402,16-Jul-13,Martes,23,NA,54,NA,2013,
403,17-Jul-13,Miércoles,23,NA,55,NA,2013,
404,18-Jul-13,Jueves,23,NA,47,NA,2013,
405,19-Jul-13,Viernes,23,NA,47,NA,2013,
406,22-Jul-13,Lunes,23,NA,45,NA,2013,
407,23-Jul-13,Martes,23,NA,44,NA,2013,
408,24-Jul-13,Miércoles,23,NA,46,NA,2013,
409,25-Jul-13,Jueves,23,NA,47,NA,2013,
410,26-Jul-13,Viernes,23,NA,45,NA,2013,
411,29-Jul-13,Lunes,23,NA,44,NA,2013,
412,30-Jul-13,Martes,23,NA,45,NA,2013,
413,31-Jul-13,Miércoles,23,NA,44,NA,2013,
414,1-Aug-13,Jueves,23,NA,47,NA,2013,
415,2-Aug-13,Viernes,23,NA,52,NA,2013,
416,5-Aug-13,Lunes,23,NA,46,NA,2013,
417,6-Aug-13,Martes,23,NA,45,NA,2013,
418,7-Aug-13,Miércoles,23,NA,45,NA,2013,
419,8-Aug-13,Jueves,23,NA,45,NA,2013,
420,9-Aug-13,Viernes,23,NA,44,NA,2013,
421,12-Aug-13,Lunes,23,NA,44,NA,2013,
422,13-Aug-13,Martes,23,NA,44,NA,2013,
423,14-Aug-13,Miércoles,23,NA,44,NA,2013,
424,15-Aug-13,Jueves,23,NA,46,NA,2013,
425,16-Aug-13,Viernes,23,NA,45,NA,2013,
426,19-Aug-13,Lunes,23,NA,46,NA,2013,
427,20-Aug-13,Martes,23,NA,45,NA,2013,
428,21-Aug-13,Miércoles,23,NA,46,NA,2013,
429,22-Aug-13,Jueves,23,NA,45,NA,2013,
430,23-Aug-13,Viernes,23,NA,45,NA,2013,
431,26-Aug-13,Lunes,23,NA,48,NA,2013,
432,27-Aug-13,Martes,23,NA,49,NA,2013,
433,28-Aug-13,Miércoles,,NA,,NA,2013,
434,29-Aug-13,Jueves,,NA,,NA,2013,
435,30-Aug-13,Viernes,,NA,,NA,2013,
436,2-Sep-13,Lunes,23,NA,51,NA,2013,
437,3-Sep-13,Martes,22,NA,55,NA,2013,
438,4-Sep-13,Miércoles,23,NA,51,NA,2013,
439,5-Sep-13,Jueves,23,NA,58,NA,2013,
440,6-Sep-13,Viernes,23,NA,45,NA,2013,
441,9-Sep-13,Lunes,23,NA,42,NA,2013,
442,10-Sep-13,Martes,23,NA,42,NA,2013,
443,11-Sep-13,Miércoles,23,NA,45,NA,2013,
444,12-Sep-13,Jueves,23,NA,43,NA,2013,
445,13-Sep-13,Viernes,23,NA,38,NA,2013,
446,16-Sep-13,Lunes,23,NA,36,NA,2013,
447,17-Sep-13,Martes,23,NA,37,NA,2013,
448,18-Sep-13,Miércoles,23,NA,39,NA,2013,
449,19-Sep-13,Jueves,23,NA,36,NA,2013,
450,20-Sep-13,Viernes,23,NA,36,NA,2013,
451,23-Sep-13,Lunes,23,NA,35,NA,2013,
452,24-Sep-13,Martes,23,NA,36,NA,2013,
453,25-Sep-13,Miércoles,23,NA,35,NA,2013,
454,26-Sep-13,Jueves,23,NA,35,NA,2013,
455,27-Sep-13,Viernes,23,NA,35,NA,2013,
456,30-Sep-13,Lunes,23,NA,34,NA,2013,
457,1-Oct-13,Martes,23,NA,34,NA,2013,
458,2-Oct-13,Miércoles,23,NA,34,NA,2013,
459,3-Oct-13,Jueves,21,NA,37,NA,2013,
460,4-Oct-13,Viernes,22,NA,44,NA,2013,
461,7-Oct-13,Lunes,21,NA,36,NA,2013,
462,8-Oct-13,Martes,21,NA,37,NA,2013,
463,9-Oct-13,Miércoles,21,NA,41,NA,2013,
464,10-Oct-13,Jueves,21,NA,41,NA,2013,
465,11-Oct-13,Viernes,21,NA,41,NA,2013,
466,14-Oct-13,Lunes,21,NA,37,NA,2013,
467,15-Oct-13,Martes,22,NA,40,NA,2013,
468,16-Oct-13,Miércoles,22,NA,40,NA,2013,
469,17-Oct-13,Jueves,22,NA,37,NA,2013,
470,18-Oct-13,Viernes,22,NA,35,NA,2013,
471,21-Oct-13,Lunes,22,NA,35,NA,2013,
472,22-Oct-13,Martes,22,NA,43,NA,2013,
473,23-Oct-13,Miércoles,22,NA,41,NA,2013,
474,24-Oct-13,Jueves,19,NA,39,NA,2013,
475,25-Oct-13,Viernes,22,NA,43,NA,2013,
476,28-Oct-13,Lunes,23,NA,43,NA,2013,
477,29-Oct-13,Martes,23,NA,43,NA,2013,
478,30-Oct-13,Miércoles,23,NA,47,NA,2013,
479,31-Oct-13,Jueves,23,NA,45,NA,2013,
480,1-Nov-13,Viernes,23,NA,48,NA,2013,
481,4-Nov-13,Lunes,22,NA,54,NA,2013,
482,5-Nov-13,Martes,23,NA,55,NA,2013,
483,6-Nov-13,Miércoles,22,NA,52,NA,2013,
484,7-Nov-13,Jueves,21,NA,43,NA,2013,
485,8-Nov-13,Viernes,21,NA,43,NA,2013,
486,11-Nov-13,Lunes,22,NA,35,NA,2013,
487,12-Nov-13,Martes,22,NA,34,NA,2013,
488,13-Nov-13,Miércoles,24,NA,34,NA,2013,
489,14-Nov-13,Jueves,23,NA,34,NA,2013,
490,15-Nov-13,Viernes,24,NA,34,NA,2013,
491,18-Nov-13,Lunes,24,NA,33,NA,2013,
492,19-Nov-13,Martes,24,NA,34,NA,2013,
493,20-Nov-13,Miércoles,,NA,,NA,2013,
494,21-Nov-13,Jueves,,NA,,NA,2013,
495,22-Nov-13,Viernes,,NA,,NA,2013,
496,25-Nov-13,Lunes,22,NA,34,NA,2013,
497,26-Nov-13,Martes,22,NA,35,NA,2013,
498,27-Nov-13,Miércoles,22,NA,35,NA,2013,
499,28-Nov-13,Jueves,22,NA,35,NA,2013,
500,29-Nov-13,Viernes,22,NA,35,NA,2013,
501,2-Dec-13,Lunes,22,NA,35,NA,2013,
502,3-Dec-13,Martes,22,NA,36,NA,2013,
503,4-Dec-13,Miércoles,22,NA,34,NA,2013,
504,5-Dec-13,Jueves,22,NA,34,NA,2013,
505,6-Dec-13,Viernes,,NA,,NA,2013,
506,9-Dec-13,Lunes,22,NA,34,NA,2013,
507,10-Dec-13,Martes,22,NA,34,NA,2013,
508,11-Dec-13,Miércoles,24,NA,33,NA,2013,
509,12-Dec-13,Jueves,24,NA,33,NA,2013,
510,13-Dec-13,Viernes,24,NA,33,NA,2013,
511,16-Dec-13,Lunes,24,NA,32,NA,2013,
512,17-Dec-13,Martes,24,NA,33,NA,2013,
513,18-Dec-13,Miércoles,24,NA,33,NA,2013,
514,19-Dec-13,Jueves,24,NA,33,NA,2013,
515,20-Dec-13,Viernes,24,NA,34,NA,2013,
516,23-Dec-13,Lunes,,NA,,NA,2013,
517,24-Dec-13,Martes,,NA,,NA,2013,
518,25-Dec-13,Miércoles,,NA,,NA,2013,
519,26-Dec-13,Jueves,,NA,,NA,2013,
520,27-Dec-13,Viernes,,NA,,NA,2013,
521,30-Dec-13,Lunes,,NA,,NA,2013,
522,31-Dec-13,Martes,,NA,,NA,2013,
523,1-Jan-14,Miércoles,,NA,,NA,2014,
524,2-Jan-14,Jueves,,NA,,NA,2014,
525,3-Jan-14,Viernes,,NA,,NA,2014,
526,6-Jan-14,Lunes,24,NA,35,NA,2014,
527,7-Jan-14,Martes,24,NA,34,NA,2014,
528,8-Jan-14,Miércoles,24,NA,33,NA,2014,
529,9-Jan-14,Jueves,24,NA,34,NA,2014,
530,10-Jan-14,Viernes,25,NA,36,NA,2014,
531,13-Jan-14,Lunes,25,NA,44,NA,2014,
532,14-Jan-14,Martes,25,NA,42,NA,2014,
533,15-Jan-14,Miércoles,26,NA,35,NA,2014,
534,16-Jan-14,Jueves,26,NA,34,NA,2014,
535,17-Jan-14,Viernes,25,NA,32,NA,2014,
536,20-Jan-14,Lunes,26,NA,35,NA,2014,
537,21-Jan-14,Martes,25,NA,35,NA,2014,
538,22-Jan-14,Miércoles,25,NA,35,NA,2014,
539,23-Jan-14,Jueves,25,NA,34,NA,2014,
540,24-Jan-14,Viernes,25,NA,34,NA,2014,
541,27-Jan-14,Lunes,25,NA,34,NA,2014,
542,28-Jan-14,Martes,25,NA,34,NA,2014,
543,29-Jan-14,Miércoles,25,NA,34,NA,2014,
544,30-Jan-14,Jueves,25,NA,34,NA,2014,
545,31-Jan-14,Viernes,25,NA,33,NA,2014,
546,3-Feb-14,Lunes,25,NA,35,NA,2014,
547,4-Feb-14,Martes,26,NA,33,NA,2014,
548,5-Feb-14,Miércoles,25,NA,35,NA,2014,
549,6-Feb-14,Jueves,25,NA,37,NA,2014,
550,7-Feb-14,Viernes,25,NA,37,NA,2014,
551,10-Feb-14,Lunes,25,NA,46,NA,2014,
552,11-Feb-14,Martes,25,NA,46,NA,2014,
553,12-Feb-14,Miércoles,25,NA,46,NA,2014,
554,13-Feb-14,Jueves,25,NA,43,NA,2014,
555,14-Feb-14,Viernes,25,NA,40,NA,2014,
556,17-Feb-14,Lunes,27,NA,36,NA,2014,
557,18-Feb-14,Martes,21,NA,35,NA,2014,
558,19-Feb-14,Miércoles,21,NA,35,NA,2014,
559,20-Feb-14,Jueves,27,NA,36,NA,2014,
560,21-Feb-14,Viernes,26,NA,35,NA,2014,
561,24-Feb-14,Lunes,27,NA,31,NA,2014,
562,25-Feb-14,Martes,23,NA,33,NA,2014,
563,26-Feb-14,Miércoles,24,NA,33,NA,2014,
564,27-Feb-14,Jueves,24,NA,33,NA,2014,
565,28-Feb-14,Viernes,24,NA,33,NA,2014,
566,3-Mar-14,Lunes,22,NA,45,NA,2014,
567,4-Mar-14,Martes,23,NA,45,NA,2014,
568,5-Mar-14,Miércoles,26,NA,45,NA,2014,
569,6-Mar-14,Jueves,26,NA,43,NA,2014,
570,7-Mar-14,Viernes,24,NA,37,NA,2014,
571,10-Mar-14,Lunes,23,NA,34,NA,2014,
572,11-Mar-14,Martes,25,NA,40,NA,2014,
573,12-Mar-14,Miércoles,25,NA,40,NA,2014,
574,13-Mar-14,Jueves,24,NA,34,NA,2014,
575,14-Mar-14,Viernes,24,NA,34,NA,2014,
576,17-Mar-14,Lunes,24,NA,33,NA,2014,
577,18-Mar-14,Martes,24,NA,34,NA,2014,
578,19-Mar-14,Miércoles,24,NA,34,NA,2014,
579,20-Mar-14,Jueves,24,NA,34,NA,2014,
580,21-Mar-14,Viernes,24,NA,36,NA,2014,
581,24-Mar-14,Lunes,24,NA,34,NA,2014,
582,25-Mar-14,Martes,24,NA,38,NA,2014,
583,26-Mar-14,Miércoles,25,NA,37,NA,2014,
584,27-Mar-14,Jueves,25,NA,37,NA,2014,
585,28-Mar-14,Viernes,25,NA,37,NA,2014,
586,31-Mar-14,Lunes,25,NA,34,NA,2014,
587,1-Apr-14,Martes,25,NA,34,NA,2014,
588,2-Apr-14,Miércoles,25,NA,42,NA,2014,
589,3-Apr-14,Jueves,26,NA,35,NA,2014,
590,4-Apr-14,Viernes,26,NA,35,NA,2014,
591,7-Apr-14,Lunes,25,NA,32,NA,2014,
592,8-Apr-14,Martes,26,NA,35,NA,2014,
593,9-Apr-14,Miércoles,26,NA,35,NA,2014,
594,10-Apr-14,Jueves,25,NA,24,NA,2014,
595,11-Apr-14,Viernes,24,NA,34,NA,2014,
596,14-Apr-14,Lunes,26,NA,59,NA,2014,
597,15-Apr-14,Martes,26,NA,39,NA,2014,
598,16-Apr-14,Miércoles,26,NA,38,NA,2014,
599,17-Apr-14,Jueves,25,NA,38,NA,2014,
600,18-Apr-14,Viernes,,NA,,NA,2014,
601,21-Apr-14,Lunes,25,NA,50,NA,2014,
602,22-Apr-14,Martes,25,NA,50,NA,2014,
603,23-Apr-14,Miércoles,25,NA,43,NA,2014,
604,24-Apr-14,Jueves,25,NA,40,NA,2014,
605,25-Apr-14,Viernes,25,NA,40,NA,2014,
606,28-Apr-14,Lunes,25,NA,40,NA,2014,
607,29-Apr-14,Martes,25,NA,43,NA,2014,
608,30-Apr-14,Miércoles,25,NA,43,NA,2014,
609,1-May-14,Jueves,,NA,,NA,2014,
610,2-May-14,Viernes,26,NA,35,NA,2014,
611,5-May-14,Lunes,24,NA,37,NA,2014,
612,6-May-14,Martes,24,NA,37,NA,2014,
613,7-May-14,Miércoles,25,NA,42,NA,2014,
614,8-May-14,Jueves,25,NA,41,NA,2014,
615,9-May-14,Viernes,25,NA,41,NA,2014,
616,12-May-14,Lunes,25,NA,41,NA,2014,
617,13-May-14,Martes,25,NA,41,NA,2014,
618,14-May-14,Miércoles,25,NA,34,NA,2014,
619,15-May-14,Jueves,25,NA,34,NA,2014,
620,16-May-14,Viernes,25,NA,34,NA,2014,
621,19-May-14,Lunes,25,NA,34,NA,2014,
622,20-May-14,Martes,25,NA,34,NA,2014,
623,21-May-14,Miércoles,24,NA,34,NA,2014,
624,22-May-14,Jueves,24,NA,35,NA,2014,
625,23-May-14,Viernes,24,NA,35,NA,2014,
626,26-May-14,Lunes,24,NA,35,NA,2014,
627,27-May-14,Martes,24,NA,35,NA,2014,
628,28-May-14,Miércoles,25,NA,42,NA,2014,
629,29-May-14,Jueves,24,NA,43,NA,2014,
630,30-May-14,Viernes,24,NA,43,NA,2014,
631,2-Jun-14,Lunes,24,NA,49,NA,2014,
632,3-Jun-14,Martes,24,NA,49,NA,2014,
633,4-Jun-14,Miércoles,24,NA,45,NA,2014,
634,5-Jun-14,Jueves,24,NA,45,NA,2014,
635,6-Jun-14,Viernes,24,NA,45,NA,2014,
636,9-Jun-14,Lunes,24,NA,45,NA,2014,
637,10-Jun-14,Martes,24,NA,45,NA,2014,
638,11-Jun-14,Miércoles,24,NA,45,NA,2014,
639,12-Jun-14,Jueves,24,NA,48,NA,2014,
640,13-Jun-14,Viernes,24,NA,48,NA,2014,
641,16-Jun-14,Lunes,24,NA,48,NA,2014,
642,17-Jun-14,Martes,24,NA,48,NA,2014,
643,18-Jun-14,Miércoles,24,NA,44,NA,2014,
644,19-Jun-14,Jueves,24,NA,44,NA,2014,
645,20-Jun-14,Viernes,24,NA,44,NA,2014,
646,23-Jun-14,Lunes,24,NA,53,NA,2014,
647,24-Jun-14,Martes,24,NA,53,NA,2014,
648,25-Jun-14,Miércoles,24,NA,53,NA,2014,
649,26-Jun-14,Jueves,24,NA,53,NA,2014,
650,27-Jun-14,Viernes,24,NA,53,NA,2014,
651,30-Jun-14,Lunes,24,NA,52,NA,2014,
652,1-Jul-14,Martes,24,NA,52,NA,2014,
653,2-Jul-14,Miércoles,24,NA,50,NA,2014,
654,3-Jul-14,Jueves,24,NA,50,NA,2014,
655,4-Jul-14,Viernes,24,NA,52,NA,2014,
656,7-Jul-14,Lunes,24,NA,50,NA,2014,
657,8-Jul-14,Martes,24,NA,44,NA,2014,
658,9-Jul-14,Miércoles,24,NA,51,NA,2014,
659,10-Jul-14,Jueves,24,NA,48,NA,2014,
660,11-Jul-14,Viernes,24,NA,48,NA,2014,
661,14-Jul-14,Lunes,24,NA,48,NA,2014,
662,15-Jul-14,Martes,24,NA,47,NA,2014,
663,16-Jul-14,Miércoles,24,NA,47,NA,2014,
664,17-Jul-14,Jueves,24,NA,48,NA,2014,
665,18-Jul-14,Viernes,24,NA,49,NA,2014,
666,21-Jul-14,Lunes,24,NA,47,NA,2014,
667,22-Jul-14,Martes,24,NA,49,NA,2014,
668,23-Jul-14,Miércoles,22,NA,47,NA,2014,
669,24-Jul-14,Jueves,24,NA,48,NA,2014,
670,25-Jul-14,Viernes,25,NA,48,NA,2014,
671,28-Jul-14,Lunes,24,NA,61,NA,2014,
672,29-Jul-14,Martes,24,NA,61,NA,2014,
673,30-Jul-14,Miércoles,24,NA,57,NA,2014,
674,31-Jul-14,Jueves,25,NA,61,NA,2014,
675,1-Aug-14,Viernes,24,NA,48,NA,2014,
676,4-Aug-14,Lunes,24,NA,61,NA,2014,
677,5-Aug-14,Martes,24,NA,44,NA,2014,
678,6-Aug-14,Miércoles,24,NA,57,NA,2014,
679,7-Aug-14,Jueves,24,NA,56,NA,2014,
680,8-Aug-14,Viernes,23,NA,52,NA,2014,
681,11-Aug-14,Lunes,23,NA,48,NA,2014,
682,12-Aug-14,Martes,24,NA,48,NA,2014,
683,13-Aug-14,Miércoles,24,NA,53,NA,2014,
684,14-Aug-14,Jueves,24,NA,54,NA,2014,
685,15-Aug-14,Viernes,24,NA,49,NA,2014,
686,18-Aug-14,Lunes,24,NA,53,NA,2014,
687,19-Aug-14,Martes,24,NA,57,NA,2014,
688,20-Aug-14,Miércoles,24,NA,53,NA,2014,
689,21-Aug-14,Jueves,24,NA,55,NA,2014,
690,22-Aug-14,Viernes,24,NA,50,NA,2014,
691,25-Aug-14,Lunes,24,NA,51,NA,2014,
692,26-Aug-14,Martes,24,NA,53,NA,2014,
693,27-Aug-14,Miércoles,24,NA,51,NA,2014,
694,28-Aug-14,Jueves,24,NA,53,NA,2014,
695,29-Aug-14,Viernes,23,NA,53,NA,2014,
696,1-Sep-14,Lunes,24,NA,56,NA,2014,
697,2-Sep-14,Martes,24,NA,55,NA,2014,
698,3-Sep-14,Miércoles,24,NA,56,NA,2014,
699,4-Sep-14,Jueves,24,NA,56,NA,2014,
700,5-Sep-14,Viernes,23,NA,55,NA,2014,
701,8-Sep-14,Lunes,24,NA,50,NA,2014,
702,9-Sep-14,Martes,24,NA,51,NA,2014,
703,10-Sep-14,Miércoles,24,NA,53,NA,2014,
704,11-Sep-14,Jueves,24,NA,53,NA,2014,
705,12-Sep-14,Viernes,23,NA,59,NA,2014,
706,15-Sep-14,Lunes,23,NA,56,NA,2014,
707,16-Sep-14,Martes,24,NA,57,NA,2014,
708,17-Sep-14,Miércoles,23,NA,57,NA,2014,
709,18-Sep-14,Jueves,23,NA,58,NA,2014,
710,19-Sep-14,Viernes,24,NA,59,NA,2014,
711,22-Sep-14,Lunes,24,NA,58,NA,2014,
712,23-Sep-14,Martes,24,NA,56,NA,2014,
713,24-Sep-14,Miércoles,23,NA,56,NA,2014,
714,25-Sep-14,Jueves,24,NA,58,NA,2014,
715,26-Sep-14,Viernes,24,NA,58,NA,2014,
716,29-Sep-14,Lunes,23,NA,52,NA,2014,
717,30-Sep-14,Martes,24,NA,58,NA,2014,
718,1-Oct-14,Miércoles,24,NA,52,NA,2014,
719,2-Oct-14,Jueves,23,NA,58,NA,2014,
720,3-Oct-14,Viernes,24,NA,58,NA,2014,
721,6-Oct-14,Lunes,23,NA,52,NA,2014,
722,7-Oct-14,Martes,23,NA,52,NA,2014,
723,8-Oct-14,Miércoles,23,NA,57,NA,2014,
724,9-Oct-14,Jueves,24,NA,58,NA,2014,
725,10-Oct-14,Viernes,23,NA,58,NA,2014,
726,13-Oct-14,Lunes,24,NA,50,NA,2014,
727,14-Oct-14,Martes,24,NA,52,NA,2014,
728,15-Oct-14,Miércoles,24,NA,58,NA,2014,
729,16-Oct-14,Jueves,23,NA,58,NA,2014,
730,17-Oct-14,Viernes,24,NA,59,NA,2014,
731,20-Oct-14,Lunes,23,NA,56,NA,2014,
732,21-Oct-14,Martes,23,NA,52,NA,2014,
733,22-Oct-14,Miércoles,23,NA,63,NA,2014,
734,23-Oct-14,Jueves,23,NA,53,NA,2014,
735,24-Oct-14,Viernes,23,NA,54,NA,2014,
736,27-Oct-14,Lunes,23,NA,54,NA,2014,
737,28-Oct-14,Martes,23,NA,51,NA,2014,
738,29-Oct-14,Miércoles,23,NA,53,NA,2014,
739,30-Oct-14,Jueves,24,NA,51,NA,2014,
740,31-Oct-14,Viernes,24,NA,54,NA,2014,
741,3-Nov-14,Lunes,23,NA,51,NA,2014,
742,4-Nov-14,Martes,24,NA,54,NA,2014,
743,5-Nov-14,Miércoles,24,NA,66,NA,2014,
744,6-Nov-14,Jueves,24,NA,54,NA,2014,
745,7-Nov-14,Viernes,23,NA,54,NA,2014,
746,10-Nov-14,Lunes,24,NA,51,NA,2014,
747,11-Nov-14,Martes,24,NA,55,NA,2014,
748,12-Nov-14,Miércoles,24,NA,52,NA,2014,
749,13-Nov-14,Jueves,24,NA,52,NA,2014,
750,14-Nov-14,Viernes,23,NA,60,NA,2014,
751,17-Nov-14,Lunes,24,NA,60,NA,2014,
752,18-Nov-14,Martes,24,NA,58,NA,2014,
753,19-Nov-14,Miércoles,24,NA,56,NA,2014,
754,20-Nov-14,Jueves,23,NA,67,NA,2014,
755,21-Nov-14,Viernes,23,NA,52,NA,2014,
756,24-Nov-14,Lunes,24,NA,50,NA,2014,
757,25-Nov-14,Martes,24,NA,50,NA,2014,
758,26-Nov-14,Miércoles,23,NA,51,NA,2014,
759,27-Nov-14,Jueves,24,NA,53,NA,2014,
760,28-Nov-14,Viernes,24,NA,60,NA,2014,
761,1-Dec-14,Lunes,24,NA,67,NA,2014,
762,2-Dec-14,Martes,22,NA,52,NA,2014,
763,3-Dec-14,Miércoles,24,NA,53,NA,2014,
764,4-Dec-14,Jueves,23,NA,52,NA,2014,
765,5-Dec-14,Viernes,24,NA,60,NA,2014,
766,8-Dec-14,Lunes,24,NA,61,NA,2014,
767,9-Dec-14,Martes,23,NA,52,NA,2014,
768,10-Dec-14,Miércoles,24,NA,60,NA,2014,
769,11-Dec-14,Jueves,24,NA,62,NA,2014,
770,12-Dec-14,Viernes,23,NA,58,NA,2014,
771,15-Dec-14,Lunes,24,NA,50,NA,2014,
772,16-Dec-14,Martes,24,NA,58,NA,2014,
773,17-Dec-14,Miércoles,24,NA,59,NA,2014,
774,18-Dec-14,Jueves,24,NA,58,NA,2014,
775,19-Dec-14,Viernes,24,NA,58,NA,2014,
776,22-Dec-14,Lunes,24,NA,53,NA,2014,
777,23-Dec-14,Martes,23,NA,55,NA,2014,
778,24-Dec-14,Miércoles,,NA,,NA,2014,
779,25-Dec-14,Jueves,,NA,,NA,2014,
780,26-Dec-14,Viernes,,NA,,NA,2014,
781,29-Dec-14,Lunes,22,NA,34,NA,2014,
782,30-Dec-14,Martes,22,NA,34,NA,2014,
783,31-Dec-14,Miércoles,23,NA,35,NA,2014,
784,1-Jan-15,Jueves,23,NA,34,NA,2015,
785,2-Jan-15,Viernes,23,NA,31,NA,2015,
786,5-Jan-15,Lunes,23,NA,40,NA,2015,
787,6-Jan-15,Martes,24,NA,35,NA,2015,
788,7-Jan-15,Miércoles,22,NA,33,NA,2015,
789,8-Jan-15,Jueves,25,NA,38,NA,2015,
790,9-Jan-15,Viernes,25,NA,36,NA,2015,
791,12-Jan-15,Lunes,24,NA,35,NA,2015,
792,13-Jan-15,Martes,23,NA,42,NA,2015,
793,14-Jan-15,Miércoles,22,NA,45,NA,2015,
794,15-Jan-15,Jueves,24,NA,45,NA,2015,
795,16-Jan-15,Viernes,22,NA,36,NA,2015,
796,19-Jan-15,Lunes,23,NA,35,NA,2015,
797,20-Jan-15,Martes,22,NA,35,NA,2015,
798,21-Jan-15,Miércoles,23,NA,35,NA,2015,
799,22-Jan-15,Jueves,22,NA,35,NA,2015,
800,23-Jan-15,Viernes,22,NA,40,NA,2015,
801,26-Jan-15,Lunes,23,NA,40,NA,2015,
802,27-Jan-15,Martes,23,NA,41,NA,2015,
803,28-Jan-15,Miércoles,23,NA,43,NA,2015,
804,29-Jan-15,Jueves,22,NA,39,NA,2015,
805,30-Jan-15,Viernes,22,NA,36,NA,2015,
806,2-Feb-15,Lunes,20,NA,40,NA,2015,
807,3-Feb-15,Martes,20,NA,56,NA,2015,
808,4-Feb-15,Miércoles,22,NA,55,NA,2015,
809,5-Feb-15,Jueves,24,NA,50,NA,2015,
810,6-Feb-15,Viernes,25,NA,50,NA,2015,
811,9-Feb-15,Lunes,25,NA,56,NA,2015,
812,10-Feb-15,Martes,23,NA,48,NA,2015,
813,11-Feb-15,Miércoles,22,NA,42,NA,2015,
814,12-Feb-15,Jueves,22,NA,30,NA,2015,
815,13-Feb-15,Viernes,23,NA,31,NA,2015,
816,16-Feb-15,Lunes,23,NA,36,NA,2015,
817,17-Feb-15,Martes,23,NA,36,NA,2015,
818,18-Feb-15,Miércoles,23,NA,36,NA,2015,
819,19-Feb-15,Jueves,22,NA,36,NA,2015,
820,20-Feb-15,Viernes,22,NA,35,NA,2015,
821,23-Feb-15,Lunes,20,NA,33,NA,2015,
822,24-Feb-15,Martes,24,NA,36,NA,2015,
823,25-Feb-15,Miércoles,22,NA,36,NA,2015,
824,26-Feb-15,Jueves,23,NA,35,NA,2015,
825,27-Feb-15,Viernes,23,NA,35,NA,2015,
826,2-Mar-15,Lunes,22,NA,38,NA,2015,
827,3-Mar-15,Martes,23,NA,51,NA,2015,
828,4-Mar-15,Miércoles,23,NA,51,NA,2015,
829,5-Mar-15,Jueves,22,NA,54,NA,2015,
830,6-Mar-15,Viernes,22,NA,39,NA,2015,
831,9-Mar-15,Lunes,24,NA,37,NA,2015,
832,10-Mar-15,Martes,25,NA,36,NA,2015,
833,11-Mar-15,Miércoles,25,NA,35,NA,2015,
834,12-Mar-15,Jueves,24,NA,35,NA,2015,
835,13-Mar-15,Viernes,24,NA,36,NA,2015,
836,16-Mar-15,Lunes,25,NA,38,NA,2015,
837,17-Mar-15,Martes,22,NA,38,NA,2015,
838,18-Mar-15,Miércoles,23,NA,50,NA,2015,
839,19-Mar-15,Jueves,25,NA,37,NA,2015,
840,20-Mar-15,Viernes,22,NA,36,NA,2015,
841,23-Mar-15,Lunes,22,NA,35,NA,2015,
842,24-Mar-15,Martes,22,NA,35,NA,2015,
843,25-Mar-15,Miércoles,22,NA,38,NA,2015,
844,26-Mar-15,Jueves,22,NA,39,NA,2015,
845,27-Mar-15,Viernes,23,NA,39,NA,2015,
846,30-Mar-15,Lunes,24,NA,40,NA,2015,
847,31-Mar-15,Martes,24,NA,40,NA,2015,
848,1-Apr-15,Miércoles,24,NA,41,NA,2015,
849,2-Apr-15,Jueves,22,NA,39,NA,2015,
850,3-Apr-15,Viernes,22,NA,36,NA,2015,
851,6-Apr-15,Lunes,22,NA,35,NA,2015,
852,7-Apr-15,Martes,24,NA,36,NA,2015,
853,8-Apr-15,Miércoles,24,NA,31,NA,2015,
854,9-Apr-15,Jueves,23,NA,52,NA,2015,
855,10-Apr-15,Viernes,22,NA,50,NA,2015,
856,13-Apr-15,Lunes,22,NA,53,NA,2015,
857,14-Apr-15,Martes,25,NA,48,NA,2015,
858,15-Apr-15,Miércoles,24,NA,37,NA,2015,
859,16-Apr-15,Jueves,25,NA,35,NA,2015,
860,17-Apr-15,Viernes,23,NA,35,NA,2015,
861,20-Apr-15,Lunes,23,NA,35,NA,2015,
862,21-Apr-15,Martes,22,NA,35,NA,2015,
863,22-Apr-15,Miércoles,22,NA,37,NA,2015,
864,23-Apr-15,Jueves,23,NA,35,NA,2015,
865,24-Apr-15,Viernes,23,NA,31,NA,2015,
866,27-Apr-15,Lunes,23,NA,35,NA,2015,
867,28-Apr-15,Martes,22,NA,34,NA,2015,
868,29-Apr-15,Miércoles,22,NA,35,NA,2015,
869,30-Apr-15,Jueves,22,NA,35,NA,2015,
870,1-May-15,Viernes,24,NA,31,NA,2015,
871,4-May-15,Lunes,23,NA,35,NA,2015,
872,5-May-15,Martes,22,NA,40,NA,2015,
873,6-May-15,Miércoles,22,NA,41,NA,2015,
874,7-May-15,Jueves,22,NA,37,NA,2015,
875,8-May-15,Viernes,23,NA,36,NA,2015,
876,11-May-15,Lunes,24,NA,35,NA,2015,
877,12-May-15,Martes,24,NA,35,NA,2015,
878,13-May-15,Miércoles,24,NA,35,NA,2015,
879,14-May-15,Jueves,23,NA,36,NA,2015,
880,15-May-15,Viernes,23,NA,31,NA,2015,
881,18-May-15,Lunes,22,NA,35,NA,2015,
882,19-May-15,Martes,22,NA,35,NA,2015,
883,20-May-15,Miércoles,22,NA,37,NA,2015,
884,21-May-15,Jueves,22,NA,37,NA,2015,
885,22-May-15,Viernes,22,NA,35,NA,2015,
886,25-May-15,Lunes,21,NA,35,NA,2015,
887,26-May-15,Martes,22,NA,31,NA,2015,
888,27-May-15,Miércoles,23,NA,30,NA,2015,
889,28-May-15,Jueves,24,NA,35,NA,2015,
890,29-May-15,Viernes,24,NA,35,NA,2015,
891,1-Jun-15,Lunes,24,NA,35,NA,2015,
892,2-Jun-15,Martes,22,NA,36,NA,2015,
893,3-Jun-15,Miércoles,22,NA,33,NA,2015,
894,4-Jun-15,Jueves,22,NA,31,NA,2015,
895,5-Jun-15,Viernes,22,NA,31,NA,2015,
896,8-Jun-15,Lunes,22,NA,35,NA,2015,
897,9-Jun-15,Martes,22,NA,35,NA,2015,
898,10-Jun-15,Miércoles,23,NA,35,NA,2015,
899,11-Jun-15,Jueves,23,NA,35,NA,2015,
900,12-Jun-15,Viernes,24,NA,34,NA,2015,
901,15-Jun-15,Lunes,23,NA,31,NA,2015,
902,16-Jun-15,Martes,22,NA,31,NA,2015,
903,17-Jun-15,Miércoles,22,NA,35,NA,2015,
904,18-Jun-15,Jueves,24,NA,35,NA,2015,
905,19-Jun-15,Viernes,25,NA,35,NA,2015,
906,22-Jun-15,Lunes,25,NA,35,NA,2015,
907,23-Jun-15,Martes,22,NA,35,NA,2015,
908,24-Jun-15,Miércoles,22,NA,34,NA,2015,
909,25-Jun-15,Jueves,23,NA,34,NA,2015,
910,26-Jun-15,Viernes,22,NA,31,NA,2015,
911,29-Jun-15,Lunes,22,NA,34,NA,2015,
912,30-Jun-15,Martes,22,NA,34,NA,2015,
913,1-Jul-15,Miércoles,23,NA,33,NA,2015,
914,2-Jul-15,Jueves,23,NA,34,NA,2015,
915,3-Jul-15,Viernes,21,NA,34,NA,2015,
916,6-Jul-15,Lunes,22,NA,31,NA,2015,
917,7-Jul-15,Martes,23,NA,30,NA,2015,
918,8-Jul-15,Miércoles,22,NA,35,NA,2015,
919,9-Jul-15,Jueves,22,NA,35,NA,2015,
920,10-Jul-15,Viernes,23,NA,33,NA,2015,
921,13-Jul-15,Lunes,22,NA,34,NA,2015,
922,14-Jul-15,Martes,21,NA,35,NA,2015,
923,15-Jul-15,Miércoles,20,NA,35,NA,2015,
924,16-Jul-15,Jueves,20,NA,31,NA,2015,
925,17-Jul-15,Viernes,22,NA,30,NA,2015,
926,20-Jul-15,Lunes,23,NA,31,NA,2015,
927,21-Jul-15,Martes,21,NA,32,NA,2015,
928,22-Jul-15,Miércoles,22,NA,32,NA,2015,
929,23-Jul-15,Jueves,22,NA,32,NA,2015,
930,24-Jul-15,Viernes,23,NA,33,NA,2015,
931,27-Jul-15,Lunes,21,NA,35,NA,2015,
932,28-Jul-15,Martes,22,NA,35,NA,2015,
933,29-Jul-15,Miércoles,23,NA,31,NA,2015,
934,30-Jul-15,Jueves,24,NA,30,NA,2015,
935,31-Jul-15,Viernes,24,NA,36,NA,2015,
936,3-Aug-15,Lunes,24,NA,36,NA,2015,
937,4-Aug-15,Martes,22,NA,31,NA,2015,
938,5-Aug-15,Miércoles,23,NA,39,NA,2015,
939,6-Aug-15,Jueves,23,NA,33,NA,2015,
940,7-Aug-15,Viernes,21,NA,38,NA,2015,
941,10-Aug-15,Lunes,22,NA,34,NA,2015,
942,11-Aug-15,Martes,22,NA,33,NA,2015,
943,12-Aug-15,Miércoles,21,NA,31,NA,2015,
944,13-Aug-15,Jueves,25,NA,35,NA,2015,
945,14-Aug-15,Viernes,23,NA,36,NA,2015,
946,17-Aug-15,Lunes,29,NA,35,NA,2015,
947,18-Aug-15,Martes,25,NA,33,NA,2015,
948,19-Aug-15,Miércoles,26,NA,33,NA,2015,
949,20-Aug-15,Jueves,25,NA,34,NA,2015,
950,21-Aug-15,Viernes,26,NA,32,NA,2015,
951,24-Aug-15,Lunes,22,NA,36,NA,2015,
952,25-Aug-15,Martes,23,NA,36,NA,2015,
953,26-Aug-15,Miércoles,24,NA,33,NA,2015,
954,27-Aug-15,Jueves,21,NA,34,NA,2015,
955,28-Aug-15,Viernes,24,NA,30,NA,2015,
956,31-Aug-15,Lunes,22,NA,31,NA,2015,
957,1-Sep-15,Martes,22,NA,36,NA,2015,
958,2-Sep-15,Miércoles,20,NA,37,NA,2015,
959,3-Sep-15,Jueves,20,NA,36,NA,2015,
960,4-Sep-15,Viernes,20,NA,35,NA,2015,
961,7-Sep-15,Lunes,,NA,,NA,2015,
962,8-Sep-15,Martes,,NA,,NA,2015,
963,9-Sep-15,Miércoles,,NA,,NA,2015,
964,10-Sep-15,Jueves,,NA,,NA,2015,
965,11-Sep-15,Viernes,,NA,,NA,2015,
966,14-Sep-15,Lunes,20,NA,50,NA,2015,
967,15-Sep-15,Martes,20,NA,52,NA,2015,
968,16-Sep-15,Miércoles,20,NA,56,NA,2015,
969,17-Sep-15,Jueves,18,NA,58,NA,2015,
970,18-Sep-15,Viernes,22,NA,58,NA,2015,
971,21-Sep-15,Lunes,20,NA,53,NA,2015,
972,22-Sep-15,Martes,24,NA,53,NA,2015,
973,23-Sep-15,Miércoles,24,NA,40,NA,2015,
974,24-Sep-15,Jueves,24,NA,36,NA,2015,
975,25-Sep-15,Viernes,22,NA,35,NA,2015,
976,28-Sep-15,Lunes,20,NA,39,NA,2015,
977,29-Sep-15,Martes,20,NA,36,NA,2015,
978,30-Sep-15,Miércoles,18,NA,61,NA,2015,
979,1-Oct-15,Jueves,18,NA,66,NA,2015,
980,2-Oct-15,Viernes,18,NA,67,NA,2015,
981,5-Oct-15,Lunes,17,NA,61,NA,2015,
982,6-Oct-15,Martes,18,NA,61,NA,2015,
983,7-Oct-15,Miércoles,19,NA,47,NA,2015,
984,8-Oct-15,Jueves,19,NA,46,NA,2015,
985,9-Oct-15,Viernes,20,NA,28,NA,2015,
986,12-Oct-15,Lunes,21,NA,60,NA,2015,
987,13-Oct-15,Martes,17,NA,60,NA,2015,
988,14-Oct-15,Miércoles,17,NA,63,NA,2015,
989,15-Oct-15,Jueves,16,NA,58,NA,2015,
990,16-Oct-15,Viernes,17,NA,58,NA,2015,
991,19-Oct-15,Lunes,17,NA,60,NA,2015,
992,20-Oct-15,Martes,16,NA,58,NA,2015,
993,21-Oct-15,Miércoles,17,NA,55,NA,2015,
994,22-Oct-15,Jueves,17,NA,58,NA,2015,
995,23-Oct-15,Viernes,17,NA,60,NA,2015,
996,26-Oct-15,Lunes,16,NA,58,NA,2015,
997,27-Oct-15,Martes,20,NA,54,NA,2015,
998,28-Oct-15,Miércoles,21,NA,42,NA,2015,
999,29-Oct-15,Jueves,18,NA,56,NA,2015,
1000,30-Oct-15,Viernes,20,NA,58,NA,2015,
1001,2-Nov-15,Lunes,21,NA,60,NA,2015,
1002,3-Nov-15,Martes,20,NA,59,NA,2015,
1003,4-Nov-15,Miércoles,19,NA,53,NA,2015,
1004,5-Nov-15,Jueves,18,NA,55,NA,2015,
1005,6-Nov-15,Viernes,19,NA,60,NA,2015,
1006,9-Nov-15,Lunes,18,NA,49,NA,2015,
1007,10-Nov-15,Martes,17,NA,53,NA,2015,
1008,11-Nov-15,Miércoles,16,NA,48,NA,2015,
1009,12-Nov-15,Jueves,15,NA,49,NA,2015,
1010,13-Nov-15,Viernes,20,NA,38,NA,2015,
1011,16-Nov-15,Lunes,21,NA,47,NA,2015,
1012,17-Nov-15,Martes,17,NA,51,NA,2015,
1013,18-Nov-15,Miércoles,17,NA,53,NA,2015,
1014,19-Nov-15,Jueves,18,NA,47,NA,2015,
1015,20-Nov-15,Viernes,19,NA,40,NA,2015,
1016,23-Nov-15,Lunes,16,NA,46,NA,2015,
1017,24-Nov-15,Martes,15,NA,52,NA,2015,
1018,25-Nov-15,Miércoles,16,NA,51,NA,2015,
1019,26-Nov-15,Jueves,16,NA,49,NA,2015,
1020,27-Nov-15,Viernes,19,NA,49,NA,2015,
1021,30-Nov-15,Lunes,17,NA,51,NA,2015,
1022,1-Dec-15,Martes,14,NA,44,NA,2015,
1023,2-Dec-15,Miércoles,18,NA,39,NA,2015,
1024,3-Dec-15,Jueves,21,NA,42,NA,2015,
1025,4-Dec-15,Viernes,,NA,,NA,2015,
1026,7-Dec-15,Lunes,24,NA,39,NA,2015,
1027,8-Dec-15,Martes,24,NA,39,NA,2015,
1028,9-Dec-15,Miércoles,25,NA,36,NA,2015,
1029,10-Dec-15,Jueves,25,NA,52,NA,2015,
1030,11-Dec-15,Viernes,16,NA,54,NA,2015,
1031,14-Dec-15,Lunes,27,NA,64,NA,2015,
1032,15-Dec-15,Martes,19,NA,42,NA,2015,
1033,16-Dec-15,Miércoles,18,NA,55,NA,2015,
1034,17-Dec-15,Jueves,20,NA,54,NA,2015,
1035,18-Dec-15,Viernes,18,NA,55,NA,2015,
1036,21-Dec-15,Lunes,18,NA,55,NA,2015,
1037,22-Dec-15,Martes,20,NA,54,NA,2015,
1038,23-Dec-15,Miércoles,22,NA,55,NA,2015,
1039,24-Dec-15,Jueves,22,NA,56,NA,2015,
1040,25-Dec-15,Viernes,20,NA,58,NA,2015,
1041,28-Dec-15,Lunes,18,NA,60,NA,2015,
1042,29-Dec-15,Martes,18,NA,60,NA,2015,
1043,30-Dec-15,Miércoles,20,NA,56,NA,2015,
1044,31-Dec-15,Jueves,20,NA,43,NA,2015,
1045,1-Jan-16,Viernes,20,NA,45,NA,2016,
1046,4-Jan-16,Lunes,22,NA,45,NA,2016,
1047,5-Jan-16,Martes,20,NA,46,NA,2016,
1048,6-Jan-16,Miércoles,22,NA,50,NA,2016,
1049,7-Jan-16,Jueves,20,NA,54,NA,2016,
1050,8-Jan-16,Viernes,20,NA,54,NA,2016,
1051,11-Jan-16,Lunes,20,NA,56,NA,2016,
1052,12-Jan-16,Martes,20,NA,56,NA,2016,
1053,13-Jan-16,Miércoles,18,NA,56,NA,2016,
1054,14-Jan-16,Jueves,18,NA,56,NA,2016,
1055,15-Jan-16,Viernes,20,NA,54,NA,2016,
1056,18-Jan-16,Lunes,20,NA,54,NA,2016,
1057,19-Jan-16,Martes,20,NA,54,NA,2016,
1058,20-Jan-16,Miércoles,20,NA,50,NA,2016,
1059,21-Jan-16,Jueves,20,NA,48,NA,2016,
1060,22-Jan-16,Viernes,20,NA,46,NA,2016,
1061,25-Jan-16,Lunes,20,NA,45,NA,2016,
1062,26-Jan-16,Martes,20,NA,45,NA,2016,
1063,27-Jan-16,Miércoles,20,NA,45,NA,2016,
1064,28-Jan-16,Jueves,20,NA,43,NA,2016,
1065,29-Jan-16,Viernes,18,NA,44,NA,2016,
1066,1-Feb-16,Lunes,18,NA,45,NA,2016,
1067,2-Feb-16,Martes,17,NA,45,NA,2016,
1068,3-Feb-16,Miércoles,17,NA,50,NA,2016,
1069,4-Feb-16,Jueves,18,NA,54,NA,2016,
1070,5-Feb-16,Viernes,18,NA,54,NA,2016,
1071,8-Feb-16,Lunes,,NA,,NA,2016,
1072,9-Feb-16,Martes,,NA,,NA,2016,
1073,10-Feb-16,Miércoles,20,NA,54,NA,2016,
1074,11-Feb-16,Jueves,20,NA,52,NA,2016,
1075,12-Feb-16,Viernes,20,NA,60,NA,2016,
1076,15-Feb-16,Lunes,,NA,,NA,2016,
1077,16-Feb-16,Martes,,NA,,NA,2016,
1078,17-Feb-16,Miércoles,,NA,,NA,2016,
1079,18-Feb-16,Jueves,,NA,,NA,2016,
1080,19-Feb-16,Viernes,,NA,,NA,2016,
1081,22-Feb-16,Lunes,,NA,,NA,2016,
1082,23-Feb-16,Martes,21,NA,43,NA,2016,
1083,24-Feb-16,Miércoles,22,NA,44,NA,2016,
1084,25-Feb-16,Jueves,21,NA,38,NA,2016,
1085,26-Feb-16,Viernes,20,NA,38,NA,2016,
1086,29-Feb-16,Lunes,20,NA,49,NA,2016,
1087,1-Mar-16,Martes,18,NA,36,NA,2016,
1088,2-Mar-16,Miércoles,20,NA,49,NA,2016,
1089,3-Mar-16,Jueves,20,NA,48,NA,2016,
1090,4-Mar-16,Viernes,20,NA,40,NA,2016,
1091,7-Mar-16,Lunes,,NA,,NA,2016,
1092,8-Mar-16,Martes,,NA,,NA,2016,
1093,9-Mar-16,Miércoles,21,NA,49,NA,2016,
1094,10-Mar-16,Jueves,20,NA,46,NA,2016,
1095,11-Mar-16,Viernes,20,NA,41,NA,2016,
1096,14-Mar-16,Lunes,20,NA,45,NA,2016,
1097,15-Mar-16,Martes,21,NA,45,NA,2016,
1098,16-Mar-16,Miércoles,21,NA,53,NA,2016,
1099,17-Mar-16,Jueves,20,NA,46,NA,2016,
1100,18-Mar-16,Viernes,19,NA,38,NA,2016,
1101,21-Mar-16,Lunes,,NA,,NA,2016,
1102,22-Mar-16,Martes,18,NA,36,NA,2016,
1103,23-Mar-16,Miércoles,19,NA,38,NA,2016,
1104,24-Mar-16,Jueves,19,NA,48,NA,2016,
1105,25-Mar-16,Viernes,20,NA,53,NA,2016,
1106,28-Mar-16,Lunes,19,NA,48,NA,2016,
1107,29-Mar-16,Martes,20,NA,54,NA,2016,
1108,30-Mar-16,Miércoles,19,NA,49,NA,2016,
1109,31-Mar-16,Jueves,20,NA,48,NA,2016,
1110,1-Apr-16,Viernes,19,NA,48,NA,2016,
1111,4-Apr-16,Lunes,20,NA,50,NA,2016,
1112,5-Apr-16,Martes,20,NA,54,NA,2016,
1113,6-Apr-16,Miércoles,19,NA,48,NA,2016,
1114,7-Apr-16,Jueves,18,NA,58,NA,2016,
1115,8-Apr-16,Viernes,20,NA,45,NA,2016,
1116,11-Apr-16,Lunes,20,NA,49,NA,2016,
1117,12-Apr-16,Martes,20,NA,45,NA,2016,
1118,13-Apr-16,Miércoles,20,NA,40,NA,2016,
1119,14-Apr-16,Jueves,19,NA,38,NA,2016,
1120,15-Apr-16,Viernes,19,NA,33,NA,2016,
1121,18-Apr-16,Lunes,18,NA,38,NA,2016,
1122,19-Apr-16,Martes,18,NA,38,NA,2016,
1123,20-Apr-16,Miércoles,20,NA,39,NA,2016,
1124,21-Apr-16,Jueves,18,NA,38,NA,2016,
1125,22-Apr-16,Viernes,18,NA,35,NA,2016,
1126,25-Apr-16,Lunes,20,NA,41,NA,2016,
1127,26-Apr-16,Martes,20,NA,35,NA,2016,
1128,27-Apr-16,Miércoles,20,NA,40,NA,2016,
1129,28-Apr-16,Jueves,18,NA,51,NA,2016,
1130,29-Apr-16,Viernes,19,NA,31,NA,2016,
1131,2-May-16,Lunes,20,NA,22,NA,2016,
1132,3-May-16,Martes,20,NA,31,NA,2016,
1133,4-May-16,Miércoles,20,NA,23,NA,2016,
1134,5-May-16,Jueves,18,NA,44,NA,2016,
1135,6-May-16,Viernes,18,NA,38,NA,2016,
1136,9-May-16,Lunes,20,NA,35,NA,2016,
1137,10-May-16,Martes,20,NA,45,NA,2016,
1138,11-May-16,Miércoles,18,NA,45,NA,2016,
1139,12-May-16,Jueves,18,NA,42,NA,2016,
1140,13-May-16,Viernes,20,NA,43,NA,2016,
1141,16-May-16,Lunes,19,NA,39,NA,2016,
1142,17-May-16,Martes,19,NA,43,NA,2016,
1143,18-May-16,Miércoles,20,NA,40,NA,2016,
1144,19-May-16,Jueves,19,NA,41,NA,2016,
1145,20-May-16,Viernes,19,NA,45,NA,2016,
1146,23-May-16,Lunes,18,NA,50,NA,2016,
1147,24-May-16,Martes,18,NA,51,NA,2016,
1148,25-May-16,Miércoles,19,NA,43,NA,2016,
1149,26-May-16,Jueves,19,NA,42,NA,2016,
1150,27-May-16,Viernes,19,NA,41,NA,2016,
1151,30-May-16,Lunes,23,NA,56,NA,2016,
1152,31-May-16,Martes,20,NA,51,NA,2016,
1153,1-Jun-16,Miércoles,22,NA,55,NA,2016,
1154,2-Jun-16,Jueves,23,NA,56,NA,2016,
1155,3-Jun-16,Viernes,23,NA,54,NA,2016,
1156,6-Jun-16,Lunes,23,NA,51,NA,2016,
1157,7-Jun-16,Martes,23,NA,51,NA,2016,
1158,8-Jun-16,Miércoles,22,NA,50,NA,2016,
1159,9-Jun-16,Jueves,19,NA,49,NA,2016,
1160,10-Jun-16,Viernes,19,NA,48,NA,2016,
1161,13-Jun-16,Lunes,20,NA,48,NA,2016,
1162,14-Jun-16,Martes,21,NA,45,NA,2016,
1163,15-Jun-16,Miércoles,24,NA,54,NA,2016,
1164,16-Jun-16,Jueves,23,NA,53,NA,2016,
1165,17-Jun-16,Viernes,23,NA,49,NA,2016,
1166,20-Jun-16,Lunes,19,NA,49,NA,2016,
1167,21-Jun-16,Martes,21,NA,50,NA,2016,
1168,22-Jun-16,Miércoles,21,NA,50,NA,2016,
1169,23-Jun-16,Jueves,23,NA,49,NA,2016,
1170,24-Jun-16,Viernes,21,NA,49,NA,2016,
1171,27-Jun-16,Lunes,20,NA,53,NA,2016,
1172,28-Jun-16,Martes,19,NA,55,NA,2016,
1173,29-Jun-16,Miércoles,19,NA,51,NA,2016,
1174,30-Jun-16,Jueves,21,NA,53,NA,2016,
1175,1-Jul-16,Viernes,21,NA,53,NA,2016,
1176,4-Jul-16,Lunes,22,NA,64,NA,2016,
1177,5-Jul-16,Martes,21,NA,50,NA,2016,
1178,6-Jul-16,Miércoles,22,NA,53,NA,2016,
1179,7-Jul-16,Jueves,18,NA,51,NA,2016,
1180,8-Jul-16,Viernes,18,NA,48,NA,2016,
1181,11-Jul-16,Lunes,19,NA,48,NA,2016,
1182,12-Jul-16,Martes,20,NA,48,NA,2016,
1183,13-Jul-16,Miércoles,20,NA,52,NA,2016,
1184,14-Jul-16,Jueves,19,NA,46,NA,2016,
1185,15-Jul-16,Viernes,22,NA,45,NA,2016,
1186,18-Jul-16,Lunes,23,NA,48,NA,2016,
1187,19-Jul-16,Martes,23,NA,46,NA,2016,
1188,20-Jul-16,Miércoles,23,NA,48,NA,2016,
1189,21-Jul-16,Jueves,22,NA,51,NA,2016,
1190,22-Jul-16,Viernes,19,NA,53,NA,2016,
1191,25-Jul-16,Lunes,19,NA,53,NA,2016,
1192,26-Jul-16,Martes,20,NA,54,NA,2016,
1193,27-Jul-16,Miércoles,22,NA,46,NA,2016,
1194,28-Jul-16,Jueves,23,NA,47,NA,2016,
1195,29-Jul-16,Viernes,24,NA,51,NA,2016,
1196,1-Aug-16,Lunes,24,NA,51,NA,2016,
1197,2-Aug-16,Martes,23,NA,52,NA,2016,
1198,3-Aug-16,Miércoles,23,NA,60,NA,2016,
1199,4-Aug-16,Jueves,20,NA,51,NA,2016,
1200,5-Aug-16,Viernes,23,NA,46,NA,2016,
1201,8-Aug-16,Lunes,20,NA,41,NA,2016,
1202,9-Aug-16,Martes,24,NA,45,NA,2016,
1203,10-Aug-16,Miércoles,20,NA,48,NA,2016,
1204,11-Aug-16,Jueves,21,NA,53,NA,2016,
1205,12-Aug-16,Viernes,23,NA,53,NA,2016,
1206,15-Aug-16,Lunes,23,NA,48,NA,2016,
1207,16-Aug-16,Martes,22,NA,45,NA,2016,
1208,17-Aug-16,Miércoles,21,NA,41,NA,2016,
1209,18-Aug-16,Jueves,22,NA,41,NA,2016,
1210,19-Aug-16,Viernes,20,NA,56,NA,2016,
1211,22-Aug-16,Lunes,23,NA,44,NA,2016,
1212,23-Aug-16,Martes,23,NA,45,NA,2016,
1213,24-Aug-16,Miércoles,21,NA,44,NA,2016,
1214,25-Aug-16,Jueves,20,NA,46,NA,2016,
1215,26-Aug-16,Viernes,23,NA,45,NA,2016,
1216,29-Aug-16,Lunes,20,NA,43,NA,2016,
1217,30-Aug-16,Martes,20,NA,41,NA,2016,
1218,31-Aug-16,Miércoles,22,NA,41,NA,2016,
1219,1-Sep-16,Jueves,22,NA,43,NA,2016,
1220,2-Sep-16,Viernes,21,NA,40,NA,2016,
1221,5-Sep-16,Lunes,20,NA,41,NA,2016,
1222,6-Sep-16,Martes,20,NA,45,NA,2016,
1223,7-Sep-16,Miércoles,22,NA,45,NA,2016,
1224,8-Sep-16,Jueves,22,NA,53,NA,2016,
1225,9-Sep-16,Viernes,21,NA,48,NA,2016,
1226,12-Sep-16,Lunes,21,NA,46,NA,2016,
1227,13-Sep-16,Martes,21,NA,53,NA,2016,
1228,14-Sep-16,Miércoles,22,NA,50,NA,2016,
1229,15-Sep-16,Jueves,22,NA,48,NA,2016,
1230,16-Sep-16,Viernes,22,NA,53,NA,2016,
1231,19-Sep-16,Lunes,20,NA,54,NA,2016,
1232,20-Sep-16,Martes,21,NA,48,NA,2016,
1233,21-Sep-16,Miércoles,21,NA,45,NA,2016,
1234,22-Sep-16,Jueves,23,NA,53,NA,2016,
1235,23-Sep-16,Viernes,22,NA,58,NA,2016,
1236,26-Sep-16,Lunes,22,NA,53,NA,2016,
1237,27-Sep-16,Martes,,NA,,NA,2016,
1238,28-Sep-16,Miércoles,,NA,,NA,2016,
1239,29-Sep-16,Jueves,,NA,,NA,2016,
1240,30-Sep-16,Viernes,22,NA,50,NA,2016,
1241,3-Oct-16,Lunes,22,NA,48,NA,2016,
1242,4-Oct-16,Martes,20,NA,51,NA,2016,
1243,5-Oct-16,Miércoles,22,NA,51,NA,2016,
1244,6-Oct-16,Jueves,21,NA,51,NA,2016,
1245,7-Oct-16,Viernes,22,NA,53,NA,2016,
1246,10-Oct-16,Lunes,22,NA,61,NA,2016,
1247,11-Oct-16,Martes,21,NA,53,NA,2016,
1248,12-Oct-16,Miércoles,20,NA,50,NA,2016,
1249,13-Oct-16,Jueves,22,NA,51,NA,2016,
1250,14-Oct-16,Viernes,18,NA,51,NA,2016,
1251,17-Oct-16,Lunes,20,NA,48,NA,2016,
1252,18-Oct-16,Martes,22,NA,61,NA,2016,
1253,19-Oct-16,Miércoles,22,NA,60,NA,2016,
1254,20-Oct-16,Jueves,22,NA,48,NA,2016,
1255,21-Oct-16,Viernes,22,NA,46,NA,2016,
1256,24-Oct-16,Lunes,22,NA,61,NA,2016,
1257,25-Oct-16,Martes,22,NA,48,NA,2016,
1258,26-Oct-16,Miércoles,22,NA,46,NA,2016,
1259,27-Oct-16,Jueves,22,NA,48,NA,2016,
1260,28-Oct-16,Viernes,22,NA,45,NA,2016,
1261,31-Oct-16,Lunes,22,NA,58,NA,2016,
1262,1-Nov-16,Martes,22,NA,59,NA,2016,
1263,2-Nov-16,Miércoles,23,NA,41,NA,2016,
1264,3-Nov-16,Jueves,,NA,,NA,2016,
1265,4-Nov-16,Viernes,,NA,,NA,2016,
1266,7-Nov-16,Lunes,22,NA,61,NA,2016,
1267,8-Nov-16,Martes,22,NA,43,NA,2016,
1268,9-Nov-16,Miercoles,22,NA,40,NA,2016,
1269,10-Nov-16,Jueves,22,NA,43,NA,2016,
1270,11-Nov-16,Viernes,21,NA,50,NA,2016,
1271,14-Nov-16,Lunes,20,NA,53,NA,2016,
1272,15-Nov-16,Martes,22,NA,49,NA,2016,
1273,16-Nov-16,Miercoles,20,NA,48,NA,2016,
1274,17-Nov-16,Jueves,22,NA,51,NA,2016,
1275,18-Nov-16,Viernes,20,NA,46,NA,2016,
1276,21-Nov-16,Lunes,20,NA,48,NA,2016,
1277,22-Nov-16,Martes,22,NA,59,NA,2016,
1278,23-Nov-16,Miercoles,20,NA,43,NA,2016,
1279,24-Nov-16,Jueves,20,NA,40,NA,2016,
1280,25-Nov-16,Viernes,22,NA,45,NA,2016,
1281,28-Nov-16,Lunes,22,NA,63,NA,2016,
1282,29-Nov-16,Martes,22,NA,53,NA,2016,
1283,30-Nov-16,Miercoles,22,NA,54,NA,2016,
1284,1-Dec-16,Jueves,22,NA,46,NA,2016,
1285,2-Dec-16,Viernes,23,NA,46,NA,2016,
1286,5-Dec-16,Lunes,22,NA,56,NA,2016,
1287,6-Dec-16,Martes,22,NA,49,NA,2016,
1288,7-Dec-16,Miercoles,22,NA,46,NA,2016,
1289,8-Dec-16,Jueves,22,NA,45,NA,2016,
1290,9-Dec-16,Viernes,23,NA,44,NA,2016,
1291,12-Dec-16,Lunes,22,NA,45,NA,2016,
1292,13-Dec-16,Martes,23,NA,48,NA,2016,
1293,14-Dec-16,Miercoles,22,NA,51,NA,2016,
1294,15-Dec-16,Jueves,22,NA,46,NA,2016,
1295,16-Dec-16,Viernes,23,NA,44,NA,2016,
1296,19-Dec-16,Lunes,22,NA,43,NA,2016,
1297,20-Dec-16,Martes,22,NA,45,NA,2016,
1298,21-Dec-16,Miercoles,22,NA,44,NA,2016,
1299,22-Dec-16,Jueves,23,NA,48,NA,2016,
1300,23-Dec-16,Viernes,22,NA,49,NA,2016,
1301,26-Dec-16,Lunes,22,NA,44,NA,2016,
1302,27-Dec,Martes,22,NA,44,NA,2021,
1303,28-Dec-16,Miercoles,22,NA,45,NA,2016,
1304,29-Dec-16,Jueves,23,NA,44,NA,2016,
1305,30-Dec-16,Viernes,22,NA,46,NA,2016,
1306,2-Jan-17,Lunes,22,NA,48,NA,2017,
1307,3-Jan-17,Martes,22,NA,54,NA,2017,
1308,4-Jan-17,Miercoles,22,NA,51,NA,2017,
1309,5-Jan-17,Jueves,22,NA,44,NA,2017,
1310,6-Jan-17,Viernes,22,NA,45,NA,2017,
1311,9-Jan-17,Lunes,22,NA,48,NA,2017,
1312,10-Jan-17,Martes,22,NA,44,NA,2017,
1313,11-Jan-17,Miercoles,22,NA,40,NA,2017,
1314,12-Jan-17,Jueves,23,NA,45,NA,2017,
1315,13-Jan-17,Viernes,23,NA,37,NA,2017,
1316,16-Jan-17,Lunes,22,NA,40,NA,2017,
1317,17-Jan-17,Martes,23,NA,43,NA,2017,
1318,18-Jan-17,Miercoles,22,NA,45,NA,2017,
1319,19-Jan-17,Jueves,22,NA,42,NA,2017,
1320,20-Jan-17,Viernes,22,NA,45,NA,2017,
1321,23-Jan-17,Lunes,22,NA,45,NA,2017,
1322,24-Jan-17,Martes,22,NA,48,NA,2017,
1323,25-Jan-17,Miercoles,23,NA,50,NA,2017,
1324,26-Jan-17,Jueves,22,NA,49,NA,2017,
1325,27-Jan-17,Viernes,24,NA,45,NA,2017,
1326,30-Jan-17,Lunes,24,NA,42,NA,2017,
1327,31-Jan-17,Martes,23,NA,48,NA,2017,
1328,1-Feb-17,Miercoles,22,NA,50,NA,2017,
1329,2-Feb-17,Jueves,22,NA,50,NA,2017,
1330,3-Feb-17,Viernes,23,NA,49,NA,2017,
1331,6-Feb-17,Lunes,22,NA,54,NA,2017,
1332,7-Feb-17,Martes,23,NA,48,NA,2017,
1333,8-Feb-17,Miercoles,22,NA,45,NA,2017,
1334,9-Feb-17,Jueves,23,NA,48,NA,2017,
1335,10-Feb-17,Viernes,22,NA,48,NA,2017,
1336,13-Feb-17,Lunes,22,NA,45,NA,2017,
1337,14-Feb-17,Martes,22,NA,35,NA,2017,
1338,15-Feb-17,Miercoles,22,NA,40,NA,2017,
1339,16-Feb-17,Jueves,22,NA,54,NA,2017,
1340,17-Feb-17,Viernes,23,NA,35,NA,2017,
1341,20-Feb-17,Lunes,21,NA,54,NA,2017,
1342,21-Feb-17,Martes,22,NA,48,NA,2017,
1343,22-Feb-17,Miercoles,22,NA,54,NA,2017,
1344,23-Feb-17,Jueves,21,NA,54,NA,2017,
1345,24-Feb-17,Viernes,21,NA,48,NA,2017,
1346,27-Feb-17,Lunes,21,NA,50,NA,2017,
1347,28-Feb-17,Martes,21,NA,54,NA,2017,
1348,1-Mar-17,Miercoles,22,NA,54,NA,2017,
1349,2-Mar-17,Jueves,23,NA,50,NA,2017,
1350,3-Mar-17,Viernes,21,NA,50,NA,2017,
1351,6-Mar-17,Lunes,22,NA,35,NA,2017,
1352,7-Mar-17,Martes,22,NA,35,NA,2017,
1353,8-Mar-17,Miercoles,22,NA,35,NA,2017,
1354,9-Mar-17,Jueves,24,NA,33,NA,2017,
1355,10-Mar-17,Viernes,25,NA,35,NA,2017,
1356,13-Mar-17,Lunes,21,NA,34,NA,2017,
1357,14-Mar-17,Martes,22,NA,35,NA,2017,
1358,15-Mar-17,Miercoles,21,NA,35,NA,2017,
1359,16-Mar-17,Jueves,22,NA,48,NA,2017,
1360,17-Mar-17,Viernes,22,NA,45,NA,2017,
1361,20-Mar-17,Lunes,21,NA,48,NA,2017,
1362,21-Mar-17,Martes,20,NA,43,NA,2017,
1363,22-Mar-17,Miercoles,23,NA,39,NA,2017,
1364,23-Mar-17,Jueves,23,NA,35,NA,2017,
1365,24-Mar-17,Viernes,20,NA,35,NA,2017,
1366,27-Mar-17,Lunes,20,NA,35,NA,2017,
1367,28-Mar-17,Martes,21,NA,35,NA,2017,
1368,29-Mar-17,Miercoles,21,NA,40,NA,2017,
1369,30-Mar-17,Jueves,22,NA,45,NA,2017,
1370,31-Mar-17,Viernes,22,NA,45,NA,2017,
1371,3-Apr-17,Lunes,23,NA,40,NA,2017,
1372,4-Apr-17,Martes,22,NA,45,NA,2017,
1373,5-Apr-17,Miercoles,22,NA,45,NA,2017,
1374,6-Apr-17,Jueves,22,NA,51,NA,2017,
1375,7-Apr-17,Viernes,23,NA,50,NA,2017,
1376,10-Apr-17,Lunes,22,NA,47,NA,2017,
1377,11-Apr-17,Martes,21,NA,50,NA,2017,
1378,12-Apr-17,Miercoles,20,NA,51,NA,2017,
1379,13-Apr-17,Jueves,23,NA,53,NA,2017,
1380,14-Apr-17,Viernes,23,NA,51,NA,2017,
1381,17-Apr-17,Lunes,20,NA,48,NA,2017,
1382,18-Apr-17,Martes,21,NA,48,NA,2017,
1383,19-Apr-17,Miercoles,20,NA,47,NA,2017,
1384,20-Apr-17,Jueves,20,NA,51,NA,2017,
1385,21-Apr-17,Viernes,23,NA,50,NA,2017,
1386,22-Apr-17,Lunes,24,NA,49,NA,2017,
1387,25-Apr-17,Martes,24,NA,51,NA,2017,
1388,26-Apr-17,Miercoles,21,NA,52,NA,2017,
1389,27-Apr-17,Jueves,23,NA,53,NA,2017,
1390,28-Apr-17,Viernes,22,NA,48,NA,2017,
1391,1-May-17,Lunes,21,NA,49,NA,2017,1
1392,2-May-17,Martes,22,NA,48,NA,2017,1
1393,3-May-17,Miercoles,24,NA,51,NA,2017,1
1394,4-May-17,Jueves,21,NA,54,NA,2017,1
1395,5-May-17,Viernes,23,NA,49,NA,2017,1
1396,8-May-17,Lunes,23,NA,51,NA,2017,1
1397,9-May-17,Martes,20,NA,50,NA,2017,1
1398,10-May-17,Miercoles,21,NA,53,NA,2017,1
1399,11-May-17,Jueves,20,NA,53,NA,2017,1
1400,12-May-17,Viernes,20,NA,50,NA,2017,1
1401,15-May-17,Lunes,21,NA,49,NA,2017,1
1402,16-May-17,Martes,22,NA,41,NA,2017,1
1403,17-May-17,Miercoles,22,NA,50,NA,2017,1
1404,18-May-17,Jueves,22,NA,51,NA,2017,1
1405,19-May-17,Viernes,21,NA,49,NA,2017,1
1406,22-May-17,Lunes,20,NA,50,NA,2017,1
1407,23-May-17,Martes,20,NA,50,NA,2017,1
1408,24-May-17,Miercoles,21,NA,48,NA,2017,1
1409,25-May-17,Jueves,23,NA,53,NA,2017,1
1410,26-May-17,Viernes,20,NA,50,NA,2017,1
1411,29-May-17,Lunes,21,NA,49,NA,2017,1
1412,30-May-17,Martes,20,NA,51,NA,2017,1
1413,31-May-17,Miercoles,21,NA,48,NA,2017,1
1414,1-Jun-17,Jueves,22,NA,53,NA,2017,1
1415,2-Jun-17,Viernes,21,NA,51,NA,2017,1
1416,5-Jun-17,Lunes,21,NA,50,NA,2017,1
1417,6-Jun-17,Martes,22,NA,49,NA,2017,1
1418,7-Jun-17,Miercoles,21,NA,47,NA,2017,1
1419,8-Jun-17,Jueves,22,NA,50,NA,2017,1
1420,9-Jun-17,Viernes,22,NA,53,NA,2017,1
1421,12-Jun-17,Lunes,22,NA,48,NA,2017,1
1422,13-Jun-17,Martes,21,NA,49,NA,2017,1
1423,14-Jun-17,Miercoles,22,NA,53,NA,2017,1
1424,15-Jun-17,Jueves,24,NA,51,NA,2017,1
1425,16-Jun-17,Viernes,23,NA,53,NA,2017,1
1426,19-Jun-17,Lunes,22,NA,54,NA,2017,1
1427,20-Jun-17,Martes,21,NA,55,NA,2017,1
1428,21-Jun-17,Miercoles,23,NA,50,NA,2017,1
1429,22-Jun-17,Jueves,22,NA,52,NA,2017,1
1430,23-Jun-17,Viernes,21,NA,51,NA,2017,1
1431,26-Jun-17,Lunes,19,NA,50,NA,2017,1
1432,27-Jun-17,Martes,18,NA,53,NA,2017,1
1433,28-Jun-17,Miercoles,18,NA,53,NA,2017,1
1434,29-Jun-17,Jueves,19,NA,52,NA,2017,1
1435,30-Jun-17,Viernes,20,NA,56,NA,2017,1
1436,3-Jul-17,Lunes,21,NA,53,NA,2017,1
1437,4-Jul-17,Martes,21,NA,54,NA,2017,1
1438,5-Jul-17,Miercoles,22,NA,49,NA,2017,1
1439,6-Jul-17,Jueves,21,NA,48,NA,2017,1
1440,7-Jul-17,Viernes,22,NA,46,NA,2017,1
1441,10-Jul-17,Lunes,20,NA,53,NA,2017,1
1442,11-Jul-17,Martes,20,NA,51,NA,2017,1
1443,12-Jul-17,Miercoles,18,NA,50,NA,2017,1
1444,13-Jul-17,Jueves,18,NA,49,NA,2017,1
1445,14-Jul-17,Viernes,19,NA,49,NA,2017,1
1446,17-Jul-17,Lunes,17,NA,48,NA,2017,1
1447,18-Jul-17,Martes,18,NA,52,NA,2017,1
1448,19-Jul-17,Miercoles,18,NA,53,NA,2017,1
1449,20-Jul-17,Jueves,22,NA,55,NA,2017,1
1450,21-Jul-17,Viernes,21,NA,55,NA,2017,1
1451,24-Jul-17,Lunes,22,NA,56,NA,2017,1
1452,25-Jul-17,Martes,20,NA,54,NA,2017,1
1453,26-Jul-17,Miercoles,21,NA,48,NA,2017,1
1454,27-Jul-17,Jueves,18,NA,50,NA,2017,1
1455,28-Jul-17,Viernes,19,NA,49,NA,2017,1
1456,31-Jul-17,Lunes,19,NA,52,NA,2017,1
1457,1-Aug-17,Martes,18,NA,51,NA,2017,1
1458,2-Aug-17,Miercoles,19,NA,50,NA,2017,1
1459,3-Aug-17,Jueves,20,NA,48,NA,2017,1
1460,4-Aug-17,Viernes,20,NA,45,NA,2017,1
1461,7-Aug-17,Lunes,19,NA,45,NA,2017,1
1462,8-Aug-17,Martes,19,NA,46,NA,2017,1
1463,9-Aug-17,Miercoles,19,NA,46,NA,2017,1
1464,10-Aug-17,Jueves,19,NA,48,NA,2017,1
1465,11-Aug-17,Viernes,20,NA,50,NA,2017,1
1466,14-Aug-17,Lunes,22,NA,48,NA,2017,1
1467,15-Aug-17,Martes,21,NA,50,NA,2017,1
1468,16-Aug-17,Miercoles,19,NA,49,NA,2017,1
1469,17-Aug-17,Jueves,20,NA,52,NA,2017,1
1470,18-Aug-17,Viernes,22,NA,48,NA,2017,1
1471,21-Aug-17,Lunes,17,NA,42,NA,2017,1
1472,22-Aug-17,Martes,17,NA,45,NA,2017,1
1473,23-Aug-17,Miercoles,20,NA,46,NA,2017,1
1474,24-Aug-17,Jueves,22,NA,46,NA,2017,1
1475,25-Aug-17,Viernes,20,NA,37,NA,2017,1
1476,28-Aug-17,Lunes,21,NA,48,NA,2017,1
1477,29-Aug-17,Martes,20,NA,53,NA,2017,1
1478,30-Aug-17,Miercoles,22,NA,49,NA,2017,1
1479,31-Aug-17,Jueves,21,NA,50,NA,2017,1
1480,1-Sep-17,Viernes,20,NA,48,NA,2017,1
1481,4-Sep-17,Lunes,19,NA,50,NA,2017,1
1482,5-Sep-17,Martes,20,NA,51,NA,2017,1
1483,6-Sep-17,Miercoles,20,NA,48,NA,2017,1
1484,7-Sep-17,Jueves,21,NA,47,NA,2017,1
1485,8-Sep-17,Viernes,20,NA,51,NA,2017,1
1486,11-Sep-17,Lunes,21,NA,50,NA,2017,1
1487,12-Sep-17,Martes,22,NA,48,NA,2017,1
1488,13-Sep-17,Miercoles,20,NA,48,NA,2017,1
1489,14-Sep-17,Jueves,21,NA,53,NA,2017,1
1490,15-Sep-17,Viernes,20,NA,49,NA,2017,1
1491,18-Sep-17,Lunes,19,NA,50,NA,2017,1
1492,19-Sep-17,Martes,20,NA,51,NA,2017,1
1493,20-Sep-17,Miercoles,22,NA,48,NA,2017,1
1494,21-Sep-17,Jueves,22,NA,53,NA,2017,1
1495,22-Sep-17,Viernes,20,NA,51,NA,2017,1
1496,25-Sep-17,Lunes,20,NA,52,NA,2017,1
1497,26-Sep-17,Martes,21,NA,48,NA,2017,1
1498,27-Sep-17,Miercoles,19,NA,61,NA,2017,1
1499,28-Sep-17,Jueves,20,NA,54,NA,2017,1
1500,29-Sep-17,Viernes,16,NA,41,NA,2017,1
1501,2-Oct-17,Lunes,20,NA,49,NA,2017,1
1502,3-Oct-17,Martes,21,NA,53,NA,2017,1
1503,4-Oct-17,Miercoles,21,NA,53,NA,2017,1
1504,5-Oct-17,Jueves,20,NA,50,NA,2017,1
1505,6-Oct-17,Viernes,19,NA,48,NA,2017,1
1506,9-Oct-17,Lunes,21,NA,53,NA,2017,1
1507,10-Oct-17,Martes,22,NA,51,NA,2017,1
1508,11-Oct-17,Miercoles,21,NA,48,NA,2017,1
1509,12-Oct-17,Jueves,20,NA,53,NA,2017,1
1510,13-Oct-17,Viernes,20,NA,48,NA,2017,1
1511,16-Oct-17,Lunes,20,NA,37,NA,2017,1
1512,17-Oct-17,Martes,20,NA,48,NA,2017,1
1513,18-Oct-17,Miercoles,21,NA,45,NA,2017,1
1514,19-Oct-17,Jueves,22,NA,45,NA,2017,1
1515,20-Oct-17,Viernes,20,NA,49,NA,2017,1
1516,23-Oct-17,Lunes,20,NA,38,NA,2017,1
1517,24-Oct-17,Martes,22,NA,49,NA,2017,1
1518,25-Oct-17,Miercoles,20,NA,53,NA,2017,1
1519,26-Oct-17,Jueves,22,NA,48,NA,2017,1
1520,27-Oct-17,Viernes,21,NA,38,NA,2017,1
1521,30-Oct-17,Lunes,20,NA,45,NA,2017,1
1522,31-Oct-17,Martes,21,NA,43,NA,2017,1
1523,1-Nov-17,Miercoles,19,NA,45,NA,2017,1
1524,2-Nov-17,Jueves,20,NA,46,NA,2017,1
1525,3-Nov-17,Viernes,21,NA,52,NA,2017,1
1526,6-Nov-17,Lunes,22,NA,50,NA,2017,1
1527,7-Nov-17,Martes,16,NA,40,NA,2017,1
1528,8-Nov-17,Miercoles,19,NA,48,NA,2017,1
1529,9-Nov-17,Jueves,18,NA,47,NA,2017,1
1530,10-Nov-17,Viernes,16,NA,44,NA,2017,1
1531,13-Nov-17,Lunes,21,NA,49,NA,2017,1
1532,14-Nov-17,Martes,21,NA,48,NA,2017,1
1533,15-Nov-17,Miercoles,22,NA,48,NA,2017,1
1534,16-Nov-17,Jueves,19,NA,47,NA,2017,1
1535,17-Nov-17,Viernes,21,NA,45,NA,2017,1
1536,20-Nov-17,Lunes,21,NA,56,NA,2017,1
1537,21-Nov-17,Martes,21,NA,46,NA,2017,1
1538,22-Nov-17,Miercoles,23,NA,50,NA,2017,1
1539,23-Nov-17,Jueves,19,NA,36,NA,2017,1
1540,24-Nov-17,Viernes,,NA,,NA,2017,1
1541,27-Nov-17,Lunes,22,NA,42,NA,2017,1
1542,28-Nov-17,Martes,23,NA,36,NA,2017,1
1543,29-Nov-17,Miercoles,20,NA,34,NA,2017,1
1544,30-Nov-17,Jueves,20,NA,36,NA,2017,1
1545,1-Dec-17,Viernes,20,NA,38,NA,2017,1
1546,4-Dec-17,Lunes,21,NA,36,NA,2017,1
1547,5-Dec-17,Martes,22,NA,49,NA,2017,1
1548,6-Dec-17,Miercoles,23,NA,47,NA,2017,1
1549,7-Dec-17,Jueves,20,NA,48,NA,2017,1
1550,8-Dec-17,Viernes,22,NA,47,NA,2017,1
1551,11-Dec-17,Lunes,21,NA,50,NA,2017,1
1552,12-Dec-17,Martes,20,NA,49,NA,2017,1
1553,13-Dec-17,Miercoles,19,NA,48,NA,2017,1
1554,14-Dec-17,Jueves,22,NA,42,NA,2017,1
1555,15-Dec-17,Viernes,20,NA,43,NA,2017,1
1556,18-Dec-17,Lunes,22,NA,47,NA,2017,1
1557,19-Dec-17,Martes,23,NA,50,NA,2017,1
1558,20-Dec-17,Miercoles,21,NA,48,NA,2017,1
1559,21-Dec-17,Jueves,22,NA,43,NA,2017,1
1560,22-Dec-17,Viernes,20,NA,42,NA,2017,1
1561,25-Dec-17,Lunes,20,NA,42,NA,2017,1
1562,26-Dec-17,Martes,19,NA,43,NA,2017,1
1563,27-Dec-17,Miercoles,21,NA,42,NA,2017,1
1564,28-Dec-17,Jueves,20,NA,37,NA,2017,1
1565,29-Dec-17,Viernes,21,NA,38,NA,2017,1
1566,2-Jan-18,Lunes,18,NA,35,NA,2018,2
1567,2-Jan-18,Martes,19,NA,47,NA,2018,2
1568,3-Jan-18,Miercoles,20,NA,41,NA,2018,2
1569,4-Jan-18,Jueves,20,NA,36,NA,2018,2
1570,5-Jan-18,Viernes,19,NA,35,NA,2018,2
1571,8-Jan-18,Lunes,18,NA,36,NA,2018,2
1572,9-Jan-18,Martes,20,NA,34,NA,2018,2
1573,10-Jan-18,Miercoles,21,NA,28,NA,2018,2
1574,11-Jan-18,Jueves,22,NA,36,NA,2018,2
1575,12-Jan-18,Viernes,23,NA,35,NA,2018,2
1576,15-Jan-18,Lunes,23,NA,35,NA,2018,2
1577,16-Jan-18,Martes,25,NA,34,NA,2018,2
1578,17-Jan-18,Miercoles,18,NA,31,NA,2018,2
1579,18-Jan-18,Jueves,24,NA,33,NA,2018,2
1580,19-Jan-18,Viernes,24,NA,34,NA,2018,2
1581,22-Jan-18,Lunes,23,NA,34,NA,2018,2
1582,23-Jan-18,Martes,24,NA,36,NA,2018,2
1583,24-Jan-18,Miercoles,23,NA,36,NA,2018,2
1584,25-Jan-18,Jueves,23,NA,36,NA,2018,2
1585,26-Jan-18,Viernes,22,NA,36,NA,2018,2
1586,29-Jan-18,Lunes,23,NA,38,NA,2018,2
1587,30-Jan-18,Martes,22,NA,38,NA,2018,2
1588,31-Jan-18,Miercoles,24,NA,39,NA,2018,2
1589,1-Feb-18,Jueves,21,NA,38,NA,2018,2
1590,2-Feb-18,Viernes,24,NA,39,NA,2018,2
1591,5-Feb-18,Lunes,21,NA,38,NA,2018,2
1592,6-Feb-18,Martes,22,NA,37,NA,2018,2
1593,7-Feb-18,Miercoles,21,NA,38,NA,2018,2
1594,8-Feb-18,Jueves,22,NA,34,NA,2018,2
1595,9-Feb-18,Viernes,21,NA,36,NA,2018,2
1596,12-Feb-18,Lunes,21,NA,38,NA,2018,2
1597,13-Feb-18,Martes,,NA,,NA,2018,2
1598,14-Feb-18,Miercoles,21,NA,48,NA,2018,2
1599,15-Feb-18,Jueves,22,NA,35,NA,2018,2
1600,16-Feb-18,Viernes,21,NA,48,NA,2018,2
1601,19-Feb-18,Lunes,20,NA,47,NA,2018,2
1602,20-Feb-18,Martes,20,NA,36,NA,2018,2
1603,21-Feb-18,Miercoles,22,NA,37,NA,2018,2
1604,22-Feb-18,Jueves,22,NA,47,NA,2018,2
1605,23-Feb-18,Viernes,23,NA,47,NA,2018,2
1606,26-Feb-18,Lunes,24,NA,51,NA,2018,2
1607,27-Feb-18,Martes,22,NA,42,NA,2018,2
1608,28-Feb-18,Miercoles,24,NA,42,NA,2018,2
1609,1-Mar-18,Jueves,21,NA,39,NA,2018,2
1610,2-Mar-18,Viernes,22,NA,37,NA,2018,2
1611,5-Mar-18,Lunes,21,NA,39,NA,2018,2
1612,6-Mar-18,Martes,22,NA,41,NA,2018,2
1613,7-Mar-18,Miercoles,22,NA,48,NA,2018,2
1614,8-Mar-18,Jueves,21,NA,35,NA,2018,2
1615,9-Mar-18,Viernes,21,NA,40,NA,2018,2
1616,12-Mar-18,Lunes,21,NA,43,NA,2018,2
1617,13-Mar-18,Martes,24,NA,44,NA,2018,2
1618,14-Mar-18,Miercoles,22,NA,36,NA,2018,2
1619,15-Mar-18,Jueves,23,NA,40,NA,2018,2
1620,16-Mar-18,Viernes,21,NA,38,NA,2018,2
1621,19-Mar-18,Lunes,22,NA,38,NA,2018,2
1622,20-Mar-18,Martes,22,NA,35,NA,2018,2
1623,21-Mar-18,Miercoles,21,NA,35,NA,2018,2
1624,22-Mar-18,Jueves,24,NA,43,NA,2018,2
1625,23-Mar-18,Viernes,22,NA,38,NA,2018,2
1626,26-Mar-18,Lunes,22,NA,36,NA,2018,2
1627,27-Mar-18,Martes,21,NA,34,NA,2018,2
1628,28-Mar-18,Miercoles,22,NA,38,NA,2018,2
1629,29-Mar-18,Jueves,21,NA,37,NA,2018,2
1630,30-Mar-18,Viernes,23,NA,36,NA,2018,2
1631,2-Apr-18,Lunes,22,NA,34,NA,2018,2
1632,3-Apr-18,Martes,21,NA,38,NA,2018,2
1633,4-Apr-18,Miercoles,21,NA,38,NA,2018,2
1634,5-Apr-18,Jueves,19,NA,39,NA,2018,2
1635,6-Apr-18,Viernes,20,NA,36,NA,2018,2
1636,9-Apr-18,Lunes,21,NA,36,NA,2018,2
1637,10-Apr-18,Martes,23,NA,35,NA,2018,2
1638,11-Apr-18,Miercoles,22,NA,39,NA,2018,2
1639,12-Apr-18,Jueves,21,NA,38,NA,2018,2
1640,13-Apr-18,Viernes,22,NA,38,NA,2018,2
1641,16-Apr-18,Lunes,22,NA,39,NA,2018,2
1642,17-Apr-18,Martes,21,NA,40,NA,2018,2
1643,18-Apr-18,Miercoles,20,NA,34,NA,2018,2
1644,19-Apr-18,Jueves,19,NA,38,NA,2018,2
1645,20-Apr-18,Viernes,21,NA,39,NA,2018,2
1646,23-Apr-18,Lunes,22,NA,36,NA,2018,2
1647,24-Apr-18,Martes,21,NA,38,NA,2018,2
1648,25-Apr-18,Miercoles,19,NA,34,NA,2018,2
1649,26-Apr-18,Jueves,20,NA,39,NA,2018,2
1650,27-Apr-18,Viernes,20,NA,39,NA,2018,2
1651,30-Apr-18,Lunes,21,NA,42,NA,2018,2
1652,1-May-18,Martes,22,NA,43,NA,2018,2
1653,2-May-18,Miercoles,23,NA,38,NA,2018,2
1654,3-May-18,Jueves,23,NA,38,NA,2018,2
1655,4-May-18,Viernes,21,NA,39,NA,2018,2
1656,7-May-18,Lunes,20,NA,41,NA,2018,2
1657,8-May-18,Martes,19,NA,41,NA,2018,2
1658,9-May-18,Miercoles,21,NA,40,NA,2018,2
1659,10-May-18,Jueves,20,NA,39,NA,2018,2
1660,11-May-18,Viernes,19,NA,39,NA,2018,2
1661,14-May-18,Lunes,18,NA,38,NA,2018,2
1662,15-May-18,Martes,18,NA,36,NA,2018,2
1663,16-May-18,Miercoles,17,NA,34,NA,2018,2
1664,17-May-18,Jueves,20,NA,34,NA,2018,2
1665,18-May-18,Viernes,22,NA,36,NA,2018,2
1666,21-May-18,Lunes,19,NA,37,NA,2018,2
1667,22-May-18,Martes,22,NA,38,NA,2018,2
1668,23-May-18,Miercoles,19,NA,35,NA,2018,2
1669,24-May-18,Jueves,19,NA,40,NA,2018,2
1670,25-May-18,Viernes,,NA,,NA,2018,2
1671,28-May-18,Lunes,20,NA,45,NA,2018,2
1672,29-May-18,Martes,20,NA,48,NA,2018,2
1673,30-May-18,Miercoles,20,NA,52,NA,2018,2
1674,31-May-18,Jueves,20,NA,51,NA,2018,2
1675,1-Jun-18,Viernes,20,NA,47,NA,2018,2
1676,4-Jun-18,Lunes,21,NA,43,NA,2018,2
1677,5-Jun-18,Martes,21,NA,48,NA,2018,2
1678,6-Jun-18,Miercoles,20,NA,47,NA,2018,2
1679,7-Jun-18,Jueves,19,NA,37,NA,2018,2
1680,8-Jun-18,Viernes,20,NA,45,NA,2018,2
1681,11-Jun-18,Lunes,21,NA,46,NA,2018,2
1682,12-Jun-18,Martes,22,NA,45,NA,2018,2
1683,13-Jun-18,Miercoles,21,NA,48,NA,2018,2
1684,14-Jun-18,Jueves,20,NA,43,NA,2018,2
1685,15-Jun-18,Viernes,21,NA,41,NA,2018,2
1686,18-Jun-18,Lunes,21,NA,57,NA,2018,2
1687,19-Jun-18,Martes,21,NA,49,NA,2018,2
1688,20-Jun-18,Miercoles,20,NA,50,NA,2018,2
1689,21-Jun-18,Jueves,21,NA,45,NA,2018,2
1690,22-Jun-18,Viernes,23,NA,49,NA,2018,2
1691,25-Jun-18,Lunes,20,NA,51,NA,2018,2
1692,26-Jun-18,Martes,21,NA,50,NA,2018,2
1693,27-Jun-18,Miercoles,21,NA,50,NA,2018,2
1694,28-Jun-18,Jueves,20,NA,47,NA,2018,2
1695,29-Jun-18,Viernes,23,NA,48,NA,2018,2
1696,2-Jul-18,Lunes,23,NA,48,NA,2018,2
1697,3-Jul-18,Martes,22,NA,50,NA,2018,2
1698,4-Jul-18,Miercoles,23,NA,38,NA,2018,2
1699,5-Jul-18,Jueves,20,NA,39,NA,2018,2
1700,6-Jul-18,Viernes,21,NA,48,NA,2018,2
1701,9-Jul-18,Lunes,21,NA,47,NA,2018,2
1702,10-Jul-18,Martes,20,NA,50,NA,2018,2
1703,11-Jul-18,Miercoles,22,NA,49,NA,2018,2
1704,12-Jul-18,Jueves,23,NA,50,NA,2018,2
1705,13-Jul-18,Viernes,20,NA,51,NA,2018,2
1706,16-Jul-18,Lunes,21,NA,48,NA,2018,2
1707,17-Jul-18,Martes,21,NA,51,NA,2018,2
1708,18-Jul-18,Miercoles,22,NA,53,NA,2018,2
1709,19-Jul-18,Jueves,21,NA,49,NA,2018,2
1710,20-Jul-18,Viernes,20,NA,40,NA,2018,2
1711,23-Jul-18,Lunes,21,NA,52,NA,2018,2
1712,24-Jul-18,Martes,21,NA,40,NA,2018,2
1713,25-Jul-18,Miercoles,21,NA,36,NA,2018,2
1714,26-Jul-18,Jueves,20,NA,38,NA,2018,2
1715,27-Jul-18,Viernes,20,NA,39,NA,2018,2
1716,30-Jul-18,Lunes,18,NA,38,NA,2018,2
1717,31-Jul-18,Martes,17,NA,37,NA,2018,2
1718,1-Aug-18,Miercoles,17,NA,39,NA,2018,3
1719,2-Aug-18,Jueves,17,NA,37,NA,2018,3
1720,3-Aug-18,Viernes,17,NA,41,NA,2018,3
1721,6-Aug-18,Lunes,17,NA,40,NA,2018,3
1722,7-Aug-18,Martes,20,NA,37,NA,2018,3
1723,8-Aug-18,Miercoles,21,NA,38,NA,2018,3
1724,9-Aug-18,Jueves,22,NA,41,NA,2018,3
1725,10-Aug-18,Viernes,22,NA,40,NA,2018,3
1726,13-Aug-18,Lunes,24,NA,42,NA,2018,3
1727,14-Aug-18,Martes,23,NA,38,NA,2018,3
1728,15-Aug-18,Miercoles,22,NA,42,NA,2018,3
1729,16-Aug-18,Jueves,22,NA,41,NA,2018,3
1730,17-Aug-18,Viernes,20,NA,37,NA,2018,3
1731,20-Aug-18,Lunes,22,NA,38,NA,2018,3
1732,21-Aug-18,Martes,21,NA,37,NA,2018,3
1733,22-Aug-18,Miercoles,22,NA,38,NA,2018,3
1734,23-Aug-18,Jueves,21,NA,37,NA,2018,3
1735,24-Aug-18,Viernes,19,NA,37,NA,2018,3
1736,27-Aug-18,Lunes,20,NA,38,NA,2018,3
1737,28-Aug-18,Martes,20,NA,38,NA,2018,3
1738,29-Aug-18,Miercoles,19,NA,37,NA,2018,3
1739,30-Aug-18,Jueves,20,NA,37,NA,2018,3
1740,31-Aug-18,Viernes,21,NA,43,NA,2018,3
1741,3-Sep-18,Lunes,20,NA,38,NA,2018,3
1742,4-Sep-18,Martes,20,NA,35,NA,2018,3
1743,5-Sep-18,Miercoles,20,NA,36,NA,2018,3
1744,6-Sep-18,Jueves,20,NA,36,NA,2018,3
1745,7-Sep-18,Viernes,23,NA,39,NA,2018,3
1746,10-Sep-18,Lunes,20,NA,36,NA,2018,3
1747,11-Sep-18,Martes,21,NA,39,NA,2018,3
1748,12-Sep-18,Miercoles,19,NA,40,NA,2018,3
1749,13-Sep-18,Jueves,21,NA,38,NA,2018,3
1750,14-Sep-18,Viernes,23,NA,37,NA,2018,3
1751,17-Sep-18,Lunes,22,NA,35,NA,2018,3
1752,18-Sep-18,Martes,22,NA,39,NA,2018,3
1753,19-Sep-18,Miercoles,20,NA,39,NA,2018,3
1754,20-Sep-18,Jueves,21,NA,40,NA,2018,3
1755,21-Sep-18,Viernes,20,NA,39,NA,2018,3
1756,24-Sep-18,Lunes,21,NA,39,NA,2018,3
1757,25-Sep-18,Martes,20,NA,40,NA,2018,3
1758,26-Sep-18,Miercoles,19,NA,39,NA,2018,3
1759,27-Sep-18,Jueves,22,NA,38,NA,2018,3
1760,28-Sep-18,Viernes,21,NA,36,NA,2018,3
1761,1-Oct-18,Lunes,21,NA,38,NA,2018,3
1762,2-Oct-18,Martes,22,NA,39,NA,2018,3
1763,3-Oct-18,Miercoles,21,NA,38,NA,2018,3
1764,4-Oct-18,Jueves,20,NA,38,NA,2018,3
1765,5-Oct-18,Viernes,20,NA,36,NA,2018,3
1766,8-Oct-18,Lunes,21,NA,38,NA,2018,3
1767,9-Oct-18,Martes,19,NA,39,NA,2018,3
1768,10-Oct-18,Miercoles,20,NA,38,NA,2018,3
1769,11-Oct-18,Jueves,21,NA,36,NA,2018,3
1770,12-Oct-18,Viernes,21,NA,39,NA,2018,3
1771,15-Oct-18,Lunes,21,NA,36,NA,2018,3
1772,16-Oct-18,Martes,20,NA,39,NA,2018,3
1773,17-Oct-18,Miercoles,20,NA,36,NA,2018,3
1774,18-Oct-18,Jueves,21,NA,39,NA,2018,3
1775,19-Oct-18,Viernes,22,NA,38,NA,2018,3
1776,22-Oct-18,Lunes,21,NA,39,NA,2018,3
1777,23-Oct-18,Martes,20,NA,39,NA,2018,3
1778,24-Oct-18,Miercoles,20,NA,39,NA,2018,3
1779,25-Oct-18,Jueves,21,NA,36,NA,2018,3
1780,26-Oct-18,Viernes,22,NA,38,NA,2018,3
1781,29-Oct-18,Lunes,20,NA,40,NA,2018,3
1782,30-Oct-18,Martes,21,NA,39,NA,2018,3
1783,31-Oct-18,Miercoles,21,NA,38,NA,2018,3
1784,1-Nov-18,Jueves,21,NA,39,NA,2018,3
1785,2-Nov-18,Viernes,22,NA,38,NA,2018,3
1786,5-Nov-18,Lunes,22,NA,40,NA,2018,3
1787,6-Nov-18,Martes,22,NA,38,NA,2018,3
1788,7-Nov-18,Miercoles,22,NA,37,NA,2018,3
1789,8-Nov-18,Jueves,21,NA,40,NA,2018,3
1790,9-Nov-18,Viernes,22,NA,38,NA,2018,3
1791,12-Nov-18,Lunes,22,NA,35,NA,2018,3
1792,13-Nov-18,Martes,22,NA,33,NA,2018,3
1793,14-Nov-18,Miercoles,22,NA,32,NA,2018,3
1794,15-Nov-18,Jueves,22,NA,33,NA,2018,3
1795,16-Nov-18,Viernes,22,NA,32,NA,2018,3
1796,19-Nov-18,Lunes,22,NA,32,NA,2018,3
1797,20-Nov-18,Martes,22,NA,32,NA,2018,3
1798,21-Nov-18,Miercoles,22,NA,32,NA,2018,3
1799,22-Nov-18,Jueves,23,NA,32,NA,2018,3
1800,23-Nov-18,Viernes,23,NA,32,NA,2018,3
1801,26-Nov-18,Lunes,23,NA,32,NA,2018,3
1802,27-Nov-18,Martes,22,NA,32,NA,2018,3
1803,28-Nov-18,Miercoles,21,NA,33,NA,2018,3
1804,29-Nov-18,Jueves,22,NA,30,NA,2018,3
1805,30-Nov-18,Viernes,21,NA,36,NA,2018,3
1806,3-Dec-18,Lunes,22,NA,32,NA,2018,3
1807,4-Dec-18,Martes,21,NA,32,NA,2018,3
1808,5-Dec-18,Miercoles,21,NA,33,NA,2018,3
1809,6-Dec-18,Jueves,20,NA,31,NA,2018,3
1810,7-Dec-18,Viernes,20,NA,33,NA,2018,3
1811,10-Dec-18,Lunes,21,NA,34,NA,2018,3
1812,11-Dec-18,Martes,22,NA,33,NA,2018,3
1813,12-Dec-18,Miercoles,22,NA,36,NA,2018,3
1814,13-Dec-18,Jueves,21,NA,38,NA,2018,3
1815,14-Dec-18,Viernes,23,NA,33,NA,2018,3
1816,17-Dec-18,Lunes,21,NA,36,NA,2018,3
1817,18-Dec-18,Martes,23,NA,33,NA,2018,3
1818,19-Dec-18,Miercoles,23,NA,32,NA,2018,3
1819,20-Dec-18,Jueves,24,NA,32,NA,2018,3
1820,21-Dec-18,Viernes,23,NA,32,NA,2018,3
1821,23-Dec-18,Domingo,23,NA,32,NA,2018,3
1822,25-Dec-18,Martes,24,NA,32,NA,2018,3
1823,27-Dec-18,Jueves,24,NA,32,NA,2018,3
1824,29-Dec-18,Sábado,24,NA,31,NA,2018,3
1825,31-Dec-18,Lunes,25,NA,31,NA,2018,3
1826,2-Jan-19,Miercoles,24,NA,31,NA,2019,3
1827,3-Jan-19,Jueves,24,NA,31,NA,2019,3
1828,4-Jan-19,Viernes,23,NA,31,NA,2019,3
1829,7-Jan-19,Lunes,23,NA,32,NA,2019,3
1830,8-Jan-19,Martes,25,NA,31,NA,2019,3
1831,9-Jan-19,Miercoles,25,NA,31,NA,2019,3
1832,10-Jan-19,Jueves,23,NA,32,NA,2019,3
1833,11-Jan-19,Viernes,21,NA,38,NA,2019,3
1834,14-Jan-19,Lunes,23,NA,31,NA,2019,3
1835,15-Jan-19,Martes,24,NA,32,NA,2019,3
1836,16-Jan-19,Miercoles,24,NA,31,NA,2019,3
1837,17-Jan-19,Jueves,23,NA,38,NA,2019,3
1838,18-Jan-19,Viernes,23,NA,36,NA,2019,3
1839,21-Jan-19,Lunes,23,NA,36,NA,2019,3
1840,22-Jan-19,Martes,22,NA,38,NA,2019,3
1841,23-Jan-19,Miercoles,24,NA,31,NA,2019,3
1842,24-Jan-19,Jueves,,NA,,NA,2019,3
1843,25-Jan-19,Viernes,21,NA,38,NA,2019,3
1844,28-Jan-19,Lunes,21,NA,34,NA,2019,3
1845,29-Jan-19,Martes,22,NA,34,NA,2019,3
1846,30-Jan-19,Miercoles,22,NA,33,NA,2019,3
1847,31-Jan-19,Jueves,22,NA,33,NA,2019,3
1848,1-Feb-19,Viernes,22,NA,33,NA,2019,3
1849,4-Feb-19,Lunes,21,NA,34,NA,2019,3
1850,5-Feb-19,Martes,23,NA,32,NA,2019,3
1851,6-Feb-19,Miercoles,21,NA,33,NA,2019,3
1852,7-Feb-19,Jueves,21,NA,35,NA,2019,3
1853,8-Feb-19,Viernes,21,NA,36,NA,2019,3
1854,11-Feb-19,Lunes,22,NA,32,NA,2019,3
1855,12-Feb-19,Martes,21,NA,38,NA,2019,3
1856,13-Feb-19,Miercoles,23,NA,36,NA,2019,3
1857,14-Feb-19,Jueves,23,NA,35,NA,2019,3
1858,15-Feb-19,Viernes,24,NA,37,NA,2019,3
1859,18-Feb-19,Lunes,24,NA,36,NA,2019,3
1860,19-Feb-19,Martes,23,NA,38,NA,2019,3
1861,20-Feb-19,Miercoles,22,NA,36,NA,2019,3
1862,21-Feb-19,Jueves,23,NA,36,NA,2019,3
1863,22-Feb-19,Viernes,22,NA,37,NA,2019,3
1864,25-Feb-19,Lunes,21,NA,36,NA,2019,3
1865,26-Feb-19,Martes,22,NA,35,NA,2019,3
1866,27-Feb-19,Miercoles,21,NA,36,NA,2019,3
1867,28-Feb-19,Jueves,22,NA,38,NA,2019,3
1868,1-Mar-19,Viernes,23,NA,31,NA,2019,4
1869,4-Mar-19,Lunes,21,NA,37,NA,2019,4
1870,5-Mar-19,Martes,22,NA,36,NA,2019,4
1871,6-Mar-19,Miercoles,25,NA,30,NA,2019,4
1872,7-Mar-19,Jueves,25,NA,30,NA,2019,4
1873,8-Mar-19,Viernes,23,NA,31,NA,2019,4
1874,11-Mar-19,Lunes,24,NA,31,NA,2019,4
1875,12-Mar-19,Martes,25,NA,31,NA,2019,4
1876,13-Mar-19,Miercoles,23,NA,31,NA,2019,4
1877,14-Mar-19,Jueves,23,NA,30,NA,2019,4
1878,15-Mar-19,Viernes,24,NA,31,NA,2019,4
1879,18-Mar-19,Lunes,21,NA,31,NA,2019,4
1880,19-Mar-19,Martes,22,NA,31,NA,2019,4
1881,20-Mar-19,Miercoles,22,NA,30,NA,2019,4
1882,21-Mar-19,Jueves,21,NA,31,NA,2019,4
1883,22-Mar-19,Viernes,21,NA,32,NA,2019,4
1884,25-Mar-19,Lunes,21,NA,32,NA,2019,4
1885,26-Mar-19,Martes,23,NA,31,NA,2019,4
1886,27-Mar-19,Miercoles,22,NA,33,NA,2019,4
1887,28-Mar-19,Jueves,22,NA,33,NA,2019,4
1888,29-Mar-19,Viernes,21,NA,32,NA,2019,4
1889,1-Apr-19,Lunes,21,NA,33,NA,2019,4
1890,2-Apr-19,Martes,19,NA,35,NA,2019,4
1891,3-Apr-19,Miercoles,19,NA,35,NA,2019,4
1892,4-Apr-19,Jueves,20,NA,36,NA,2019,4
1893,5-Apr-19,Viernes,21,NA,35,NA,2019,4
1894,8-Apr-19,Lunes,22,NA,34,NA,2019,4
1895,9-Apr-19,Martes,21,NA,36,NA,2019,4
1896,10-Apr-19,Miercoles,20,NA,34,NA,2019,4
1897,11-Apr-19,Jueves,22,NA,34,NA,2019,4
1898,12-Apr-19,Viernes,22,NA,36,NA,2019,4
1899,15-Apr-19,Lunes,24,NA,36,NA,2019,4
1900,16-Apr-19,Martes,25,NA,36,NA,2019,4
1901,17-Apr-19,Miercoles,22,NA,34,NA,2019,4
1902,18-Apr-19,Jueves,21,NA,35,NA,2019,4
1903,19-Apr-19,Viernes,,NA,,NA,2019,4
1904,22-Apr-19,Lunes,20,NA,44,NA,2019,4
1905,23-Apr-19,Martes,20,NA,37,NA,2019,4
1906,24-Apr-19,Miercoles,20,NA,35,NA,2019,4
1907,25-Apr-19,Jueves,20,NA,35,NA,2019,4
1908,26-Apr-19,Viernes,29,NA,34,NA,2019,4
1909,29-Apr-19,Lunes,19,NA,40,NA,2019,4
1910,30-Apr-19,Martes,20,NA,39,NA,2019,4
1911,1-May-19,Miercoles,22,NA,34,NA,2019,4
1912,2-May-19,Jueves,20,NA,36,NA,2019,4
1913,3-May-19,Viernes,,NA,,NA,2019,4
1914,6-May-19,Lunes,19,NA,50,NA,2019,4
1915,7-May-19,Martes,22,NA,37,NA,2019,4
1916,8-May-19,Miercoles,21,NA,37,NA,2019,4
1917,9-May-19,Jueves,21,NA,37,NA,2019,4
1918,10-May-19,Viernes,21,NA,37,NA,2019,4
1919,13-May-19,Lunes,21,NA,39,NA,2019,4
1920,14-May-19,Martes,22,NA,35,NA,2019,4
1921,15-May-19,Miercoles,22,NA,35,NA,2019,4
1922,16-May-19,Jueves,22,NA,35,NA,2019,4
1923,17-May-19,Viernes,22,NA,35,NA,2019,4
1924,20-May-19,Lunes,21,NA,37,NA,2019,4
1925,21-May-19,Martes,21,NA,36,NA,2019,4
1926,22-May-19,Miercoles,22,NA,39,NA,2019,4
1927,23-May-19,Jueves,21,NA,33,NA,2019,4
1928,24-May-19,Viernes,20,NA,40,NA,2019,4
1929,27-May-19,Lunes,20,NA,40,NA,2019,4
1930,28-May-19,Martes,21,NA,34,NA,2019,4
1931,29-May-19,Miercoles,21,NA,38,NA,2019,4
1932,30-May-19,Jueves,21,NA,34,NA,2019,4
1933,31-May-19,Viernes,21,NA,33,NA,2019,4
1934,3-Jun-19,Lunes,20,NA,38,NA,2019,4
1935,4-Jun-19,Martes,21,NA,37,NA,2019,4
1936,5-Jun-19,Miercoles,21,NA,37,NA,2019,4
1937,6-Jun-19,Jueves,21,NA,35,NA,2019,4
1938,7-Jun-19,Viernes,21,NA,36,NA,2019,4
1939,10-Jun-19,Lunes,21,NA,36,NA,2019,4
1940,11-Jun-19,Martes,20,NA,35,NA,2019,4
1941,12-Jun-19,Miercoles,20,NA,35,NA,2019,4
1942,13-Jun-19,Jueves,20,NA,38,NA,2019,4
1943,14-Jun-19,Viernes,21,NA,38,NA,2019,4
1944,17-Jun-19,Lunes,21,NA,40,NA,2019,4
1945,18-Jun-19,Martes,22,NA,42,NA,2019,4
1946,19-Jun-19,Miercoles,22,NA,42,NA,2019,4
1947,20-Jun-19,Jueves,21,NA,45,NA,2019,4
1948,21-Jun-19,Viernes,21,NA,62,NA,2019,4
1949,24-Jun-19,Lunes,21,NA,62,NA,2019,4
1950,25-Jun-19,Martes,21,NA,40,NA,2019,4
1951,26-Jun-19,Miercoles,21,NA,41,NA,2019,4
1952,27-Jun-19,Jueves,20,NA,44,NA,2019,4
1953,28-Jun-19,Viernes,22,NA,38,NA,2019,4
1954,1-Jul-19,Lunes,21,NA,38,NA,2019,4
1955,2-Jul-19,Martes,22,NA,39,NA,2019,4
1956,3-Jul-19,Miercoles,20,NA,39,NA,2019,4
1957,4-Jul-19,Jueves,20,NA,47,NA,2019,4
1958,5-Jul-19,Viernes,21,NA,45,NA,2019,4
1959,8-Jul-19,Lunes,22,NA,42,NA,2019,4
1960,9-Jul-19,Martes,21,NA,42,NA,2019,4
1961,10-Jul-19,Miercoles,20,NA,45,NA,2019,4
1962,11-Jul-19,Jueves,22,NA,40,NA,2019,4
1963,12-Jul-19,Viernes,20,NA,39,NA,2019,4
1964,15-Jul-19,Lunes,22,NA,45,NA,2019,4
1965,16-Jul-19,Martes,23,NA,45,NA,2019,4
1966,17-Jul-19,Miercoles,23,NA,38,NA,2019,4
1967,18-Jul-19,Jueves,22,NA,40,NA,2019,4
1968,19-Jul-19,Viernes,20,NA,44,NA,2019,4
1969,22-Jul-19,Lunes,21,NA,45,NA,2019,4
1970,23-Jul-19,Martes,21,NA,47,NA,2019,4
1971,24-Jul-19,Miercoles,21,NA,45,NA,2019,4
1972,25-Jul-19,Jueves,21,NA,64,NA,2019,4
1973,26-Jul-19,Viernes,20,NA,50,NA,2019,4
1974,29-Jul-19,lunes,21,NA,61,NA,2019,4
1975,30-Jul-19,martes,20,NA,49,NA,2019,4
1976,31-Jul-19,miercoles,20,NA,48,NA,2019,4
1977,1-ago-19,jueves,21,NA,45,NA,,
1978,2-ago-19,viernes,20,NA,47,NA,,
1979,5-ago-19,lunes,20,NA,59,NA,,
1980,6-ago-19,martes,20,NA,47,NA,,
1981,7-ago-19,miercoles,20,NA,47,NA,,
1982,8-ago-19,jueves,20,NA,55,NA,,
1983,9-ago-19,viernes,,NA,,NA,,
1984,12-ago-19,lunes,20,NA,48,NA,,
1985,13-ago-19,martes,21,NA,52,NA,,
1986,14-ago-19,miercoles,20,NA,48,NA,,
1987,15-ago-19,jueves,20,NA,45,NA,,
1988,16-ago-19,viernes,20,NA,43,NA,,
1989,19-ago-19,lunes,20,NA,48,NA,,
1990,20-ago-19,martes,21,NA,40,NA,,
1991,21-ago-19,miercoles,21,NA,38,NA,,
1992,22-ago-19,jueves,22,NA,37,NA,,
1993,23-ago-19,viernes,22,NA,45,NA,,
1994,26-ago-19,lunes,21,NA,45,NA,,
1995,27-ago-19,martes,21,NA,44,NA,,
1996,28-ago-19,miercoles,22,NA,43,NA,,
1997,29-ago-19,jueves,21,NA,49,NA,,
1998,30-ago-19,viernes,21,NA,50,NA,,
1999,2-Sep-19,lunes,,NA,,NA,2019,4
2000,3-Sep-19,martes,,NA,,NA,2019,4
2001,4-Sep-19,miercoles,21,NA,54,NA,2019,4
2002,5-Sep-19,jueves,21,NA,49,NA,2019,4
2003,6-Sep-19,viernes,21,NA,45,NA,2019,4
2004,9-Sep-19,lunes,22,NA,52,NA,2019,4
2005,10-Sep-19,martes,21,NA,45,NA,2019,4
2006,11-Sep-19,miercoles,21,NA,45,NA,2019,4
2007,12-Sep-19,jueves,21,NA,45,NA,2019,4
2008,13-Sep-19,viernes,21,NA,44,NA,2019,4
2009,16-Sep-19,lunes,21,NA,43,NA,2019,4
2010,17-Sep-19,martes,21,NA,41,NA,2019,4
2011,18-Sep-19,miercoles,23,NA,36,NA,2019,4
2012,19-Sep-19,jueves,23,NA,36,NA,2019,4
2013,20-Sep-19,viernes,23,NA,41,NA,2019,4
2014,23-Sep-19,lunes,22,NA,44,NA,2019,4
2015,24-Sep-19,martes,23,NA,35,NA,2019,4
2016,25-Sep-19,miercoles,23,NA,34,NA,2019,4
2017,26-Sep-19,jueves,22,NA,44,NA,2019,4
2018,27-Sep-19,viernes,22,NA,38,NA,2019,4
2019,30-Sep-19,Lunes,22,NA,47,NA,2019,4
2020,1-Oct-19,Martes,22,NA,42,NA,2019,5
2021,2-Oct-19,Miércoles,21,NA,40,NA,2019,5
2022,3-Oct-19,Jueves,22,NA,40,NA,2019,5
2023,4-Oct-19,Viernes,22,NA,42,NA,2019,5
2024,7-Oct-19,Lunes,22,NA,46,NA,2019,5
2025,8-Oct-19,Martes,23,NA,38,NA,2019,5
2026,9-Oct-19,Miércoles,22,NA,41,NA,2019,5
2027,10-Oct-19,Jueves,22,NA,42,NA,2019,5
2028,11-Oct-19,Viernes,22,NA,43,NA,2019,5
2029,14-Oct-19,Lunes,22,NA,42,NA,2019,5
2030,15-Oct-19,Martes,22,NA,42,NA,2019,5
2031,16-Oct-19,Miércoles,22,NA,40,NA,2019,5
2032,17-Oct-19,Jueves,22,NA,41,NA,2019,5
2033,18-Oct-19,Viernes,22,NA,36,NA,2019,5
2034,21-Oct-19,Lunes,22,NA,37,NA,2019,5
2035,22-Oct-19,Martes,21,NA,39,NA,2019,5
2036,23-Oct-19,Miércoles,21,NA,39,NA,2019,5
2037,24-Oct-19,Jueves,22,NA,36,NA,2019,5
2038,25-Oct-19,Viernes,22,NA,35,NA,2019,5
2039,28-Oct-19,Lunes,21,NA,34,NA,2019,5
2040,29-Oct-19,Martes,22,NA,34,NA,2019,5
2041,30-Oct-19,Miércoles,21,NA,37,NA,2019,5
2042,31-Oct-19,Jueves,22,NA,35,NA,2019,5
2043,1-Nov-19,Viernes,,NA,,NA,2019,5
2044,4-Nov-19,Lunes,,NA,,NA,2019,5
2045,5-Nov-19,Martes,21,NA,38,NA,2019,5
2046,6-Nov-19,Miércoles,22,NA,35,NA,2019,5
2047,7-Nov-19,Jueves,21,NA,34,NA,2019,5
2048,8-Nov-19,Viernes,21,NA,35,NA,2019,5
2049,11-Nov-19,Lunes,22,NA,33,NA,2019,5
2050,12-Nov-19,Martes,23,NA,33,NA,2019,5
2051,13-Nov-19,Miércoles,21,NA,36,NA,2019,5
2052,14-Nov-19,Jueves,22,NA,34,NA,2019,5
2053,15-Nov-19,Viernes,22,NA,33,NA,2019,5
2054,18-Nov-19,Lunes,22,NA,42,NA,2019,5
2055,19-Nov-19,Martes,23,NA,34,NA,2019,5
2056,20-Nov-19,Miércoles,23,NA,34,NA,2019,5
2057,21-Nov-19,Jueves,23,NA,33,NA,2019,5
2058,22-Nov-19,Viernes,22,NA,36,NA,2019,5
2059,25-Nov-19,Lunes,23,NA,33,NA,2019,5
2060,26-Nov-19,Martes,23,NA,33,NA,2019,5
2061,27-Nov-19,Miércoles,23,NA,33,NA,2019,5
2062,28-Nov-19,Jueves,23,NA,33,NA,2019,5
2063,29-Nov-19,Viernes,23,NA,32,NA,2019,5
2064,2-dic-19,Lunes,23,NA,35,NA,2019,5
2065,3-dic-19,Martes,23,NA,33,NA,2019,5
2066,4-dic-19,Miércoles,23,NA,33,NA,2019,5
2067,5-dic-19,Jueves,23,NA,33,NA,2019,5
2068,6-dic-19,Viernes,23,NA,32,NA,2019,5
2069,9-dic-19,Lunes,22,NA,31,NA,2019,5
2070,10-dic-19,Martes,23,NA,33,NA,2019,5
2071,11-dic-19,Miércoles,23,NA,33,NA,2019,5
2072,12-dic-19,Jueves,23,NA,32,NA,2019,5
2073,13-dic-19,Viernes,24,NA,32,NA,2019,5
2074,16-dic-19,Lunes,24,NA,32,NA,2019,5
2075,17-dic-19,Martes,23,NA,32,NA,2019,5
2076,18-dic-19,Miércoles,23,NA,32,NA,2019,5
2077,19-dic-19,Jueves,24,NA,32,NA,2019,5
2078,20-dic-19,Viernes,23,NA,32,NA,2019,5
2079,23-dic-19,Lunes,22,NA,33,NA,2019,5
2080,24-dic-19,Martes,23,NA,32,NA,2019,5
2081,25-dic-19,Miércoles,,NA,,NA,2019,5
2082,26-dic-19,Jueves,23,NA,38,NA,2019,5
2083,27-dic-19,Viernes,,NA,,NA,2019,5
2084,28-dic-19,sábado,23,NA,33,NA,2019,5
2085,29-dic-19,domingo,,NA,,NA,2019,5
2086,30-dic-19,lunes,23,NA,32,NA,2019,5
2087,31-dic-19,martes,,NA,,NA,2019,5
2088,1-ene-20,miércoles,23,NA,33,NA,2020,5
2089,2-ene-20,jueves,23,NA,32,NA,2020,5
2090,3-ene-20,viernes,23,NA,33,NA,2020,5
2091,5-ene-20,domingo,23,NA,34,NA,2020,5
2092,6-ene-20,lunes,24,NA,31,NA,2020,5
2093,7-ene-20,martes,23,NA,32,NA,2020,5
2094,8-ene-20,miércoles,23,NA,32,NA,2020,5
2095,9-ene-20,jueves,23,NA,32,NA,2020,5
2096,10-ene-20,viernes,22,NA,33,NA,2020,5
2097,13-ene-20,lunes,22,NA,45,NA,2020,5
2098,14-ene-20,martes,23,NA,35,NA,2020,5
2099,15-ene-20,miércoles,23,NA,34,NA,2020,5
2100,16-ene-20,jueves,23,NA,35,NA,2020,5
2101,17-ene-20,viernes,23,NA,34,NA,2020,5
2102,18-ene-20,sábado,,NA,,NA,2020,5
2103,19-ene-20,domingo,,NA,,NA,2020,5
2104,20-ene-20,lunes,22,NA,44,NA,2020,5
2105,21-ene-20,martes,23,NA,34,NA,2020,5
2106,22-ene-20,miércoles,23,NA,33,NA,2020,5
2107,23-ene-20,jueves,23,NA,31,NA,2020,5
2108,24-ene-20,viernes,23,NA,31,NA,2020,5
2109,25-ene-20,sábado,,NA,,NA,2020,5
2110,26-ene-20,domingo,,NA,,NA,2020,5
2111,27-ene-20,lunes,23,NA,30,NA,2020,5
2112,28-ene-20,martes,23,NA,29,NA,2020,5
2113,29-ene-20,miércoles,23,NA,29,NA,2020,5
2114,30-ene-20,jueves,23,NA,30,NA,2020,5
2115,31-ene-20,viernes,23,NA,29,NA,2020,5
2116,1-Feb-20,sábado,,NA,,NA,2020,6
2117,2-Feb-20,domingo,,NA,,NA,2020,6
2118,3-Feb-20,lunes,22,NA,33,NA,2020,6
2119,4-Feb-20,martes,23,NA,31,NA,2020,6
2120,5-Feb-20,miércoles,23,NA,30,NA,2020,6
2121,6-Feb-20,jueves,23,NA,31,NA,2020,6
2122,7-Feb-20,viernes,23,NA,30,NA,2020,6
2123,8-Feb-20,sábado,,NA,,NA,2020,6
2124,9-Feb-20,domingo,,NA,,NA,2020,6
2125,10-Feb-20,lunes,22,NA,32,NA,2020,6
2126,11-Feb-20,martes,23,NA,30,NA,2020,6
2127,12-Feb-20,miércoles,23,NA,28,NA,2020,6
2128,13-Feb-20,jueves,23,NA,28,NA,2020,6
2129,14-Feb-20,viernes,23,NA,28,NA,2020,6
2130,15-Feb-20,sábado,,NA,,NA,2020,6
2131,16-Feb-20,domingo,,NA,,NA,2020,6
2132,17-Feb-20,lunes,,NA,,NA,2020,6
2133,18-Feb-20,martes,23,NA,32,NA,2020,6
2134,19-Feb-20,miércoles,23,NA,30,NA,2020,6
2135,20-Feb-20,jueves,23,NA,30,NA,2020,6
2136,21-Feb-20,viernes,23,NA,28,NA,2020,6
2137,22-Feb-20,sábado,,NA,,NA,2020,6
2138,23-Feb-20,domingo,23,NA,30,NA,2020,6
2139,24-Feb-20,lunes,,NA,,NA,2020,6
2140,25-Feb-20,martes,22,NA,28,NA,2020,6
2141,26-Feb-20,miércoles,22,NA,31,NA,2020,6
2142,27-Feb-20,jueves,24,NA,29,NA,2020,6
2143,28-Feb-20,viernes,22,NA,29,NA,2020,6
2144,29-Feb-20,sábado,,NA,,NA,2020,6
2145,1-Mar-20,domingo,,NA,,NA,2020,6
2146,2-Mar-20,lunes,23,NA,32,NA,2020,6
2147,3-Mar-20,martes,24,NA,30,NA,2020,6
2148,4-Mar-20,miércoles,25,NA,28,NA,2020,6
2149,5-Mar-20,jueves,25,NA,30,NA,2020,6
2150,6-Mar-20,viernes,23,NA,28,NA,2020,6
2151,7-Mar-20,sábado,,NA,,NA,2020,6
2152,8-Mar-20,domingo,,NA,,NA,2020,6
2153,9-Mar-20,lunes,22,NA,29,NA,2020,6
2154,10-Mar-20,martes,22,NA,29,NA,2020,6
2155,11-Mar-20,miércoles,22,NA,28,NA,2020,6
2156,12-Mar-20,jueves,22,NA,28,NA,2020,6
2157,13-Mar-20,viernes,22,NA,27,NA,2020,6
2158,14-Mar-20,sábado,,NA,,NA,2020,6
2159,15-Mar-20,domingo,22,NA,28,NA,2020,6
2160,16-Mar-20,lunes,24,NA,29,NA,2020,6
2161,17-Mar-20,martes,24,NA,28,NA,2020,6
2162,18-Mar-20,miércoles,25,NA,28,NA,2020,6
2163,19-Mar-20,jueves,,NA,,NA,2020,6
2164,20-Mar-20,viernes,24,NA,31,NA,2020,6
2165,21-Mar-20,sábado,,NA,,NA,2020,6
2166,22-Mar-20,domingo,25,NA,30,NA,2020,6
2167,23-Mar-20,lunes,,NA,,NA,2020,6
2168,24-Mar-20,martes,24,NA,30,NA,2020,6
2169,25-Mar-20,miércoles,,NA,,NA,2020,6
2170,26-Mar-20,jueves,24,NA,31,NA,2020,6
2171,27-Mar-20,viernes,,NA,,NA,2020,6
2172,28-Mar-20,sábado,,NA,,NA,2020,6
2173,29-Mar-20,domingo,24,NA,31,NA,2020,6
2174,30-Mar-20,lunes,,NA,,NA,2020,6
2175,31-Mar-20,martes,,NA,,NA,2020,6
2176,1-abr-20,miércoles,24,NA,31,NA,,6
2177,2-abr-20,jueves,,NA,,NA,,6
2178,3-abr-20,viernes,,NA,,NA,,6
2179,4-abr-20,sábado,,NA,,NA,,6
2180,5-abr-20,domingo,,NA,,NA,,6
2181,6-abr-20,lunes,23,NA,36,NA,,6
2182,7-abr-20,martes,,NA,,NA,,6
2183,8-abr-20,miércoles,24,NA,31,NA,,6
2184,9-abr-20,jueves,,NA,,NA,,6
2185,10-abr-20,viernes,,NA,,NA,,6
2186,11-abr-20,sábado,,NA,,NA,,6
2187,12-abr-20,domingo,24,NA,32,NA,,6
2188,13-abr-20,lunes,,NA,,NA,,6
2189,14-abr-20,martes,,NA,,NA,,6
2190,15-abr-20,miércoles,,NA,,NA,,6
2191,16-abr-20,jueves,23,NA,42,NA,,6
2192,17-abr-20,viernes,,NA,,NA,,6
2193,18-abr-20,sábado,,NA,,NA,,6
2194,19-abr-20,domingo,24,NA,40,NA,,6
2195,20-abr-20,lunes,,NA,,NA,,6
2196,21-abr-20,martes,,NA,,NA,,6
2197,22-abr-20,miércoles,24,NA,41,NA,,6
2198,23-abr-20,jueves,25,NA,32,NA,,6
2199,24-abr-20,viernes,,NA,,NA,,6
2200,25-abr-20,sábado,,NA,,NA,,6
2201,26-abr-20,domingo,24,25,,,,6
2202,27-abr-20,lunes,,,,,,6
2203,28-abr-20,martes,,,,,,6
2204,29-abr-20,miércoles,23,25,40,39,,6
2205,30-abr-20,jueves,,,,,,6
2206,1-May-20,viernes,,,,,2020,7
2207,2-May-20,sábado,,,,,2020,7
2208,3-May-20,domingo,23,24,,,2020,7
2209,4-May-20,lunes,,,,,2020,7
2210,5-May-20,martes,,,,,2020,7
2211,6-May-20,miércoles,24,24,34,36,2020,7
2212,7-May-20,jueves,,,,,2020,7
2213,8-May-20,viernes,,,,,2020,7
2214,9-May-20,sábado,,,,,2020,7
2215,10-May-20,domingo,23,23,,,2020,7
2216,11-May-20,lunes,,,,,2020,7
2217,12-May-20,martes,,,,,2020,7
2218,13-May-20,miércoles,,,,,2020,7
2219,14-May-20,jueves,23,23,,,2020,7
2220,15-May-20,viernes,,,,,2020,7
2221,16-May-20,sábado,,,,,2020,7
2222,17-May-20,domingo,,,,,2020,7
2223,18-May-20,lunes,23,23,35,38,2020,7
2224,19-May-20,martes,,,,,2020,7
2225,20-May-20,miércoles,,,,,2020,7
2226,21-May-20,jueves,24,24,,,2020,7
2227,22-May-20,viernes,,,,,2020,7
2228,23-May-20,sábado,,,,,2020,7
2229,24-May-20,domingo,,,,,2020,7
2230,25-May-20,lunes,23,23,,,2020,7
2231,26-May-20,martes,24,24,,,2020,7
2232,27-May-20,miércoles,24,24,30,18,2020,7
2233,28-May-20,jueves,,,,,2020,7
2234,29-May-20,viernes,,,,,2020,7
2235,30-May-20,sábado,,,,,2020,7
2236,31-May-20,domingo,,,,,2020,7
2237,1-Jun-20,lunes,23,23,,,2020,7
2238,2-Jun-20,martes,,,,,2020,7
2239,3-Jun-20,miércoles,24,24,,,2020,7
2240,4-Jun-20,jueves,24,24,,,2020,7
2241,5-Jun-20,viernes,24,25,29,17,2020,7
2242,6-Jun-20,sábado,,,,,2020,7
2243,7-Jun-20,domingo,,,,,2020,7
2244,8-Jun-20,lunes,22,24,,,2020,7
2245,9-Jun-20,martes,,,,,2020,7
2246,10-Jun-20,miércoles,22,24,,,2020,7
2247,11-Jun-20,jueves,,,,,2020,7
2248,12-Jun-20,viernes,,,,,2020,7
2249,13-Jun-20,sábado,21,22,,,2020,7
2250,14-Jun-20,domingo,,,,,2020,7
2251,15-Jun-20,lunes,,,,,2020,7
2252,16-Jun-20,martes,21,23,,,2020,7
2253,17-Jun-20,miércoles,,,,,2020,7
2254,18-Jun-20,jueves,,,,,2020,7
2255,19-Jun-20,viernes,22,23,,,2020,7
2256,20-Jun-20,sábado,,,,,2020,7
2257,21-Jun-20,domingo,,,,,2020,7
2258,22-Jun-20,lunes,,,,,2020,7
2259,23-Jun-20,martes,21,23,,,2020,7
2260,24-Jun-20,miércoles,,,,,2020,7
2261,25-Jun-20,jueves,,,,,2020,7
2262,26-Jun-20,viernes,22,23,,,2020,7
2263,27-Jun-20,sábado,,,,,2020,7
2264,28-Jun-20,,,,,,2020,7
2265,29-Jun-20,,,,,,2020,7
2266,30-Jun-20,,22,23,,,2020,7
2267,1-Jul-20,,,,,,2020,7
2268,2-Jul-20,,,,,,2020,7
2269,3-Jul-20,,22,23,,,2020,7
2270,4-Jul-20,,,,,,2020,7
2271,5-Jul-20,,,,,,2020,7
2272,6-Jul-20,,22,23,,,2020,7
2273,7-Jul-20,,,,,,2020,7
2274,8-Jul-20,,22,23,,,2020,7
2275,9-Jul-20,,,,,,2020,7
2276,10-Jul-20,,21,22,,,2020,7
2277,11-Jul-20,,,,,,2020,7
2278,12-Jul-20,,,,,,2020,7
2279,13-Jul-20,,21,21,,,2020,7
2280,14-Jul-20,,,,,,2020,7
2281,15-Jul-20,,21,22,,,2020,7
2282,16-Jul-20,,,,,,2020,7
2283,17-Jul-20,,21,22,,,2020,7
2284,18-Jul-20,,,,,,2020,7
2285,19-Jul-20,,,,,,2020,7
2286,20-Jul-20,,,,,,2020,7
2287,21-Jul-20,,,,,,2020,7
2288,22-Jul-20,,21,21,,,2020,7
2289,23-Jul-20,,,,,,2020,7
2290,24-Jul-20,,21,22,,,2020,7
2291,25-Jul-20,,,,,,2020,7
2292,26-Jul-20,,,,,,2020,7
2293,27-Jul-20,,21,22,,,2020,7
2294,28-Jul-20,,,,,,2020,7
2295,29-Jul-20,,20,22,,,2020,7
2296,30-Jul-20,,,,,,2020,7
2297,31-Jul-20,,21,22,,,2020,7
2298,1-ago-20,,,,,,,
2299,2-ago-20,,,,,,,
2300,3-ago-20,,21,22,32,25,,
2301,4-ago-20,,,,,,,
2302,5-ago-20,,,,,,,
2303,6-ago-20,,,,,,,
2304,7-ago-20,,,,,,,
2305,8-ago-20,,,,,,,
2306,9-ago-20,,,,,,,
2307,10-ago-20,,20,21,,,,
2308,11-ago-20,,,,,,,
2309,12-ago-20,,,,,,,
2310,13-ago-20,,,,,,,
2311,14-ago-20,,21,22,,,,
2312,15-ago-20,,,,,,,
2313,16-ago-20,,,,,,,
2314,17-ago-20,,,,,,,
2315,18-ago-20,,20,22,,,,
2316,19-ago-20,,,,,,,
2317,20-ago-20,,,,,,,
2318,21-ago-20,,20,20,33,31,,
2319,22-ago-20,,,,,,,
2320,23-ago-20,,,,,,,
2321,24-ago-20,,,,,,,
2322,25-ago-20,,,,,,,
2323,26-ago-20,,,,,,,
2324,27-ago-20,,,,,,,
2325,28-ago-20,,20,20,36,40,,
2326,29-ago-20,,,,,,,
2327,30-ago-20,,,,,,,
2328,31-ago-20,,,,,,,
2329,1-Sep-20,,20,21,,,2020,8
2330,2-Sep-20,,,,,,2020,8
2331,3-Sep-20,,,,,,2020,8
2332,4-Sep-20,,,,,,2020,8
2333,5-Sep-20,,,,,,2020,8
2334,6-Sep-20,,,,,,2020,8
2335,7-Sep-20,,,,,,2020,8
2336,8-Sep-20,,20,20,40,60,2020,8
2337,9-Sep-20,,,,,,2020,8
2338,10-Sep-20,,,,,,2020,8
2339,11-Sep-20,,20,21,,,2020,8
2340,12-Sep-20,,,,,,2020,8
2341,13-Sep-20,,,,,,2020,8
2342,14-Sep-20,,,,,,2020,8
2343,15-Sep-20,,20,21,,,2020,8
2344,16-Sep-20,,,,,,2020,8
2345,17-Sep-20,,,,,,2020,8
2346,18-Sep-20,,21,22,,,2020,8
2347,19-Sep-20,,,,,,2020,8
2348,20-Sep-20,,,,,,2020,8
2349,21-Sep-20,,21,21,,,2020,8
2350,22-Sep-20,,,,,,2020,8
2351,23-Sep-20,,21,21,,,2020,8
2352,24-Sep-20,,,,,,2020,8
2353,25-Sep-20,,21,22,,,2020,8
2354,26-Sep-20,,,,,,2020,8
2355,27-Sep-20,,,,,,2020,8
2356,28-Sep-20,,22,24,,,2020,8
2357,29-Sep-20,,22,22,,,2020,8
2358,30-Sep-20,,21,22,,,2020,8
2359,1-Oct-20,,21,22,,,2020,8
2360,2-Oct-20,,21,22,,,2020,8
2361,3-Oct-20,,,,,,2020,8
2362,4-Oct-20,,,,,,2020,8
2363,5-Oct-20,,21,21,,,2020,8
2364,6-Oct-20,,21,22,,,2020,8
2365,7-Oct-20,,21,22,,,2020,8
2366,8-Oct-20,,22,22,,,2020,8
2367,9-Oct-20,,,,,,2020,8
2368,10-Oct-20,,,,,,2020,8
2369,11-Oct-20,,,,,,2020,8
2370,12-Oct-20,,21,22,,,2020,8
2371,13-Oct-20,,22,22,,,2020,8
2372,14-Oct-20,,21,21,,,2020,8
2373,15-Oct-20,,22,22,,,2020,8
2374,16-Oct-20,,,,,,2020,8
2375,17-Oct-20,,,,,,2020,8
2376,18-Oct-20,,,,,,2020,8
2377,19-Oct-20,,21,22,34,36,2020,8
2378,20-Oct-20,,21,22,,,2020,8
2379,21-Oct-20,,22,22,,,2020,8
2380,22-Oct-20,,22,22,,,2020,8
2381,23-Oct-20,,22,22,,,2020,8
2382,24-Oct-20,,,,,,2020,8
2383,25-Oct-20,,,,,,2020,8
2384,26-Oct-20,,21,22,,,2020,8
2385,27-Oct-20,,22,22,,,2020,8
2386,28-Oct-20,,22,22,,,2020,8
2387,29-Oct-20,,22,22,,,2020,8
2388,30-Oct-20,,,,,,2020,8
2389,31-Oct-20,,,,,,2020,8
2390,1-Nov-20,,,,,,2020,8
2391,2-Nov-20,,24,24,,,2020,8
2392,3-Nov-20,,23,23,,,2020,8
2393,4-Nov-20,,23,23,,,2020,8
2394,5-Nov-20,,23,23,,,2020,8
2395,6-Nov-20,,22,24,27,18,2020,8
2396,7-Nov-20,,23,23,,,2020,8
2397,8-Nov-20,,,,,,2020,8
2398,9-Nov-20,,22,22,,,2020,8
2399,10-Nov-20,,23,,28,,2020,8
2400,11-Nov-20,,22,23,26,19,2020,8
