meses,meses_nombre,dias_num,year,dia,Temp_entrada,Temp_ZA,Humedad_entrada,Humedad_ZA
1,Enero,2,2012,Lunes,24,NA,31,NA
1,Enero,3,2012,Martes,23,NA,33,NA
1,Enero,4,2012,Miércoles,22,NA,33,NA
1,Enero,5,2012,Jueves,22,NA,33,NA
1,Enero,6,2012,Viernes,22,NA,33,NA
1,Enero,9,2012,Lunes,22,NA,33,NA
1,Enero,10,2012,Martes,22,NA,34,NA
1,Enero,11,2012,Miércoles,22,NA,33,NA
1,Enero,12,2012,Jueves,22,NA,33,NA
1,Enero,13,2012,Viernes,22,NA,35,NA
1,Enero,16,2012,Lunes,26,NA,30,NA
1,Enero,17,2012,Martes,22,NA,32,NA
1,Enero,18,2012,Miércoles,24,NA,32,NA
1,Enero,19,2012,Jueves,26,NA,32,NA
1,Enero,20,2012,Viernes,22,NA,40,NA
1,Enero,23,2012,Lunes,26,NA,30,NA
1,Enero,24,2012,Martes,28,NA,28,NA
1,Enero,25,2012,Miércoles,27,NA,29,NA
1,Enero,26,2012,Jueves,27,NA,28,NA
1,Enero,27,2012,Viernes,24,NA,29,NA
1,Enero,30,2012,Lunes,20,NA,29,NA
1,Enero,31,2012,Martes,22,NA,31,NA
2,Febrero,1,2012,Miércoles,22,NA,31,NA
2,Febrero,2,2012,Jueves,23,NA,32,NA
2,Febrero,3,2012,Viernes,23,NA,32,NA
2,Febrero,6,2012,Lunes,24,NA,32,NA
2,Febrero,7,2012,Martes,24,NA,32,NA
2,Febrero,8,2012,Miércoles,22,NA,33,NA
2,Febrero,9,2012,Jueves,21,NA,33,NA
2,Febrero,10,2012,Viernes,25,NA,32,NA
2,Febrero,13,2012,Lunes,23,NA,33,NA
2,Febrero,14,2012,Martes,24,NA,32,NA
2,Febrero,15,2012,Miércoles,25,NA,33,NA
2,Febrero,16,2012,Jueves,22,NA,31,NA
2,Febrero,17,2012,Viernes,23,NA,33,NA
2,Febrero,20,2012,Lunes,,NA,,NA
2,Febrero,21,2012,Martes,,NA,,NA
2,Febrero,22,2012,Miércoles,23,NA,33,NA
2,Febrero,23,2012,Jueves,23,NA,33,NA
2,Febrero,24,2012,Viernes,23,NA,33,NA
2,Febrero,27,2012,Lunes,23,NA,33,NA
2,Febrero,28,2012,Martes,23,NA,33,NA
2,Febrero,29,2012,Miércoles,23,NA,33,NA
3,Marzo,1,2012,Jueves,23,NA,34,NA
3,Marzo,2,2012,Viernes,22,NA,35,NA
3,Marzo,5,2012,Lunes,22,NA,35,NA
3,Marzo,6,2012,Martes,22,NA,36,NA
3,Marzo,7,2012,Miércoles,22,NA,36,NA
3,Marzo,8,2012,Jueves,22,NA,36,NA
3,Marzo,9,2012,Viernes,24,NA,40,NA
3,Marzo,12,2012,Lunes,29,NA,29,NA
3,Marzo,13,2012,Martes,29,NA,30,NA
3,Marzo,14,2012,Miércoles,25,NA,31,NA
3,Marzo,15,2012,Jueves,23,NA,33,NA
3,Marzo,16,2012,Viernes,22,NA,33,NA
3,Marzo,19,2012,Lunes,20,NA,34,NA
3,Marzo,20,2012,Martes,20,NA,36,NA
3,Marzo,21,2012,Miércoles,22,NA,34,NA
3,Marzo,22,2012,Jueves,22,NA,34,NA
3,Marzo,23,2012,Viernes,22,NA,34,NA
3,Marzo,26,2012,Lunes,22,NA,35,NA
3,Marzo,27,2012,Martes,22,NA,35,NA
3,Marzo,28,2012,Miércoles,22,NA,36,NA
3,Marzo,29,2012,Jueves,22,NA,36,NA
3,Marzo,30,2012,Viernes,22,NA,35,NA
4,Abril,2,2012,Lunes,22,NA,35,NA
4,Abril,3,2012,Martes,22,NA,35,NA
4,Abril,4,2012,Miércoles,22,NA,35,NA
4,Abril,5,2012,Jueves,22,NA,35,NA
4,Abril,6,2012,Viernes,,NA,,NA
4,Abril,9,2012,Lunes,22,NA,35,NA
4,Abril,10,2012,Martes,22,NA,35,NA
4,Abril,11,2012,Miércoles,22,NA,35,NA
4,Abril,12,2012,Jueves,22,NA,36,NA
4,Abril,13,2012,Viernes,22,NA,36,NA
4,Abril,16,2012,Lunes,21,NA,35,NA
4,Abril,17,2012,Martes,22,NA,36,NA
4,Abril,18,2012,Miércoles,23,NA,35,NA
4,Abril,19,2012,Jueves,24,NA,34,NA
4,Abril,20,2012,Viernes,21,NA,35,NA
4,Abril,23,2012,Lunes,22,NA,36,NA
4,Abril,24,2012,Martes,23,NA,35,NA
4,Abril,25,2012,Miércoles,24,NA,34,NA
4,Abril,26,2012,Jueves,,NA,,NA
4,Abril,27,2012,Viernes,,NA,,NA
4,Abril,30,2012,Lunes,22,NA,35,NA
5,Mayo,1,2012,Martes,,NA,,NA
5,Mayo,2,2012,Miércoles,22,NA,34,NA
5,Mayo,3,2012,Jueves,22,NA,34,NA
5,Mayo,4,2012,Viernes,22,NA,34,NA
5,Mayo,7,2012,Lunes,22,NA,33,NA
5,Mayo,8,2012,Martes,22,NA,33,NA
5,Mayo,9,2012,Miércoles,22,NA,33,NA
5,Mayo,10,2012,Jueves,22,NA,33,NA
5,Mayo,11,2012,Viernes,24,NA,36,NA
5,Mayo,14,2012,Lunes,24,NA,34,NA
5,Mayo,15,2012,Martes,24,NA,33,NA
5,Mayo,16,2012,Miércoles,24,NA,33,NA
5,Mayo,17,2012,Jueves,24,NA,34,NA
5,Mayo,18,2012,Viernes,25,NA,33,NA
5,Mayo,21,2012,Lunes,22,NA,34,NA
5,Mayo,22,2012,Martes,22,NA,36,NA
5,Mayo,23,2012,Miércoles,22,NA,35,NA
5,Mayo,24,2012,Jueves,22,NA,35,NA
5,Mayo,25,2012,Viernes,22,NA,36,NA
5,Mayo,28,2012,Lunes,21,NA,35,NA
5,Mayo,29,2012,Martes,22,NA,36,NA
5,Mayo,30,2012,Miércoles,22,NA,37,NA
5,Mayo,31,2012,Jueves,26,NA,35,NA
6,Junio,1,2012,Viernes,23,NA,36,NA
6,Junio,4,2012,Lunes,22,NA,41,NA
6,Junio,5,2012,Martes,22,NA,36,NA
6,Junio,6,2012,Miércoles,22,NA,36,NA
6,Junio,7,2012,Jueves,22,NA,37,NA
6,Junio,8,2012,Viernes,22,NA,39,NA
6,Junio,11,2012,Lunes,22,NA,36,NA
6,Junio,12,2012,Martes,22,NA,38,NA
6,Junio,13,2012,Miércoles,22,NA,37,NA
6,Junio,14,2012,Jueves,22,NA,37,NA
6,Junio,15,2012,Viernes,24,NA,35,NA
6,Junio,18,2012,Lunes,23,NA,39,NA
6,Junio,19,2012,Martes,26,NA,32,NA
6,Junio,20,2012,Miércoles,27,NA,30,NA
6,Junio,21,2012,Jueves,28,NA,29,NA
6,Junio,22,2012,Viernes,28,NA,30,NA
6,Junio,25,2012,Lunes,27,NA,29,NA
6,Junio,26,2012,Martes,22,NA,36,NA
6,Junio,27,2012,Miércoles,21,NA,34,NA
6,Junio,28,2012,Jueves,23,NA,34,NA
6,Junio,29,2012,Viernes,23,NA,33,NA
7,Julio,2,2012,Lunes,23,NA,33,NA
7,Julio,3,2012,Martes,23,NA,34,NA
7,Julio,4,2012,Miércoles,23,NA,34,NA
7,Julio,5,2012,Jueves,23,NA,35,NA
7,Julio,6,2012,Viernes,23,NA,36,NA
7,Julio,9,2012,Lunes,23,NA,33,NA
7,Julio,10,2012,Martes,23,NA,33,NA
7,Julio,11,2012,Miércoles,23,NA,33,NA
7,Julio,12,2012,Jueves,23,NA,33,NA
7,Julio,13,2012,Viernes,23,NA,34,NA
7,Julio,16,2012,Lunes,23,NA,32,NA
7,Julio,17,2012,Martes,23,NA,33,NA
7,Julio,18,2012,Miércoles,23,NA,33,NA
7,Julio,19,2012,Jueves,23,NA,34,NA
7,Julio,20,2012,Viernes,23,NA,34,NA
7,Julio,23,2012,Lunes,23,NA,33,NA
7,Julio,24,2012,Martes,23,NA,34,NA
7,Julio,25,2012,Miércoles,23,NA,34,NA
7,Julio,26,2012,Jueves,23,NA,35,NA
7,Julio,27,2012,Viernes,23,NA,35,NA
7,Julio,30,2012,Lunes,23,NA,34,NA
7,Julio,31,2012,Martes,23,NA,35,NA
8,Agosto,1,2012,Miércoles,23,NA,35,NA
8,Agosto,2,2012,Jueves,23,NA,35,NA
8,Agosto,3,2012,Viernes,23,NA,35,NA
8,Agosto,6,2012,Lunes,23,NA,34,NA
8,Agosto,7,2012,Martes,23,NA,34,NA
8,Agosto,8,2012,Miércoles,23,NA,35,NA
8,Agosto,9,2012,Jueves,23,NA,36,NA
8,Agosto,10,2012,Viernes,,NA,,NA
8,Agosto,13,2012,Lunes,23,NA,35,NA
8,Agosto,14,2012,Martes,23,NA,36,NA
8,Agosto,15,2012,Miércoles,23,NA,36,NA
8,Agosto,16,2012,Jueves,23,NA,36,NA
8,Agosto,17,2012,Viernes,23,NA,36,NA
8,Agosto,20,2012,Lunes,23,NA,34,NA
8,Agosto,21,2012,Martes,23,NA,35,NA
8,Agosto,22,2012,Miércoles,23,NA,36,NA
8,Agosto,23,2012,Jueves,23,NA,36,NA
8,Agosto,24,2012,Viernes,23,NA,35,NA
8,Agosto,27,2012,Lunes,23,NA,34,NA
8,Agosto,28,2012,Martes,23,NA,35,NA
8,Agosto,29,2012,Miércoles,23,NA,34,NA
8,Agosto,30,2012,Jueves,23,NA,34,NA
8,Agosto,31,2012,Viernes,24,NA,33,NA
9,Septiembre,3,2012,Lunes,23,NA,34,NA
9,Septiembre,4,2012,Martes,23,NA,34,NA
9,Septiembre,5,2012,Miércoles,23,NA,35,NA
9,Septiembre,6,2012,Jueves,,NA,,NA
9,Septiembre,7,2012,Viernes,,NA,,NA
9,Septiembre,10,2012,Lunes,23,NA,36,NA
9,Septiembre,11,2012,Martes,23,NA,36,NA
9,Septiembre,12,2012,Miércoles,23,NA,36,NA
9,Septiembre,13,2012,Jueves,23,NA,36,NA
9,Septiembre,14,2012,Viernes,23,NA,37,NA
9,Septiembre,17,2012,Lunes,23,NA,33,NA
9,Septiembre,18,2012,Martes,23,NA,35,NA
9,Septiembre,19,2012,Miércoles,23,NA,35,NA
9,Septiembre,20,2012,Jueves,23,NA,36,NA
9,Septiembre,21,2012,Viernes,23,NA,37,NA
9,Septiembre,24,2012,Lunes,23,NA,34,NA
9,Septiembre,25,2012,Martes,23,NA,35,NA
9,Septiembre,26,2012,Miércoles,23,NA,35,NA
9,Septiembre,27,2012,Jueves,23,NA,35,NA
9,Septiembre,28,2012,Viernes,23,NA,35,NA
10,Octubre,1,2012,Lunes,23,NA,35,NA
10,Octubre,2,2012,Martes,23,NA,35,NA
10,Octubre,3,2012,Miércoles,23,NA,35,NA
10,Octubre,4,2012,Jueves,23,NA,36,NA
10,Octubre,5,2012,Viernes,23,NA,36,NA
10,Octubre,8,2012,Lunes,23,NA,35,NA
10,Octubre,9,2012,Martes,23,NA,35,NA
10,Octubre,10,2012,Miércoles,23,NA,34,NA
10,Octubre,11,2012,Jueves,23,NA,34,NA
10,Octubre,12,2012,Viernes,,NA,,NA
10,Octubre,15,2012,Lunes,23,NA,35,NA
10,Octubre,16,2012,Martes,23,NA,34,NA
10,Octubre,17,2012,Miércoles,23,NA,34,NA
10,Octubre,18,2012,Jueves,23,NA,34,NA
10,Octubre,19,2012,Viernes,,NA,,NA
10,Octubre,22,2012,Lunes,23,NA,33,NA
10,Octubre,23,2012,Martes,23,NA,34,NA
10,Octubre,24,2012,Miércoles,23,NA,34,NA
10,Octubre,25,2012,Jueves,23,NA,34,NA
10,Octubre,26,2012,Viernes,23,NA,34,NA
10,Octubre,29,2012,Lunes,23,NA,33,NA
10,Octubre,30,2012,Martes,23,NA,34,NA
10,Octubre,31,2012,Miércoles,23,NA,36,NA
11,Noviembre,1,2012,Jueves,23,NA,36,NA
11,Noviembre,2,2012,Viernes,,NA,,NA
11,Noviembre,5,2012,Lunes,23,NA,35,NA
11,Noviembre,6,2012,Martes,23,NA,35,NA
11,Noviembre,7,2012,Miércoles,23,NA,35,NA
11,Noviembre,8,2012,Jueves,23,NA,34,NA
11,Noviembre,9,2012,Viernes,23,NA,34,NA
11,Noviembre,12,2012,Lunes,23,NA,34,NA
11,Noviembre,13,2012,Martes,23,NA,35,NA
11,Noviembre,14,2012,Miércoles,23,NA,35,NA
11,Noviembre,15,2012,Jueves,23,NA,35,NA
11,Noviembre,16,2012,Viernes,23,NA,36,NA
11,Noviembre,19,2012,Lunes,23,NA,35,NA
11,Noviembre,20,2012,Martes,23,NA,35,NA
11,Noviembre,21,2012,Miércoles,23,NA,36,NA
11,Noviembre,22,2012,Jueves,23,NA,35,NA
11,Noviembre,23,2012,Viernes,23,NA,35,NA
11,Noviembre,26,2012,Lunes,23,NA,35,NA
11,Noviembre,27,2012,Martes,23,NA,35,NA
11,Noviembre,28,2012,Miércoles,23,NA,35,NA
11,Noviembre,29,2012,Jueves,23,NA,35,NA
11,Noviembre,30,2012,Viernes,23,NA,36,NA
12,Diciembre,3,2012,Lunes,23,NA,35,NA
12,Diciembre,4,2012,Martes,23,NA,35,NA
12,Diciembre,5,2012,Miércoles,23,NA,36,NA
12,Diciembre,6,2012,Jueves,23,NA,36,NA
12,Diciembre,7,2012,Viernes,23,NA,36,NA
12,Diciembre,10,2012,Lunes,23,NA,35,NA
12,Diciembre,11,2012,Martes,23,NA,36,NA
12,Diciembre,12,2012,Miércoles,23,NA,34,NA
12,Diciembre,13,2012,Jueves,23,NA,34,NA
12,Diciembre,14,2012,Viernes,23,NA,35,NA
12,Diciembre,17,2012,Lunes,26,NA,32,NA
12,Diciembre,18,2012,Martes,23,NA,34,NA
12,Diciembre,19,2012,Miércoles,23,NA,35,NA
12,Diciembre,20,2012,Jueves,23,NA,35,NA
12,Diciembre,21,2012,Viernes,23,NA,35,NA
12,Diciembre,24,2012,Lunes,23,NA,,NA
12,Diciembre,25,2012,Martes,23,NA,,NA
12,Diciembre,26,2012,Miércoles,,NA,,NA
12,Diciembre,27,2012,Jueves,,NA,,NA
12,Diciembre,28,2012,Viernes,23,NA,35,NA
12,Diciembre,31,2012,Lunes,23,NA,35,NA
1,Enero,1,2013,Martes,,NA,,NA
1,Enero,2,2013,Miércoles,,NA,,NA
1,Enero,3,2013,Jueves,23,NA,36,NA
1,Enero,4,2013,Viernes,23,NA,36,NA
1,Enero,7,2013,Lunes,23,NA,37,NA
1,Enero,8,2013,Martes,23,NA,38,NA
1,Enero,9,2013,Miércoles,26,NA,36,NA
1,Enero,10,2013,Jueves,23,NA,37,NA
1,Enero,11,2013,Viernes,26,NA,35,NA
1,Enero,14,2013,Lunes,23,NA,36,NA
1,Enero,15,2013,Martes,19,NA,36,NA
1,Enero,16,2013,Miércoles,23,NA,36,NA
1,Enero,17,2013,Jueves,20,NA,35,NA
1,Enero,18,2013,Viernes,22,NA,41,NA
1,Enero,21,2013,Lunes,23,NA,41,NA
1,Enero,22,2013,Martes,22,NA,41,NA
1,Enero,23,2013,Miércoles,22,NA,44,NA
1,Enero,24,2013,Jueves,22,NA,44,NA
1,Enero,25,2013,Viernes,23,NA,43,NA
1,Enero,28,2013,Lunes,26,NA,42,NA
1,Enero,29,2013,Martes,26,NA,42,NA
1,Enero,30,2013,Miércoles,26,NA,41,NA
1,Enero,31,2013,Jueves,26,NA,39,NA
2,Febrero,1,2013,Viernes,22,NA,35,NA
2,Febrero,4,2013,Lunes,21,NA,42,NA
2,Febrero,5,2013,Martes,27,NA,38,NA
2,Febrero,6,2013,Miércoles,23,NA,42,NA
2,Febrero,7,2013,Jueves,23,NA,47,NA
2,Febrero,8,2013,Viernes,27,NA,40,NA
2,Febrero,11,2013,Lunes,,NA,,NA
2,Febrero,12,2013,Martes,,NA,,NA
2,Febrero,13,2013,Miércoles,18,NA,40,NA
2,Febrero,14,2013,Jueves,24,NA,40,NA
2,Febrero,15,2013,Viernes,25,NA,42,NA
2,Febrero,18,2013,Lunes,21,NA,48,NA
2,Febrero,19,2013,Martes,21,NA,44,NA
2,Febrero,20,2013,Miércoles,21,NA,44,NA
2,Febrero,21,2013,Jueves,,NA,,NA
2,Febrero,22,2013,Viernes,,NA,,NA
2,Febrero,25,2013,Lunes,,NA,,NA
2,Febrero,26,2013,Martes,,NA,,NA
2,Febrero,27,2013,Miércoles,21,NA,43,NA
2,Febrero,28,2013,Jueves,21,NA,45,NA
3,Marzo,1,2013,Viernes,21,NA,45,NA
3,Marzo,4,2013,Lunes,23,NA,44,NA
3,Marzo,5,2013,Martes,24,NA,43,NA
3,Marzo,6,2013,Miércoles,24,NA,44,NA
3,Marzo,7,2013,Jueves,24,NA,43,NA
3,Marzo,8,2013,Viernes,24,NA,43,NA
3,Marzo,11,2013,Lunes,23,NA,42,NA
3,Marzo,12,2013,Martes,24,NA,48,NA
3,Marzo,13,2013,Miércoles,24,NA,50,NA
3,Marzo,14,2013,Jueves,24,NA,46,NA
3,Marzo,15,2013,Viernes,24,NA,43,NA
3,Marzo,18,2013,Lunes,23,NA,41,NA
3,Marzo,19,2013,Martes,23,NA,42,NA
3,Marzo,20,2013,Miércoles,24,NA,41,NA
3,Marzo,21,2013,Jueves,24,NA,40,NA
3,Marzo,22,2013,Viernes,23,NA,38,NA
3,Marzo,25,2013,Lunes,23,NA,38,NA
3,Marzo,26,2013,Martes,24,NA,40,NA
3,Marzo,27,2013,Miércoles,24,NA,41,NA
3,Marzo,28,2013,Jueves,24,NA,43,NA
3,Marzo,29,2013,Viernes,,NA,,NA
4,Abril,1,2013,Lunes,29,NA,33,NA
4,Abril,2,2013,Martes,24,NA,36,NA
4,Abril,3,2013,Miércoles,24,NA,37,NA
4,Abril,4,2013,Jueves,24,NA,38,NA
4,Abril,5,2013,Viernes,25,NA,37,NA
4,Abril,8,2013,Lunes,22,NA,35,NA
4,Abril,9,2013,Martes,23,NA,35,NA
4,Abril,10,2013,Miércoles,24,NA,37,NA
4,Abril,11,2013,Jueves,24,NA,36,NA
4,Abril,12,2013,Viernes,24,NA,35,NA
4,Abril,15,2013,Lunes,24,NA,34,NA
4,Abril,16,2013,Martes,24,NA,35,NA
4,Abril,17,2013,Miércoles,24,NA,35,NA
4,Abril,18,2013,Jueves,23,NA,35,NA
4,Abril,19,2013,Viernes,23,NA,35,NA
4,Abril,22,2013,Lunes,24,NA,34,NA
4,Abril,23,2013,Martes,23,NA,35,NA
4,Abril,24,2013,Miércoles,24,NA,38,NA
4,Abril,25,2013,Jueves,24,NA,36,NA
4,Abril,26,2013,Viernes,,NA,,NA
4,Abril,29,2013,Lunes,23,NA,33,NA
4,Abril,30,2013,Martes,23,NA,34,NA
5,Mayo,1,2013,Miércoles,,NA,,NA
5,Mayo,2,2013,Jueves,23,NA,33,NA
5,Mayo,3,2013,Viernes,,NA,,NA
5,Mayo,6,2013,Lunes,23,NA,33,NA
5,Mayo,7,2013,Martes,23,NA,33,NA
5,Mayo,8,2013,Miércoles,23,NA,33,NA
5,Mayo,9,2013,Jueves,,NA,,NA
5,Mayo,10,2013,Viernes,,NA,,NA
5,Mayo,13,2013,Lunes,23,NA,34,NA
5,Mayo,14,2013,Martes,,NA,,NA
5,Mayo,15,2013,Miércoles,,NA,,NA
5,Mayo,16,2013,Jueves,,NA,,NA
5,Mayo,17,2013,Viernes,,NA,,NA
5,Mayo,20,2013,Lunes,23,NA,32,NA
5,Mayo,21,2013,Martes,23,NA,33,NA
5,Mayo,22,2013,Miércoles,23,NA,33,NA
5,Mayo,23,2013,Jueves,23,NA,33,NA
5,Mayo,24,2013,Viernes,,NA,,NA
5,Mayo,27,2013,Lunes,22,NA,34,NA
5,Mayo,28,2013,Martes,22,NA,34,NA
5,Mayo,29,2013,Miércoles,22,NA,36,NA
5,Mayo,30,2013,Jueves,23,NA,33,NA
5,Mayo,31,2013,Viernes,22,NA,34,NA
6,Junio,3,2013,Lunes,23,NA,37,NA
6,Junio,4,2013,Martes,22,NA,37,NA
6,Junio,5,2013,Miércoles,22,NA,38,NA
6,Junio,6,2013,Jueves,22,NA,37,NA
6,Junio,7,2013,Viernes,23,NA,37,NA
6,Junio,10,2013,Lunes,22,NA,36,NA
6,Junio,11,2013,Martes,22,NA,38,NA
6,Junio,12,2013,Miércoles,22,NA,37,NA
6,Junio,13,2013,Jueves,22,NA,38,NA
6,Junio,14,2013,Viernes,22,NA,41,NA
6,Junio,17,2013,Lunes,,NA,,NA
6,Junio,18,2013,Martes,,NA,,NA
6,Junio,19,2013,Miércoles,,NA,,NA
6,Junio,20,2013,Jueves,23,NA,35,NA
6,Junio,21,2013,Viernes,23,NA,35,NA
6,Junio,24,2013,Lunes,23,NA,35,NA
6,Junio,25,2013,Martes,23,NA,36,NA
6,Junio,26,2013,Miércoles,23,NA,39,NA
6,Junio,27,2013,Jueves,23,NA,39,NA
6,Junio,28,2013,Viernes,23,NA,41,NA
7,Julio,1,2013,Lunes,23,NA,37,NA
7,Julio,2,2013,Martes,23,NA,39,NA
7,Julio,3,2013,Miércoles,23,NA,43,NA
7,Julio,4,2013,Jueves,23,NA,48,NA
7,Julio,5,2013,Viernes,23,NA,46,NA
7,Julio,8,2013,Lunes,23,NA,44,NA
7,Julio,9,2013,Martes,23,NA,46,NA
7,Julio,10,2013,Miércoles,23,NA,47,NA
7,Julio,11,2013,Jueves,23,NA,47,NA
7,Julio,12,2013,Viernes,23,NA,50,NA
7,Julio,15,2013,Lunes,23,NA,52,NA
7,Julio,16,2013,Martes,23,NA,54,NA
7,Julio,17,2013,Miércoles,23,NA,55,NA
7,Julio,18,2013,Jueves,23,NA,47,NA
7,Julio,19,2013,Viernes,23,NA,47,NA
7,Julio,22,2013,Lunes,23,NA,45,NA
7,Julio,23,2013,Martes,23,NA,44,NA
7,Julio,24,2013,Miércoles,23,NA,46,NA
7,Julio,25,2013,Jueves,23,NA,47,NA
7,Julio,26,2013,Viernes,23,NA,45,NA
7,Julio,29,2013,Lunes,23,NA,44,NA
7,Julio,30,2013,Martes,23,NA,45,NA
7,Julio,31,2013,Miércoles,23,NA,44,NA
8,Agosto,1,2013,Jueves,23,NA,47,NA
8,Agosto,2,2013,Viernes,23,NA,52,NA
8,Agosto,5,2013,Lunes,23,NA,46,NA
8,Agosto,6,2013,Martes,23,NA,45,NA
8,Agosto,7,2013,Miércoles,23,NA,45,NA
8,Agosto,8,2013,Jueves,23,NA,45,NA
8,Agosto,9,2013,Viernes,23,NA,44,NA
8,Agosto,12,2013,Lunes,23,NA,44,NA
8,Agosto,13,2013,Martes,23,NA,44,NA
8,Agosto,14,2013,Miércoles,23,NA,44,NA
8,Agosto,15,2013,Jueves,23,NA,46,NA
8,Agosto,16,2013,Viernes,23,NA,45,NA
8,Agosto,19,2013,Lunes,23,NA,46,NA
8,Agosto,20,2013,Martes,23,NA,45,NA
8,Agosto,21,2013,Miércoles,23,NA,46,NA
8,Agosto,22,2013,Jueves,23,NA,45,NA
8,Agosto,23,2013,Viernes,23,NA,45,NA
8,Agosto,26,2013,Lunes,23,NA,48,NA
8,Agosto,27,2013,Martes,23,NA,49,NA
8,Agosto,28,2013,Miércoles,,NA,,NA
8,Agosto,29,2013,Jueves,,NA,,NA
8,Agosto,30,2013,Viernes,,NA,,NA
9,Septiembre,2,2013,Lunes,23,NA,51,NA
9,Septiembre,3,2013,Martes,22,NA,55,NA
9,Septiembre,4,2013,Miércoles,23,NA,51,NA
9,Septiembre,5,2013,Jueves,23,NA,58,NA
9,Septiembre,6,2013,Viernes,23,NA,45,NA
9,Septiembre,9,2013,Lunes,23,NA,42,NA
9,Septiembre,10,2013,Martes,23,NA,42,NA
9,Septiembre,11,2013,Miércoles,23,NA,45,NA
9,Septiembre,12,2013,Jueves,23,NA,43,NA
9,Septiembre,13,2013,Viernes,23,NA,38,NA
9,Septiembre,16,2013,Lunes,23,NA,36,NA
9,Septiembre,17,2013,Martes,23,NA,37,NA
9,Septiembre,18,2013,Miércoles,23,NA,39,NA
9,Septiembre,19,2013,Jueves,23,NA,36,NA
9,Septiembre,20,2013,Viernes,23,NA,36,NA
9,Septiembre,23,2013,Lunes,23,NA,35,NA
9,Septiembre,24,2013,Martes,23,NA,36,NA
9,Septiembre,25,2013,Miércoles,23,NA,35,NA
9,Septiembre,26,2013,Jueves,23,NA,35,NA
9,Septiembre,27,2013,Viernes,23,NA,35,NA
9,Septiembre,30,2013,Lunes,23,NA,34,NA
10,Octubre,1,2013,Martes,23,NA,34,NA
10,Octubre,2,2013,Miércoles,23,NA,34,NA
10,Octubre,3,2013,Jueves,21,NA,37,NA
10,Octubre,4,2013,Viernes,22,NA,44,NA
10,Octubre,7,2013,Lunes,21,NA,36,NA
10,Octubre,8,2013,Martes,21,NA,37,NA
10,Octubre,9,2013,Miércoles,21,NA,41,NA
10,Octubre,10,2013,Jueves,21,NA,41,NA
10,Octubre,11,2013,Viernes,21,NA,41,NA
10,Octubre,14,2013,Lunes,21,NA,37,NA
10,Octubre,15,2013,Martes,22,NA,40,NA
10,Octubre,16,2013,Miércoles,22,NA,40,NA
10,Octubre,17,2013,Jueves,22,NA,37,NA
10,Octubre,18,2013,Viernes,22,NA,35,NA
10,Octubre,21,2013,Lunes,22,NA,35,NA
10,Octubre,22,2013,Martes,22,NA,43,NA
10,Octubre,23,2013,Miércoles,22,NA,41,NA
10,Octubre,24,2013,Jueves,19,NA,39,NA
10,Octubre,25,2013,Viernes,22,NA,43,NA
10,Octubre,28,2013,Lunes,23,NA,43,NA
10,Octubre,29,2013,Martes,23,NA,43,NA
10,Octubre,30,2013,Miércoles,23,NA,47,NA
10,Octubre,31,2013,Jueves,23,NA,45,NA
11,Noviembre,1,2013,Viernes,23,NA,48,NA
11,Noviembre,4,2013,Lunes,22,NA,54,NA
11,Noviembre,5,2013,Martes,23,NA,55,NA
11,Noviembre,6,2013,Miércoles,22,NA,52,NA
11,Noviembre,7,2013,Jueves,21,NA,43,NA
11,Noviembre,8,2013,Viernes,21,NA,43,NA
11,Noviembre,11,2013,Lunes,22,NA,35,NA
11,Noviembre,12,2013,Martes,22,NA,34,NA
11,Noviembre,13,2013,Miércoles,24,NA,34,NA
11,Noviembre,14,2013,Jueves,23,NA,34,NA
11,Noviembre,15,2013,Viernes,24,NA,34,NA
11,Noviembre,18,2013,Lunes,24,NA,33,NA
11,Noviembre,19,2013,Martes,24,NA,34,NA
11,Noviembre,20,2013,Miércoles,,NA,,NA
11,Noviembre,21,2013,Jueves,,NA,,NA
11,Noviembre,22,2013,Viernes,,NA,,NA
11,Noviembre,25,2013,Lunes,22,NA,34,NA
11,Noviembre,26,2013,Martes,22,NA,35,NA
11,Noviembre,27,2013,Miércoles,22,NA,35,NA
11,Noviembre,28,2013,Jueves,22,NA,35,NA
11,Noviembre,29,2013,Viernes,22,NA,35,NA
12,Diciembre,2,2013,Lunes,22,NA,35,NA
12,Diciembre,3,2013,Martes,22,NA,36,NA
12,Diciembre,4,2013,Miércoles,22,NA,34,NA
12,Diciembre,5,2013,Jueves,22,NA,34,NA
12,Diciembre,6,2013,Viernes,,NA,,NA
12,Diciembre,9,2013,Lunes,22,NA,34,NA
12,Diciembre,10,2013,Martes,22,NA,34,NA
12,Diciembre,11,2013,Miércoles,24,NA,33,NA
12,Diciembre,12,2013,Jueves,24,NA,33,NA
12,Diciembre,13,2013,Viernes,24,NA,33,NA
12,Diciembre,16,2013,Lunes,24,NA,32,NA
12,Diciembre,17,2013,Martes,24,NA,33,NA
12,Diciembre,18,2013,Miércoles,24,NA,33,NA
12,Diciembre,19,2013,Jueves,24,NA,33,NA
12,Diciembre,20,2013,Viernes,24,NA,34,NA
12,Diciembre,23,2013,Lunes,,NA,,NA
12,Diciembre,24,2013,Martes,,NA,,NA
12,Diciembre,25,2013,Miércoles,,NA,,NA
12,Diciembre,26,2013,Jueves,,NA,,NA
12,Diciembre,27,2013,Viernes,,NA,,NA
12,Diciembre,30,2013,Lunes,,NA,,NA
12,Diciembre,31,2013,Martes,,NA,,NA
1,Enero,1,2014,Miércoles,,NA,,NA
1,Enero,2,2014,Jueves,,NA,,NA
1,Enero,3,2014,Viernes,,NA,,NA
1,Enero,6,2014,Lunes,24,NA,35,NA
1,Enero,7,2014,Martes,24,NA,34,NA
1,Enero,8,2014,Miércoles,24,NA,33,NA
1,Enero,9,2014,Jueves,24,NA,34,NA
1,Enero,10,2014,Viernes,25,NA,36,NA
1,Enero,13,2014,Lunes,25,NA,44,NA
1,Enero,14,2014,Martes,25,NA,42,NA
1,Enero,15,2014,Miércoles,26,NA,35,NA
1,Enero,16,2014,Jueves,26,NA,34,NA
1,Enero,17,2014,Viernes,25,NA,32,NA
1,Enero,20,2014,Lunes,26,NA,35,NA
1,Enero,21,2014,Martes,25,NA,35,NA
1,Enero,22,2014,Miércoles,25,NA,35,NA
1,Enero,23,2014,Jueves,25,NA,34,NA
1,Enero,24,2014,Viernes,25,NA,34,NA
1,Enero,27,2014,Lunes,25,NA,34,NA
1,Enero,28,2014,Martes,25,NA,34,NA
1,Enero,29,2014,Miércoles,25,NA,34,NA
1,Enero,30,2014,Jueves,25,NA,34,NA
1,Enero,31,2014,Viernes,25,NA,33,NA
2,Febrero,3,2014,Lunes,25,NA,35,NA
2,Febrero,4,2014,Martes,26,NA,33,NA
2,Febrero,5,2014,Miércoles,25,NA,35,NA
2,Febrero,6,2014,Jueves,25,NA,37,NA
2,Febrero,7,2014,Viernes,25,NA,37,NA
2,Febrero,10,2014,Lunes,25,NA,46,NA
2,Febrero,11,2014,Martes,25,NA,46,NA
2,Febrero,12,2014,Miércoles,25,NA,46,NA
2,Febrero,13,2014,Jueves,25,NA,43,NA
2,Febrero,14,2014,Viernes,25,NA,40,NA
2,Febrero,17,2014,Lunes,27,NA,36,NA
2,Febrero,18,2014,Martes,21,NA,35,NA
2,Febrero,19,2014,Miércoles,21,NA,35,NA
2,Febrero,20,2014,Jueves,27,NA,36,NA
2,Febrero,21,2014,Viernes,26,NA,35,NA
2,Febrero,24,2014,Lunes,27,NA,31,NA
2,Febrero,25,2014,Martes,23,NA,33,NA
2,Febrero,26,2014,Miércoles,24,NA,33,NA
2,Febrero,27,2014,Jueves,24,NA,33,NA
2,Febrero,28,2014,Viernes,24,NA,33,NA
3,Marzo,3,2014,Lunes,22,NA,45,NA
3,Marzo,4,2014,Martes,23,NA,45,NA
3,Marzo,5,2014,Miércoles,26,NA,45,NA
3,Marzo,6,2014,Jueves,26,NA,43,NA
3,Marzo,7,2014,Viernes,24,NA,37,NA
3,Marzo,10,2014,Lunes,23,NA,34,NA
3,Marzo,11,2014,Martes,25,NA,40,NA
3,Marzo,12,2014,Miércoles,25,NA,40,NA
3,Marzo,13,2014,Jueves,24,NA,34,NA
3,Marzo,14,2014,Viernes,24,NA,34,NA
3,Marzo,17,2014,Lunes,24,NA,33,NA
3,Marzo,18,2014,Martes,24,NA,34,NA
3,Marzo,19,2014,Miércoles,24,NA,34,NA
3,Marzo,20,2014,Jueves,24,NA,34,NA
3,Marzo,21,2014,Viernes,24,NA,36,NA
3,Marzo,24,2014,Lunes,24,NA,34,NA
3,Marzo,25,2014,Martes,24,NA,38,NA
3,Marzo,26,2014,Miércoles,25,NA,37,NA
3,Marzo,27,2014,Jueves,25,NA,37,NA
3,Marzo,28,2014,Viernes,25,NA,37,NA
3,Marzo,31,2014,Lunes,25,NA,34,NA
4,Abril,1,2014,Martes,25,NA,34,NA
4,Abril,2,2014,Miércoles,25,NA,42,NA
4,Abril,3,2014,Jueves,26,NA,35,NA
4,Abril,4,2014,Viernes,26,NA,35,NA
4,Abril,7,2014,Lunes,25,NA,32,NA
4,Abril,8,2014,Martes,26,NA,35,NA
4,Abril,9,2014,Miércoles,26,NA,35,NA
4,Abril,10,2014,Jueves,25,NA,24,NA
4,Abril,11,2014,Viernes,24,NA,34,NA
4,Abril,14,2014,Lunes,26,NA,59,NA
4,Abril,15,2014,Martes,26,NA,39,NA
4,Abril,16,2014,Miércoles,26,NA,38,NA
4,Abril,17,2014,Jueves,25,NA,38,NA
4,Abril,18,2014,Viernes,,NA,,NA
4,Abril,21,2014,Lunes,25,NA,50,NA
4,Abril,22,2014,Martes,25,NA,50,NA
4,Abril,23,2014,Miércoles,25,NA,43,NA
4,Abril,24,2014,Jueves,25,NA,40,NA
4,Abril,25,2014,Viernes,25,NA,40,NA
4,Abril,28,2014,Lunes,25,NA,40,NA
4,Abril,29,2014,Martes,25,NA,43,NA
4,Abril,30,2014,Miércoles,25,NA,43,NA
5,Mayo,1,2014,Jueves,,NA,,NA
5,Mayo,2,2014,Viernes,26,NA,35,NA
5,Mayo,5,2014,Lunes,24,NA,37,NA
5,Mayo,6,2014,Martes,24,NA,37,NA
5,Mayo,7,2014,Miércoles,25,NA,42,NA
5,Mayo,8,2014,Jueves,25,NA,41,NA
5,Mayo,9,2014,Viernes,25,NA,41,NA
5,Mayo,12,2014,Lunes,25,NA,41,NA
5,Mayo,13,2014,Martes,25,NA,41,NA
5,Mayo,14,2014,Miércoles,25,NA,34,NA
5,Mayo,15,2014,Jueves,25,NA,34,NA
5,Mayo,16,2014,Viernes,25,NA,34,NA
5,Mayo,19,2014,Lunes,25,NA,34,NA
5,Mayo,20,2014,Martes,25,NA,34,NA
5,Mayo,21,2014,Miércoles,24,NA,34,NA
5,Mayo,22,2014,Jueves,24,NA,35,NA
5,Mayo,23,2014,Viernes,24,NA,35,NA
5,Mayo,26,2014,Lunes,24,NA,35,NA
5,Mayo,27,2014,Martes,24,NA,35,NA
5,Mayo,28,2014,Miércoles,25,NA,42,NA
5,Mayo,29,2014,Jueves,24,NA,43,NA
5,Mayo,30,2014,Viernes,24,NA,43,NA
6,Junio,2,2014,Lunes,24,NA,49,NA
6,Junio,3,2014,Martes,24,NA,49,NA
6,Junio,4,2014,Miércoles,24,NA,45,NA
6,Junio,5,2014,Jueves,24,NA,45,NA
6,Junio,6,2014,Viernes,24,NA,45,NA
6,Junio,9,2014,Lunes,24,NA,45,NA
6,Junio,10,2014,Martes,24,NA,45,NA
6,Junio,11,2014,Miércoles,24,NA,45,NA
6,Junio,12,2014,Jueves,24,NA,48,NA
6,Junio,13,2014,Viernes,24,NA,48,NA
6,Junio,16,2014,Lunes,24,NA,48,NA
6,Junio,17,2014,Martes,24,NA,48,NA
6,Junio,18,2014,Miércoles,24,NA,44,NA
6,Junio,19,2014,Jueves,24,NA,44,NA
6,Junio,20,2014,Viernes,24,NA,44,NA
6,Junio,23,2014,Lunes,24,NA,53,NA
6,Junio,24,2014,Martes,24,NA,53,NA
6,Junio,25,2014,Miércoles,24,NA,53,NA
6,Junio,26,2014,Jueves,24,NA,53,NA
6,Junio,27,2014,Viernes,24,NA,53,NA
6,Junio,30,2014,Lunes,24,NA,52,NA
7,Julio,1,2014,Martes,24,NA,52,NA
7,Julio,2,2014,Miércoles,24,NA,50,NA
7,Julio,3,2014,Jueves,24,NA,50,NA
7,Julio,4,2014,Viernes,24,NA,52,NA
7,Julio,7,2014,Lunes,24,NA,50,NA
7,Julio,8,2014,Martes,24,NA,44,NA
7,Julio,9,2014,Miércoles,24,NA,51,NA
7,Julio,10,2014,Jueves,24,NA,48,NA
7,Julio,11,2014,Viernes,24,NA,48,NA
7,Julio,14,2014,Lunes,24,NA,48,NA
7,Julio,15,2014,Martes,24,NA,47,NA
7,Julio,16,2014,Miércoles,24,NA,47,NA
7,Julio,17,2014,Jueves,24,NA,48,NA
7,Julio,18,2014,Viernes,24,NA,49,NA
7,Julio,21,2014,Lunes,24,NA,47,NA
7,Julio,22,2014,Martes,24,NA,49,NA
7,Julio,23,2014,Miércoles,22,NA,47,NA
7,Julio,24,2014,Jueves,24,NA,48,NA
7,Julio,25,2014,Viernes,25,NA,48,NA
7,Julio,28,2014,Lunes,24,NA,61,NA
7,Julio,29,2014,Martes,24,NA,61,NA
7,Julio,30,2014,Miércoles,24,NA,57,NA
7,Julio,31,2014,Jueves,25,NA,61,NA
8,Agosto,1,2014,Viernes,24,NA,48,NA
8,Agosto,4,2014,Lunes,24,NA,61,NA
8,Agosto,5,2014,Martes,24,NA,44,NA
8,Agosto,6,2014,Miércoles,24,NA,57,NA
8,Agosto,7,2014,Jueves,24,NA,56,NA
8,Agosto,8,2014,Viernes,23,NA,52,NA
8,Agosto,11,2014,Lunes,23,NA,48,NA
8,Agosto,12,2014,Martes,24,NA,48,NA
8,Agosto,13,2014,Miércoles,24,NA,53,NA
8,Agosto,14,2014,Jueves,24,NA,54,NA
8,Agosto,15,2014,Viernes,24,NA,49,NA
8,Agosto,18,2014,Lunes,24,NA,53,NA
8,Agosto,19,2014,Martes,24,NA,57,NA
8,Agosto,20,2014,Miércoles,24,NA,53,NA
8,Agosto,21,2014,Jueves,24,NA,55,NA
8,Agosto,22,2014,Viernes,24,NA,50,NA
8,Agosto,25,2014,Lunes,24,NA,51,NA
8,Agosto,26,2014,Martes,24,NA,53,NA
8,Agosto,27,2014,Miércoles,24,NA,51,NA
8,Agosto,28,2014,Jueves,24,NA,53,NA
8,Agosto,29,2014,Viernes,23,NA,53,NA
9,Septiembre,1,2014,Lunes,24,NA,56,NA
9,Septiembre,2,2014,Martes,24,NA,55,NA
9,Septiembre,3,2014,Miércoles,24,NA,56,NA
9,Septiembre,4,2014,Jueves,24,NA,56,NA
9,Septiembre,5,2014,Viernes,23,NA,55,NA
9,Septiembre,8,2014,Lunes,24,NA,50,NA
9,Septiembre,9,2014,Martes,24,NA,51,NA
9,Septiembre,10,2014,Miércoles,24,NA,53,NA
9,Septiembre,11,2014,Jueves,24,NA,53,NA
9,Septiembre,12,2014,Viernes,23,NA,59,NA
9,Septiembre,15,2014,Lunes,23,NA,56,NA
9,Septiembre,16,2014,Martes,24,NA,57,NA
9,Septiembre,17,2014,Miércoles,23,NA,57,NA
9,Septiembre,18,2014,Jueves,23,NA,58,NA
9,Septiembre,19,2014,Viernes,24,NA,59,NA
9,Septiembre,22,2014,Lunes,24,NA,58,NA
9,Septiembre,23,2014,Martes,24,NA,56,NA
9,Septiembre,24,2014,Miércoles,23,NA,56,NA
9,Septiembre,25,2014,Jueves,24,NA,58,NA
9,Septiembre,26,2014,Viernes,24,NA,58,NA
9,Septiembre,29,2014,Lunes,23,NA,52,NA
9,Septiembre,30,2014,Martes,24,NA,58,NA
10,Octubre,1,2014,Miércoles,24,NA,52,NA
10,Octubre,2,2014,Jueves,23,NA,58,NA
10,Octubre,3,2014,Viernes,24,NA,58,NA
10,Octubre,6,2014,Lunes,23,NA,52,NA
10,Octubre,7,2014,Martes,23,NA,52,NA
10,Octubre,8,2014,Miércoles,23,NA,57,NA
10,Octubre,9,2014,Jueves,24,NA,58,NA
10,Octubre,10,2014,Viernes,23,NA,58,NA
10,Octubre,13,2014,Lunes,24,NA,50,NA
10,Octubre,14,2014,Martes,24,NA,52,NA
10,Octubre,15,2014,Miércoles,24,NA,58,NA
10,Octubre,16,2014,Jueves,23,NA,58,NA
10,Octubre,17,2014,Viernes,24,NA,59,NA
10,Octubre,20,2014,Lunes,23,NA,56,NA
10,Octubre,21,2014,Martes,23,NA,52,NA
10,Octubre,22,2014,Miércoles,23,NA,63,NA
10,Octubre,23,2014,Jueves,23,NA,53,NA
10,Octubre,24,2014,Viernes,23,NA,54,NA
10,Octubre,27,2014,Lunes,23,NA,54,NA
10,Octubre,28,2014,Martes,23,NA,51,NA
10,Octubre,29,2014,Miércoles,23,NA,53,NA
10,Octubre,30,2014,Jueves,24,NA,51,NA
10,Octubre,31,2014,Viernes,24,NA,54,NA
11,Noviembre,3,2014,Lunes,23,NA,51,NA
11,Noviembre,4,2014,Martes,24,NA,54,NA
11,Noviembre,5,2014,Miércoles,24,NA,66,NA
11,Noviembre,6,2014,Jueves,24,NA,54,NA
11,Noviembre,7,2014,Viernes,23,NA,54,NA
11,Noviembre,10,2014,Lunes,24,NA,51,NA
11,Noviembre,11,2014,Martes,24,NA,55,NA
11,Noviembre,12,2014,Miércoles,24,NA,52,NA
11,Noviembre,13,2014,Jueves,24,NA,52,NA
11,Noviembre,14,2014,Viernes,23,NA,60,NA
11,Noviembre,17,2014,Lunes,24,NA,60,NA
11,Noviembre,18,2014,Martes,24,NA,58,NA
11,Noviembre,19,2014,Miércoles,24,NA,56,NA
11,Noviembre,20,2014,Jueves,23,NA,67,NA
11,Noviembre,21,2014,Viernes,23,NA,52,NA
11,Noviembre,24,2014,Lunes,24,NA,50,NA
11,Noviembre,25,2014,Martes,24,NA,50,NA
11,Noviembre,26,2014,Miércoles,23,NA,51,NA
11,Noviembre,27,2014,Jueves,24,NA,53,NA
11,Noviembre,28,2014,Viernes,24,NA,60,NA
12,Diciembre,1,2014,Lunes,24,NA,67,NA
12,Diciembre,2,2014,Martes,22,NA,52,NA
12,Diciembre,3,2014,Miércoles,24,NA,53,NA
12,Diciembre,4,2014,Jueves,23,NA,52,NA
12,Diciembre,5,2014,Viernes,24,NA,60,NA
12,Diciembre,8,2014,Lunes,24,NA,61,NA
12,Diciembre,9,2014,Martes,23,NA,52,NA
12,Diciembre,10,2014,Miércoles,24,NA,60,NA
12,Diciembre,11,2014,Jueves,24,NA,62,NA
12,Diciembre,12,2014,Viernes,23,NA,58,NA
12,Diciembre,15,2014,Lunes,24,NA,50,NA
12,Diciembre,16,2014,Martes,24,NA,58,NA
12,Diciembre,17,2014,Miércoles,24,NA,59,NA
12,Diciembre,18,2014,Jueves,24,NA,58,NA
12,Diciembre,19,2014,Viernes,24,NA,58,NA
12,Diciembre,22,2014,Lunes,24,NA,53,NA
12,Diciembre,23,2014,Martes,23,NA,55,NA
12,Diciembre,24,2014,Miércoles,,NA,,NA
12,Diciembre,25,2014,Jueves,,NA,,NA
12,Diciembre,26,2014,Viernes,,NA,,NA
12,Diciembre,29,2014,Lunes,22,NA,34,NA
12,Diciembre,30,2014,Martes,22,NA,34,NA
12,Diciembre,31,2014,Miércoles,23,NA,35,NA
1,Enero,1,2015,Jueves,23,NA,34,NA
1,Enero,2,2015,Viernes,23,NA,31,NA
1,Enero,5,2015,Lunes,23,NA,40,NA
1,Enero,6,2015,Martes,24,NA,35,NA
1,Enero,7,2015,Miércoles,22,NA,33,NA
1,Enero,8,2015,Jueves,25,NA,38,NA
1,Enero,9,2015,Viernes,25,NA,36,NA
1,Enero,12,2015,Lunes,24,NA,35,NA
1,Enero,13,2015,Martes,23,NA,42,NA
1,Enero,14,2015,Miércoles,22,NA,45,NA
1,Enero,15,2015,Jueves,24,NA,45,NA
1,Enero,16,2015,Viernes,22,NA,36,NA
1,Enero,19,2015,Lunes,23,NA,35,NA
1,Enero,20,2015,Martes,22,NA,35,NA
1,Enero,21,2015,Miércoles,23,NA,35,NA
1,Enero,22,2015,Jueves,22,NA,35,NA
1,Enero,23,2015,Viernes,22,NA,40,NA
1,Enero,26,2015,Lunes,23,NA,40,NA
1,Enero,27,2015,Martes,23,NA,41,NA
1,Enero,28,2015,Miércoles,23,NA,43,NA
1,Enero,29,2015,Jueves,22,NA,39,NA
1,Enero,30,2015,Viernes,22,NA,36,NA
2,Febrero,2,2015,Lunes,20,NA,40,NA
2,Febrero,3,2015,Martes,20,NA,56,NA
2,Febrero,4,2015,Miércoles,22,NA,55,NA
2,Febrero,5,2015,Jueves,24,NA,50,NA
2,Febrero,6,2015,Viernes,25,NA,50,NA
2,Febrero,9,2015,Lunes,25,NA,56,NA
2,Febrero,10,2015,Martes,23,NA,48,NA
2,Febrero,11,2015,Miércoles,22,NA,42,NA
2,Febrero,12,2015,Jueves,22,NA,30,NA
2,Febrero,13,2015,Viernes,23,NA,31,NA
2,Febrero,16,2015,Lunes,23,NA,36,NA
2,Febrero,17,2015,Martes,23,NA,36,NA
2,Febrero,18,2015,Miércoles,23,NA,36,NA
2,Febrero,19,2015,Jueves,22,NA,36,NA
2,Febrero,20,2015,Viernes,22,NA,35,NA
2,Febrero,23,2015,Lunes,20,NA,33,NA
2,Febrero,24,2015,Martes,24,NA,36,NA
2,Febrero,25,2015,Miércoles,22,NA,36,NA
2,Febrero,26,2015,Jueves,23,NA,35,NA
2,Febrero,27,2015,Viernes,23,NA,35,NA
3,Marzo,2,2015,Lunes,22,NA,38,NA
3,Marzo,3,2015,Martes,23,NA,51,NA
3,Marzo,4,2015,Miércoles,23,NA,51,NA
3,Marzo,5,2015,Jueves,22,NA,54,NA
3,Marzo,6,2015,Viernes,22,NA,39,NA
3,Marzo,9,2015,Lunes,24,NA,37,NA
3,Marzo,10,2015,Martes,25,NA,36,NA
3,Marzo,11,2015,Miércoles,25,NA,35,NA
3,Marzo,12,2015,Jueves,24,NA,35,NA
3,Marzo,13,2015,Viernes,24,NA,36,NA
3,Marzo,16,2015,Lunes,25,NA,38,NA
3,Marzo,17,2015,Martes,22,NA,38,NA
3,Marzo,18,2015,Miércoles,23,NA,50,NA
3,Marzo,19,2015,Jueves,25,NA,37,NA
3,Marzo,20,2015,Viernes,22,NA,36,NA
3,Marzo,23,2015,Lunes,22,NA,35,NA
3,Marzo,24,2015,Martes,22,NA,35,NA
3,Marzo,25,2015,Miércoles,22,NA,38,NA
3,Marzo,26,2015,Jueves,22,NA,39,NA
3,Marzo,27,2015,Viernes,23,NA,39,NA
3,Marzo,30,2015,Lunes,24,NA,40,NA
3,Marzo,31,2015,Martes,24,NA,40,NA
4,Abril,1,2015,Miércoles,24,NA,41,NA
4,Abril,2,2015,Jueves,22,NA,39,NA
4,Abril,3,2015,Viernes,22,NA,36,NA
4,Abril,6,2015,Lunes,22,NA,35,NA
4,Abril,7,2015,Martes,24,NA,36,NA
4,Abril,8,2015,Miércoles,24,NA,31,NA
4,Abril,9,2015,Jueves,23,NA,52,NA
4,Abril,10,2015,Viernes,22,NA,50,NA
4,Abril,13,2015,Lunes,22,NA,53,NA
4,Abril,14,2015,Martes,25,NA,48,NA
4,Abril,15,2015,Miércoles,24,NA,37,NA
4,Abril,16,2015,Jueves,25,NA,35,NA
4,Abril,17,2015,Viernes,23,NA,35,NA
4,Abril,20,2015,Lunes,23,NA,35,NA
4,Abril,21,2015,Martes,22,NA,35,NA
4,Abril,22,2015,Miércoles,22,NA,37,NA
4,Abril,23,2015,Jueves,23,NA,35,NA
4,Abril,24,2015,Viernes,23,NA,31,NA
4,Abril,27,2015,Lunes,23,NA,35,NA
4,Abril,28,2015,Martes,22,NA,34,NA
4,Abril,29,2015,Miércoles,22,NA,35,NA
4,Abril,30,2015,Jueves,22,NA,35,NA
5,Mayo,1,2015,Viernes,24,NA,31,NA
5,Mayo,4,2015,Lunes,23,NA,35,NA
5,Mayo,5,2015,Martes,22,NA,40,NA
5,Mayo,6,2015,Miércoles,22,NA,41,NA
5,Mayo,7,2015,Jueves,22,NA,37,NA
5,Mayo,8,2015,Viernes,23,NA,36,NA
5,Mayo,11,2015,Lunes,24,NA,35,NA
5,Mayo,12,2015,Martes,24,NA,35,NA
5,Mayo,13,2015,Miércoles,24,NA,35,NA
5,Mayo,14,2015,Jueves,23,NA,36,NA
5,Mayo,15,2015,Viernes,23,NA,31,NA
5,Mayo,18,2015,Lunes,22,NA,35,NA
5,Mayo,19,2015,Martes,22,NA,35,NA
5,Mayo,20,2015,Miércoles,22,NA,37,NA
5,Mayo,21,2015,Jueves,22,NA,37,NA
5,Mayo,22,2015,Viernes,22,NA,35,NA
5,Mayo,25,2015,Lunes,21,NA,35,NA
5,Mayo,26,2015,Martes,22,NA,31,NA
5,Mayo,27,2015,Miércoles,23,NA,30,NA
5,Mayo,28,2015,Jueves,24,NA,35,NA
5,Mayo,29,2015,Viernes,24,NA,35,NA
6,Junio,1,2015,Lunes,24,NA,35,NA
6,Junio,2,2015,Martes,22,NA,36,NA
6,Junio,3,2015,Miércoles,22,NA,33,NA
6,Junio,4,2015,Jueves,22,NA,31,NA
6,Junio,5,2015,Viernes,22,NA,31,NA
6,Junio,8,2015,Lunes,22,NA,35,NA
6,Junio,9,2015,Martes,22,NA,35,NA
6,Junio,10,2015,Miércoles,23,NA,35,NA
6,Junio,11,2015,Jueves,23,NA,35,NA
6,Junio,12,2015,Viernes,24,NA,34,NA
6,Junio,15,2015,Lunes,23,NA,31,NA
6,Junio,16,2015,Martes,22,NA,31,NA
6,Junio,17,2015,Miércoles,22,NA,35,NA
6,Junio,18,2015,Jueves,24,NA,35,NA
6,Junio,19,2015,Viernes,25,NA,35,NA
6,Junio,22,2015,Lunes,25,NA,35,NA
6,Junio,23,2015,Martes,22,NA,35,NA
6,Junio,24,2015,Miércoles,22,NA,34,NA
6,Junio,25,2015,Jueves,23,NA,34,NA
6,Junio,26,2015,Viernes,22,NA,31,NA
6,Junio,29,2015,Lunes,22,NA,34,NA
6,Junio,30,2015,Martes,22,NA,34,NA
7,Julio,1,2015,Miércoles,23,NA,33,NA
7,Julio,2,2015,Jueves,23,NA,34,NA
7,Julio,3,2015,Viernes,21,NA,34,NA
7,Julio,6,2015,Lunes,22,NA,31,NA
7,Julio,7,2015,Martes,23,NA,30,NA
7,Julio,8,2015,Miércoles,22,NA,35,NA
7,Julio,9,2015,Jueves,22,NA,35,NA
7,Julio,10,2015,Viernes,23,NA,33,NA
7,Julio,13,2015,Lunes,22,NA,34,NA
7,Julio,14,2015,Martes,21,NA,35,NA
7,Julio,15,2015,Miércoles,20,NA,35,NA
7,Julio,16,2015,Jueves,20,NA,31,NA
7,Julio,17,2015,Viernes,22,NA,30,NA
7,Julio,20,2015,Lunes,23,NA,31,NA
7,Julio,21,2015,Martes,21,NA,32,NA
7,Julio,22,2015,Miércoles,22,NA,32,NA
7,Julio,23,2015,Jueves,22,NA,32,NA
7,Julio,24,2015,Viernes,23,NA,33,NA
7,Julio,27,2015,Lunes,21,NA,35,NA
7,Julio,28,2015,Martes,22,NA,35,NA
7,Julio,29,2015,Miércoles,23,NA,31,NA
7,Julio,30,2015,Jueves,24,NA,30,NA
7,Julio,31,2015,Viernes,24,NA,36,NA
8,Agosto,3,2015,Lunes,24,NA,36,NA
8,Agosto,4,2015,Martes,22,NA,31,NA
8,Agosto,5,2015,Miércoles,23,NA,39,NA
8,Agosto,6,2015,Jueves,23,NA,33,NA
8,Agosto,7,2015,Viernes,21,NA,38,NA
8,Agosto,10,2015,Lunes,22,NA,34,NA
8,Agosto,11,2015,Martes,22,NA,33,NA
8,Agosto,12,2015,Miércoles,21,NA,31,NA
8,Agosto,13,2015,Jueves,25,NA,35,NA
8,Agosto,14,2015,Viernes,23,NA,36,NA
8,Agosto,17,2015,Lunes,29,NA,35,NA
8,Agosto,18,2015,Martes,25,NA,33,NA
8,Agosto,19,2015,Miércoles,26,NA,33,NA
8,Agosto,20,2015,Jueves,25,NA,34,NA
8,Agosto,21,2015,Viernes,26,NA,32,NA
8,Agosto,24,2015,Lunes,22,NA,36,NA
8,Agosto,25,2015,Martes,23,NA,36,NA
8,Agosto,26,2015,Miércoles,24,NA,33,NA
8,Agosto,27,2015,Jueves,21,NA,34,NA
8,Agosto,28,2015,Viernes,24,NA,30,NA
8,Agosto,31,2015,Lunes,22,NA,31,NA
9,Septiembre,1,2015,Martes,22,NA,36,NA
9,Septiembre,2,2015,Miércoles,20,NA,37,NA
9,Septiembre,3,2015,Jueves,20,NA,36,NA
9,Septiembre,4,2015,Viernes,20,NA,35,NA
9,Septiembre,7,2015,Lunes,,NA,,NA
9,Septiembre,8,2015,Martes,,NA,,NA
9,Septiembre,9,2015,Miércoles,,NA,,NA
9,Septiembre,10,2015,Jueves,,NA,,NA
9,Septiembre,11,2015,Viernes,,NA,,NA
9,Septiembre,14,2015,Lunes,20,NA,50,NA
9,Septiembre,15,2015,Martes,20,NA,52,NA
9,Septiembre,16,2015,Miércoles,20,NA,56,NA
9,Septiembre,17,2015,Jueves,18,NA,58,NA
9,Septiembre,18,2015,Viernes,22,NA,58,NA
9,Septiembre,21,2015,Lunes,20,NA,53,NA
9,Septiembre,22,2015,Martes,24,NA,53,NA
9,Septiembre,23,2015,Miércoles,24,NA,40,NA
9,Septiembre,24,2015,Jueves,24,NA,36,NA
9,Septiembre,25,2015,Viernes,22,NA,35,NA
9,Septiembre,28,2015,Lunes,20,NA,39,NA
9,Septiembre,29,2015,Martes,20,NA,36,NA
9,Septiembre,30,2015,Miércoles,18,NA,61,NA
10,Octubre,1,2015,Jueves,18,NA,66,NA
10,Octubre,2,2015,Viernes,18,NA,67,NA
10,Octubre,5,2015,Lunes,17,NA,61,NA
10,Octubre,6,2015,Martes,18,NA,61,NA
10,Octubre,7,2015,Miércoles,19,NA,47,NA
10,Octubre,8,2015,Jueves,19,NA,46,NA
10,Octubre,9,2015,Viernes,20,NA,28,NA
10,Octubre,12,2015,Lunes,21,NA,60,NA
10,Octubre,13,2015,Martes,17,NA,60,NA
10,Octubre,14,2015,Miércoles,17,NA,63,NA
10,Octubre,15,2015,Jueves,16,NA,58,NA
10,Octubre,16,2015,Viernes,17,NA,58,NA
10,Octubre,19,2015,Lunes,17,NA,60,NA
10,Octubre,20,2015,Martes,16,NA,58,NA
10,Octubre,21,2015,Miércoles,17,NA,55,NA
10,Octubre,22,2015,Jueves,17,NA,58,NA
10,Octubre,23,2015,Viernes,17,NA,60,NA
10,Octubre,26,2015,Lunes,16,NA,58,NA
10,Octubre,27,2015,Martes,20,NA,54,NA
10,Octubre,28,2015,Miércoles,21,NA,42,NA
10,Octubre,29,2015,Jueves,18,NA,56,NA
10,Octubre,30,2015,Viernes,20,NA,58,NA
11,Noviembre,2,2015,Lunes,21,NA,60,NA
11,Noviembre,3,2015,Martes,20,NA,59,NA
11,Noviembre,4,2015,Miércoles,19,NA,53,NA
11,Noviembre,5,2015,Jueves,18,NA,55,NA
11,Noviembre,6,2015,Viernes,19,NA,60,NA
11,Noviembre,9,2015,Lunes,18,NA,49,NA
11,Noviembre,10,2015,Martes,17,NA,53,NA
11,Noviembre,11,2015,Miércoles,16,NA,48,NA
11,Noviembre,12,2015,Jueves,15,NA,49,NA
11,Noviembre,13,2015,Viernes,20,NA,38,NA
11,Noviembre,16,2015,Lunes,21,NA,47,NA
11,Noviembre,17,2015,Martes,17,NA,51,NA
11,Noviembre,18,2015,Miércoles,17,NA,53,NA
11,Noviembre,19,2015,Jueves,18,NA,47,NA
11,Noviembre,20,2015,Viernes,19,NA,40,NA
11,Noviembre,23,2015,Lunes,16,NA,46,NA
11,Noviembre,24,2015,Martes,15,NA,52,NA
11,Noviembre,25,2015,Miércoles,16,NA,51,NA
11,Noviembre,26,2015,Jueves,16,NA,49,NA
11,Noviembre,27,2015,Viernes,19,NA,49,NA
11,Noviembre,30,2015,Lunes,17,NA,51,NA
12,Diciembre,1,2015,Martes,14,NA,44,NA
12,Diciembre,2,2015,Miércoles,18,NA,39,NA
12,Diciembre,3,2015,Jueves,21,NA,42,NA
12,Diciembre,4,2015,Viernes,,NA,,NA
12,Diciembre,7,2015,Lunes,24,NA,39,NA
12,Diciembre,8,2015,Martes,24,NA,39,NA
12,Diciembre,9,2015,Miércoles,25,NA,36,NA
12,Diciembre,10,2015,Jueves,25,NA,52,NA
12,Diciembre,11,2015,Viernes,16,NA,54,NA
12,Diciembre,14,2015,Lunes,27,NA,64,NA
12,Diciembre,15,2015,Martes,19,NA,42,NA
12,Diciembre,16,2015,Miércoles,18,NA,55,NA
12,Diciembre,17,2015,Jueves,20,NA,54,NA
12,Diciembre,18,2015,Viernes,18,NA,55,NA
12,Diciembre,21,2015,Lunes,18,NA,55,NA
12,Diciembre,22,2015,Martes,20,NA,54,NA
12,Diciembre,23,2015,Miércoles,22,NA,55,NA
12,Diciembre,24,2015,Jueves,22,NA,56,NA
12,Diciembre,25,2015,Viernes,20,NA,58,NA
12,Diciembre,28,2015,Lunes,18,NA,60,NA
12,Diciembre,29,2015,Martes,18,NA,60,NA
12,Diciembre,30,2015,Miércoles,20,NA,56,NA
12,Diciembre,31,2015,Jueves,20,NA,43,NA
1,Enero,1,2016,Viernes,20,NA,45,NA
1,Enero,4,2016,Lunes,22,NA,45,NA
1,Enero,5,2016,Martes,20,NA,46,NA
1,Enero,6,2016,Miércoles,22,NA,50,NA
1,Enero,7,2016,Jueves,20,NA,54,NA
1,Enero,8,2016,Viernes,20,NA,54,NA
1,Enero,11,2016,Lunes,20,NA,56,NA
1,Enero,12,2016,Martes,20,NA,56,NA
1,Enero,13,2016,Miércoles,18,NA,56,NA
1,Enero,14,2016,Jueves,18,NA,56,NA
1,Enero,15,2016,Viernes,20,NA,54,NA
1,Enero,18,2016,Lunes,20,NA,54,NA
1,Enero,19,2016,Martes,20,NA,54,NA
1,Enero,20,2016,Miércoles,20,NA,50,NA
1,Enero,21,2016,Jueves,20,NA,48,NA
1,Enero,22,2016,Viernes,20,NA,46,NA
1,Enero,25,2016,Lunes,20,NA,45,NA
1,Enero,26,2016,Martes,20,NA,45,NA
1,Enero,27,2016,Miércoles,20,NA,45,NA
1,Enero,28,2016,Jueves,20,NA,43,NA
1,Enero,29,2016,Viernes,18,NA,44,NA
2,Febrero,1,2016,Lunes,18,NA,45,NA
2,Febrero,2,2016,Martes,17,NA,45,NA
2,Febrero,3,2016,Miércoles,17,NA,50,NA
2,Febrero,4,2016,Jueves,18,NA,54,NA
2,Febrero,5,2016,Viernes,18,NA,54,NA
2,Febrero,8,2016,Lunes,,NA,,NA
2,Febrero,9,2016,Martes,,NA,,NA
2,Febrero,10,2016,Miércoles,20,NA,54,NA
2,Febrero,11,2016,Jueves,20,NA,52,NA
2,Febrero,12,2016,Viernes,20,NA,60,NA
2,Febrero,15,2016,Lunes,,NA,,NA
2,Febrero,16,2016,Martes,,NA,,NA
2,Febrero,17,2016,Miércoles,,NA,,NA
2,Febrero,18,2016,Jueves,,NA,,NA
2,Febrero,19,2016,Viernes,,NA,,NA
2,Febrero,22,2016,Lunes,,NA,,NA
2,Febrero,23,2016,Martes,21,NA,43,NA
2,Febrero,24,2016,Miércoles,22,NA,44,NA
2,Febrero,25,2016,Jueves,21,NA,38,NA
2,Febrero,26,2016,Viernes,20,NA,38,NA
2,Febrero,29,2016,Lunes,20,NA,49,NA
3,Marzo,1,2016,Martes,18,NA,36,NA
3,Marzo,2,2016,Miércoles,20,NA,49,NA
3,Marzo,3,2016,Jueves,20,NA,48,NA
3,Marzo,4,2016,Viernes,20,NA,40,NA
3,Marzo,7,2016,Lunes,,NA,,NA
3,Marzo,8,2016,Martes,,NA,,NA
3,Marzo,9,2016,Miércoles,21,NA,49,NA
3,Marzo,10,2016,Jueves,20,NA,46,NA
3,Marzo,11,2016,Viernes,20,NA,41,NA
3,Marzo,14,2016,Lunes,20,NA,45,NA
3,Marzo,15,2016,Martes,21,NA,45,NA
3,Marzo,16,2016,Miércoles,21,NA,53,NA
3,Marzo,17,2016,Jueves,20,NA,46,NA
3,Marzo,18,2016,Viernes,19,NA,38,NA
3,Marzo,21,2016,Lunes,,NA,,NA
3,Marzo,22,2016,Martes,18,NA,36,NA
3,Marzo,23,2016,Miércoles,19,NA,38,NA
3,Marzo,24,2016,Jueves,19,NA,48,NA
3,Marzo,25,2016,Viernes,20,NA,53,NA
3,Marzo,28,2016,Lunes,19,NA,48,NA
3,Marzo,29,2016,Martes,20,NA,54,NA
3,Marzo,30,2016,Miércoles,19,NA,49,NA
3,Marzo,31,2016,Jueves,20,NA,48,NA
4,Abril,1,2016,Viernes,19,NA,48,NA
4,Abril,4,2016,Lunes,20,NA,50,NA
4,Abril,5,2016,Martes,20,NA,54,NA
4,Abril,6,2016,Miércoles,19,NA,48,NA
4,Abril,7,2016,Jueves,18,NA,58,NA
4,Abril,8,2016,Viernes,20,NA,45,NA
4,Abril,11,2016,Lunes,20,NA,49,NA
4,Abril,12,2016,Martes,20,NA,45,NA
4,Abril,13,2016,Miércoles,20,NA,40,NA
4,Abril,14,2016,Jueves,19,NA,38,NA
4,Abril,15,2016,Viernes,19,NA,33,NA
4,Abril,18,2016,Lunes,18,NA,38,NA
4,Abril,19,2016,Martes,18,NA,38,NA
4,Abril,20,2016,Miércoles,20,NA,39,NA
4,Abril,21,2016,Jueves,18,NA,38,NA
4,Abril,22,2016,Viernes,18,NA,35,NA
4,Abril,25,2016,Lunes,20,NA,41,NA
4,Abril,26,2016,Martes,20,NA,35,NA
4,Abril,27,2016,Miércoles,20,NA,40,NA
4,Abril,28,2016,Jueves,18,NA,51,NA
4,Abril,29,2016,Viernes,19,NA,31,NA
5,Mayo,2,2016,Lunes,20,NA,22,NA
5,Mayo,3,2016,Martes,20,NA,31,NA
5,Mayo,4,2016,Miércoles,20,NA,23,NA
5,Mayo,5,2016,Jueves,18,NA,44,NA
5,Mayo,6,2016,Viernes,18,NA,38,NA
5,Mayo,9,2016,Lunes,20,NA,35,NA
5,Mayo,10,2016,Martes,20,NA,45,NA
5,Mayo,11,2016,Miércoles,18,NA,45,NA
5,Mayo,12,2016,Jueves,18,NA,42,NA
5,Mayo,13,2016,Viernes,20,NA,43,NA
5,Mayo,16,2016,Lunes,19,NA,39,NA
5,Mayo,17,2016,Martes,19,NA,43,NA
5,Mayo,18,2016,Miércoles,20,NA,40,NA
5,Mayo,19,2016,Jueves,19,NA,41,NA
5,Mayo,20,2016,Viernes,19,NA,45,NA
5,Mayo,23,2016,Lunes,18,NA,50,NA
5,Mayo,24,2016,Martes,18,NA,51,NA
5,Mayo,25,2016,Miércoles,19,NA,43,NA
5,Mayo,26,2016,Jueves,19,NA,42,NA
5,Mayo,27,2016,Viernes,19,NA,41,NA
5,Mayo,30,2016,Lunes,23,NA,56,NA
5,Mayo,31,2016,Martes,20,NA,51,NA
6,Junio,1,2016,Miércoles,22,NA,55,NA
6,Junio,2,2016,Jueves,23,NA,56,NA
6,Junio,3,2016,Viernes,23,NA,54,NA
6,Junio,6,2016,Lunes,23,NA,51,NA
6,Junio,7,2016,Martes,23,NA,51,NA
6,Junio,8,2016,Miércoles,22,NA,50,NA
6,Junio,9,2016,Jueves,19,NA,49,NA
6,Junio,10,2016,Viernes,19,NA,48,NA
6,Junio,13,2016,Lunes,20,NA,48,NA
6,Junio,14,2016,Martes,21,NA,45,NA
6,Junio,15,2016,Miércoles,24,NA,54,NA
6,Junio,16,2016,Jueves,23,NA,53,NA
6,Junio,17,2016,Viernes,23,NA,49,NA
6,Junio,20,2016,Lunes,19,NA,49,NA
6,Junio,21,2016,Martes,21,NA,50,NA
6,Junio,22,2016,Miércoles,21,NA,50,NA
6,Junio,23,2016,Jueves,23,NA,49,NA
6,Junio,24,2016,Viernes,21,NA,49,NA
6,Junio,27,2016,Lunes,20,NA,53,NA
6,Junio,28,2016,Martes,19,NA,55,NA
6,Junio,29,2016,Miércoles,19,NA,51,NA
6,Junio,30,2016,Jueves,21,NA,53,NA
7,Julio,1,2016,Viernes,21,NA,53,NA
7,Julio,4,2016,Lunes,22,NA,64,NA
7,Julio,5,2016,Martes,21,NA,50,NA
7,Julio,6,2016,Miércoles,22,NA,53,NA
7,Julio,7,2016,Jueves,18,NA,51,NA
7,Julio,8,2016,Viernes,18,NA,48,NA
7,Julio,11,2016,Lunes,19,NA,48,NA
7,Julio,12,2016,Martes,20,NA,48,NA
7,Julio,13,2016,Miércoles,20,NA,52,NA
7,Julio,14,2016,Jueves,19,NA,46,NA
7,Julio,15,2016,Viernes,22,NA,45,NA
7,Julio,18,2016,Lunes,23,NA,48,NA
7,Julio,19,2016,Martes,23,NA,46,NA
7,Julio,20,2016,Miércoles,23,NA,48,NA
7,Julio,21,2016,Jueves,22,NA,51,NA
7,Julio,22,2016,Viernes,19,NA,53,NA
7,Julio,25,2016,Lunes,19,NA,53,NA
7,Julio,26,2016,Martes,20,NA,54,NA
7,Julio,27,2016,Miércoles,22,NA,46,NA
7,Julio,28,2016,Jueves,23,NA,47,NA
7,Julio,29,2016,Viernes,24,NA,51,NA
8,Agosto,1,2016,Lunes,24,NA,51,NA
8,Agosto,2,2016,Martes,23,NA,52,NA
8,Agosto,3,2016,Miércoles,23,NA,60,NA
8,Agosto,4,2016,Jueves,20,NA,51,NA
8,Agosto,5,2016,Viernes,23,NA,46,NA
8,Agosto,8,2016,Lunes,20,NA,41,NA
8,Agosto,9,2016,Martes,24,NA,45,NA
8,Agosto,10,2016,Miércoles,20,NA,48,NA
8,Agosto,11,2016,Jueves,21,NA,53,NA
8,Agosto,12,2016,Viernes,23,NA,53,NA
8,Agosto,15,2016,Lunes,23,NA,48,NA
8,Agosto,16,2016,Martes,22,NA,45,NA
8,Agosto,17,2016,Miércoles,21,NA,41,NA
8,Agosto,18,2016,Jueves,22,NA,41,NA
8,Agosto,19,2016,Viernes,20,NA,56,NA
8,Agosto,22,2016,Lunes,23,NA,44,NA
8,Agosto,23,2016,Martes,23,NA,45,NA
8,Agosto,24,2016,Miércoles,21,NA,44,NA
8,Agosto,25,2016,Jueves,20,NA,46,NA
8,Agosto,26,2016,Viernes,23,NA,45,NA
8,Agosto,29,2016,Lunes,20,NA,43,NA
8,Agosto,30,2016,Martes,20,NA,41,NA
8,Agosto,31,2016,Miércoles,22,NA,41,NA
9,Septiembre,1,2016,Jueves,22,NA,43,NA
9,Septiembre,2,2016,Viernes,21,NA,40,NA
9,Septiembre,5,2016,Lunes,20,NA,41,NA
9,Septiembre,6,2016,Martes,20,NA,45,NA
9,Septiembre,7,2016,Miércoles,22,NA,45,NA
9,Septiembre,8,2016,Jueves,22,NA,53,NA
9,Septiembre,9,2016,Viernes,21,NA,48,NA
9,Septiembre,12,2016,Lunes,21,NA,46,NA
9,Septiembre,13,2016,Martes,21,NA,53,NA
9,Septiembre,14,2016,Miércoles,22,NA,50,NA
9,Septiembre,15,2016,Jueves,22,NA,48,NA
9,Septiembre,16,2016,Viernes,22,NA,53,NA
9,Septiembre,19,2016,Lunes,20,NA,54,NA
9,Septiembre,20,2016,Martes,21,NA,48,NA
9,Septiembre,21,2016,Miércoles,21,NA,45,NA
9,Septiembre,22,2016,Jueves,23,NA,53,NA
9,Septiembre,23,2016,Viernes,22,NA,58,NA
9,Septiembre,26,2016,Lunes,22,NA,53,NA
9,Septiembre,27,2016,Martes,,NA,,NA
9,Septiembre,28,2016,Miércoles,,NA,,NA
9,Septiembre,29,2016,Jueves,,NA,,NA
9,Septiembre,30,2016,Viernes,22,NA,50,NA
10,Octubre,3,2016,Lunes,22,NA,48,NA
10,Octubre,4,2016,Martes,20,NA,51,NA
10,Octubre,5,2016,Miércoles,22,NA,51,NA
10,Octubre,6,2016,Jueves,21,NA,51,NA
10,Octubre,7,2016,Viernes,22,NA,53,NA
10,Octubre,10,2016,Lunes,22,NA,61,NA
10,Octubre,11,2016,Martes,21,NA,53,NA
10,Octubre,12,2016,Miércoles,20,NA,50,NA
10,Octubre,13,2016,Jueves,22,NA,51,NA
10,Octubre,14,2016,Viernes,18,NA,51,NA
10,Octubre,17,2016,Lunes,20,NA,48,NA
10,Octubre,18,2016,Martes,22,NA,61,NA
10,Octubre,19,2016,Miércoles,22,NA,60,NA
10,Octubre,20,2016,Jueves,22,NA,48,NA
10,Octubre,21,2016,Viernes,22,NA,46,NA
10,Octubre,24,2016,Lunes,22,NA,61,NA
10,Octubre,25,2016,Martes,22,NA,48,NA
10,Octubre,26,2016,Miércoles,22,NA,46,NA
10,Octubre,27,2016,Jueves,22,NA,48,NA
10,Octubre,28,2016,Viernes,22,NA,45,NA
10,Octubre,31,2016,Lunes,22,NA,58,NA
11,Noviembre,1,2016,Martes,22,NA,59,NA
11,Noviembre,2,2016,Miércoles,23,NA,41,NA
11,Noviembre,3,2016,Jueves,,NA,,NA
11,Noviembre,4,2016,Viernes,,NA,,NA
11,Noviembre,7,2016,Lunes,22,NA,61,NA
11,Noviembre,8,2016,Martes,22,NA,43,NA
11,Noviembre,9,2016,Miercoles,22,NA,40,NA
11,Noviembre,10,2016,Jueves,22,NA,43,NA
11,Noviembre,11,2016,Viernes,21,NA,50,NA
11,Noviembre,14,2016,Lunes,20,NA,53,NA
11,Noviembre,15,2016,Martes,22,NA,49,NA
11,Noviembre,16,2016,Miercoles,20,NA,48,NA
11,Noviembre,17,2016,Jueves,22,NA,51,NA
11,Noviembre,18,2016,Viernes,20,NA,46,NA
11,Noviembre,21,2016,Lunes,20,NA,48,NA
11,Noviembre,22,2016,Martes,22,NA,59,NA
11,Noviembre,23,2016,Miercoles,20,NA,43,NA
11,Noviembre,24,2016,Jueves,20,NA,40,NA
11,Noviembre,25,2016,Viernes,22,NA,45,NA
11,Noviembre,28,2016,Lunes,22,NA,63,NA
11,Noviembre,29,2016,Martes,22,NA,53,NA
11,Noviembre,30,2016,Miercoles,22,NA,54,NA
12,Diciembre,1,2016,Jueves,22,NA,46,NA
12,Diciembre,2,2016,Viernes,23,NA,46,NA
12,Diciembre,5,2016,Lunes,22,NA,56,NA
12,Diciembre,6,2016,Martes,22,NA,49,NA
12,Diciembre,7,2016,Miercoles,22,NA,46,NA
12,Diciembre,8,2016,Jueves,22,NA,45,NA
12,Diciembre,9,2016,Viernes,23,NA,44,NA
12,Diciembre,12,2016,Lunes,22,NA,45,NA
12,Diciembre,13,2016,Martes,23,NA,48,NA
12,Diciembre,14,2016,Miercoles,22,NA,51,NA
12,Diciembre,15,2016,Jueves,22,NA,46,NA
12,Diciembre,16,2016,Viernes,23,NA,44,NA
12,Diciembre,19,2016,Lunes,22,NA,43,NA
12,Diciembre,20,2016,Martes,22,NA,45,NA
12,Diciembre,21,2016,Miercoles,22,NA,44,NA
12,Diciembre,22,2016,Jueves,23,NA,48,NA
12,Diciembre,23,2016,Viernes,22,NA,49,NA
12,Diciembre,26,2016,Lunes,22,NA,44,NA
12,Diciembre,27,2020,Martes,22,NA,44,NA
12,Diciembre,28,2016,Miercoles,22,NA,45,NA
12,Diciembre,29,2016,Jueves,23,NA,44,NA
12,Diciembre,30,2016,Viernes,22,NA,46,NA
1,Enero,2,2017,Lunes,22,NA,48,NA
1,Enero,3,2017,Martes,22,NA,54,NA
1,Enero,4,2017,Miercoles,22,NA,51,NA
1,Enero,5,2017,Jueves,22,NA,44,NA
1,Enero,6,2017,Viernes,22,NA,45,NA
1,Enero,9,2017,Lunes,22,NA,48,NA
1,Enero,10,2017,Martes,22,NA,44,NA
1,Enero,11,2017,Miercoles,22,NA,40,NA
1,Enero,12,2017,Jueves,23,NA,45,NA
1,Enero,13,2017,Viernes,23,NA,37,NA
1,Enero,16,2017,Lunes,22,NA,40,NA
1,Enero,17,2017,Martes,23,NA,43,NA
1,Enero,18,2017,Miercoles,22,NA,45,NA
1,Enero,19,2017,Jueves,22,NA,42,NA
1,Enero,20,2017,Viernes,22,NA,45,NA
1,Enero,23,2017,Lunes,22,NA,45,NA
1,Enero,24,2017,Martes,22,NA,48,NA
1,Enero,25,2017,Miercoles,23,NA,50,NA
1,Enero,26,2017,Jueves,22,NA,49,NA
1,Enero,27,2017,Viernes,24,NA,45,NA
1,Enero,30,2017,Lunes,24,NA,42,NA
1,Enero,31,2017,Martes,23,NA,48,NA
2,Febrero,1,2017,Miercoles,22,NA,50,NA
2,Febrero,2,2017,Jueves,22,NA,50,NA
2,Febrero,3,2017,Viernes,23,NA,49,NA
2,Febrero,6,2017,Lunes,22,NA,54,NA
2,Febrero,7,2017,Martes,23,NA,48,NA
2,Febrero,8,2017,Miercoles,22,NA,45,NA
2,Febrero,9,2017,Jueves,23,NA,48,NA
2,Febrero,10,2017,Viernes,22,NA,48,NA
2,Febrero,13,2017,Lunes,22,NA,45,NA
2,Febrero,14,2017,Martes,22,NA,35,NA
2,Febrero,15,2017,Miercoles,22,NA,40,NA
2,Febrero,16,2017,Jueves,22,NA,54,NA
2,Febrero,17,2017,Viernes,23,NA,35,NA
2,Febrero,20,2017,Lunes,21,NA,54,NA
2,Febrero,21,2017,Martes,22,NA,48,NA
2,Febrero,22,2017,Miercoles,22,NA,54,NA
2,Febrero,23,2017,Jueves,21,NA,54,NA
2,Febrero,24,2017,Viernes,21,NA,48,NA
2,Febrero,27,2017,Lunes,21,NA,50,NA
2,Febrero,28,2017,Martes,21,NA,54,NA
3,Marzo,1,2017,Miercoles,22,NA,54,NA
3,Marzo,2,2017,Jueves,23,NA,50,NA
3,Marzo,3,2017,Viernes,21,NA,50,NA
3,Marzo,6,2017,Lunes,22,NA,35,NA
3,Marzo,7,2017,Martes,22,NA,35,NA
3,Marzo,8,2017,Miercoles,22,NA,35,NA
3,Marzo,9,2017,Jueves,24,NA,33,NA
3,Marzo,10,2017,Viernes,25,NA,35,NA
3,Marzo,13,2017,Lunes,21,NA,34,NA
3,Marzo,14,2017,Martes,22,NA,35,NA
3,Marzo,15,2017,Miercoles,21,NA,35,NA
3,Marzo,16,2017,Jueves,22,NA,48,NA
3,Marzo,17,2017,Viernes,22,NA,45,NA
3,Marzo,20,2017,Lunes,21,NA,48,NA
3,Marzo,21,2017,Martes,20,NA,43,NA
3,Marzo,22,2017,Miercoles,23,NA,39,NA
3,Marzo,23,2017,Jueves,23,NA,35,NA
3,Marzo,24,2017,Viernes,20,NA,35,NA
3,Marzo,27,2017,Lunes,20,NA,35,NA
3,Marzo,28,2017,Martes,21,NA,35,NA
3,Marzo,29,2017,Miercoles,21,NA,40,NA
3,Marzo,30,2017,Jueves,22,NA,45,NA
3,Marzo,31,2017,Viernes,22,NA,45,NA
4,Abril,3,2017,Lunes,23,NA,40,NA
4,Abril,4,2017,Martes,22,NA,45,NA
4,Abril,5,2017,Miercoles,22,NA,45,NA
4,Abril,6,2017,Jueves,22,NA,51,NA
4,Abril,7,2017,Viernes,23,NA,50,NA
4,Abril,10,2017,Lunes,22,NA,47,NA
4,Abril,11,2017,Martes,21,NA,50,NA
4,Abril,12,2017,Miercoles,20,NA,51,NA
4,Abril,13,2017,Jueves,23,NA,53,NA
4,Abril,14,2017,Viernes,23,NA,51,NA
4,Abril,17,2017,Lunes,20,NA,48,NA
4,Abril,18,2017,Martes,21,NA,48,NA
4,Abril,19,2017,Miercoles,20,NA,47,NA
4,Abril,20,2017,Jueves,20,NA,51,NA
4,Abril,21,2017,Viernes,23,NA,50,NA
4,Abril,22,2017,Lunes,24,NA,49,NA
4,Abril,25,2017,Martes,24,NA,51,NA
4,Abril,26,2017,Miercoles,21,NA,52,NA
4,Abril,27,2017,Jueves,23,NA,53,NA
4,Abril,28,2017,Viernes,22,NA,48,NA
5,Mayo,1,2017,Lunes,21,NA,49,NA
5,Mayo,2,2017,Martes,22,NA,48,NA
5,Mayo,3,2017,Miercoles,24,NA,51,NA
5,Mayo,4,2017,Jueves,21,NA,54,NA
5,Mayo,5,2017,Viernes,23,NA,49,NA
5,Mayo,8,2017,Lunes,23,NA,51,NA
5,Mayo,9,2017,Martes,20,NA,50,NA
5,Mayo,10,2017,Miercoles,21,NA,53,NA
5,Mayo,11,2017,Jueves,20,NA,53,NA
5,Mayo,12,2017,Viernes,20,NA,50,NA
5,Mayo,15,2017,Lunes,21,NA,49,NA
5,Mayo,16,2017,Martes,22,NA,41,NA
5,Mayo,17,2017,Miercoles,22,NA,50,NA
5,Mayo,18,2017,Jueves,22,NA,51,NA
5,Mayo,19,2017,Viernes,21,NA,49,NA
5,Mayo,22,2017,Lunes,20,NA,50,NA
5,Mayo,23,2017,Martes,20,NA,50,NA
5,Mayo,24,2017,Miercoles,21,NA,48,NA
5,Mayo,25,2017,Jueves,23,NA,53,NA
5,Mayo,26,2017,Viernes,20,NA,50,NA
5,Mayo,29,2017,Lunes,21,NA,49,NA
5,Mayo,30,2017,Martes,20,NA,51,NA
5,Mayo,31,2017,Miercoles,21,NA,48,NA
6,Junio,1,2017,Jueves,22,NA,53,NA
6,Junio,2,2017,Viernes,21,NA,51,NA
6,Junio,5,2017,Lunes,21,NA,50,NA
6,Junio,6,2017,Martes,22,NA,49,NA
6,Junio,7,2017,Miercoles,21,NA,47,NA
6,Junio,8,2017,Jueves,22,NA,50,NA
6,Junio,9,2017,Viernes,22,NA,53,NA
6,Junio,12,2017,Lunes,22,NA,48,NA
6,Junio,13,2017,Martes,21,NA,49,NA
6,Junio,14,2017,Miercoles,22,NA,53,NA
6,Junio,15,2017,Jueves,24,NA,51,NA
6,Junio,16,2017,Viernes,23,NA,53,NA
6,Junio,19,2017,Lunes,22,NA,54,NA
6,Junio,20,2017,Martes,21,NA,55,NA
6,Junio,21,2017,Miercoles,23,NA,50,NA
6,Junio,22,2017,Jueves,22,NA,52,NA
6,Junio,23,2017,Viernes,21,NA,51,NA
6,Junio,26,2017,Lunes,19,NA,50,NA
6,Junio,27,2017,Martes,18,NA,53,NA
6,Junio,28,2017,Miercoles,18,NA,53,NA
6,Junio,29,2017,Jueves,19,NA,52,NA
6,Junio,30,2017,Viernes,20,NA,56,NA
7,Julio,3,2017,Lunes,21,NA,53,NA
7,Julio,4,2017,Martes,21,NA,54,NA
7,Julio,5,2017,Miercoles,22,NA,49,NA
7,Julio,6,2017,Jueves,21,NA,48,NA
7,Julio,7,2017,Viernes,22,NA,46,NA
7,Julio,10,2017,Lunes,20,NA,53,NA
7,Julio,11,2017,Martes,20,NA,51,NA
7,Julio,12,2017,Miercoles,18,NA,50,NA
7,Julio,13,2017,Jueves,18,NA,49,NA
7,Julio,14,2017,Viernes,19,NA,49,NA
7,Julio,17,2017,Lunes,17,NA,48,NA
7,Julio,18,2017,Martes,18,NA,52,NA
7,Julio,19,2017,Miercoles,18,NA,53,NA
7,Julio,20,2017,Jueves,22,NA,55,NA
7,Julio,21,2017,Viernes,21,NA,55,NA
7,Julio,24,2017,Lunes,22,NA,56,NA
7,Julio,25,2017,Martes,20,NA,54,NA
7,Julio,26,2017,Miercoles,21,NA,48,NA
7,Julio,27,2017,Jueves,18,NA,50,NA
7,Julio,28,2017,Viernes,19,NA,49,NA
7,Julio,31,2017,Lunes,19,NA,52,NA
8,Agosto,1,2017,Martes,18,NA,51,NA
8,Agosto,2,2017,Miercoles,19,NA,50,NA
8,Agosto,3,2017,Jueves,20,NA,48,NA
8,Agosto,4,2017,Viernes,20,NA,45,NA
8,Agosto,7,2017,Lunes,19,NA,45,NA
8,Agosto,8,2017,Martes,19,NA,46,NA
8,Agosto,9,2017,Miercoles,19,NA,46,NA
8,Agosto,10,2017,Jueves,19,NA,48,NA
8,Agosto,11,2017,Viernes,20,NA,50,NA
8,Agosto,14,2017,Lunes,22,NA,48,NA
8,Agosto,15,2017,Martes,21,NA,50,NA
8,Agosto,16,2017,Miercoles,19,NA,49,NA
8,Agosto,17,2017,Jueves,20,NA,52,NA
8,Agosto,18,2017,Viernes,22,NA,48,NA
8,Agosto,21,2017,Lunes,17,NA,42,NA
8,Agosto,22,2017,Martes,17,NA,45,NA
8,Agosto,23,2017,Miercoles,20,NA,46,NA
8,Agosto,24,2017,Jueves,22,NA,46,NA
8,Agosto,25,2017,Viernes,20,NA,37,NA
8,Agosto,28,2017,Lunes,21,NA,48,NA
8,Agosto,29,2017,Martes,20,NA,53,NA
8,Agosto,30,2017,Miercoles,22,NA,49,NA
8,Agosto,31,2017,Jueves,21,NA,50,NA
9,Septiembre,1,2017,Viernes,20,NA,48,NA
9,Septiembre,4,2017,Lunes,19,NA,50,NA
9,Septiembre,5,2017,Martes,20,NA,51,NA
9,Septiembre,6,2017,Miercoles,20,NA,48,NA
9,Septiembre,7,2017,Jueves,21,NA,47,NA
9,Septiembre,8,2017,Viernes,20,NA,51,NA
9,Septiembre,11,2017,Lunes,21,NA,50,NA
9,Septiembre,12,2017,Martes,22,NA,48,NA
9,Septiembre,13,2017,Miercoles,20,NA,48,NA
9,Septiembre,14,2017,Jueves,21,NA,53,NA
9,Septiembre,15,2017,Viernes,20,NA,49,NA
9,Septiembre,18,2017,Lunes,19,NA,50,NA
9,Septiembre,19,2017,Martes,20,NA,51,NA
9,Septiembre,20,2017,Miercoles,22,NA,48,NA
9,Septiembre,21,2017,Jueves,22,NA,53,NA
9,Septiembre,22,2017,Viernes,20,NA,51,NA
9,Septiembre,25,2017,Lunes,20,NA,52,NA
9,Septiembre,26,2017,Martes,21,NA,48,NA
9,Septiembre,27,2017,Miercoles,19,NA,61,NA
9,Septiembre,28,2017,Jueves,20,NA,54,NA
9,Septiembre,29,2017,Viernes,16,NA,41,NA
10,Octubre,2,2017,Lunes,20,NA,49,NA
10,Octubre,3,2017,Martes,21,NA,53,NA
10,Octubre,4,2017,Miercoles,21,NA,53,NA
10,Octubre,5,2017,Jueves,20,NA,50,NA
10,Octubre,6,2017,Viernes,19,NA,48,NA
10,Octubre,9,2017,Lunes,21,NA,53,NA
10,Octubre,10,2017,Martes,22,NA,51,NA
10,Octubre,11,2017,Miercoles,21,NA,48,NA
10,Octubre,12,2017,Jueves,20,NA,53,NA
10,Octubre,13,2017,Viernes,20,NA,48,NA
10,Octubre,16,2017,Lunes,20,NA,37,NA
10,Octubre,17,2017,Martes,20,NA,48,NA
10,Octubre,18,2017,Miercoles,21,NA,45,NA
10,Octubre,19,2017,Jueves,22,NA,45,NA
10,Octubre,20,2017,Viernes,20,NA,49,NA
10,Octubre,23,2017,Lunes,20,NA,38,NA
10,Octubre,24,2017,Martes,22,NA,49,NA
10,Octubre,25,2017,Miercoles,20,NA,53,NA
10,Octubre,26,2017,Jueves,22,NA,48,NA
10,Octubre,27,2017,Viernes,21,NA,38,NA
10,Octubre,30,2017,Lunes,20,NA,45,NA
10,Octubre,31,2017,Martes,21,NA,43,NA
11,Noviembre,1,2017,Miercoles,19,NA,45,NA
11,Noviembre,2,2017,Jueves,20,NA,46,NA
11,Noviembre,3,2017,Viernes,21,NA,52,NA
11,Noviembre,6,2017,Lunes,22,NA,50,NA
11,Noviembre,7,2017,Martes,16,NA,40,NA
11,Noviembre,8,2017,Miercoles,19,NA,48,NA
11,Noviembre,9,2017,Jueves,18,NA,47,NA
11,Noviembre,10,2017,Viernes,16,NA,44,NA
11,Noviembre,13,2017,Lunes,21,NA,49,NA
11,Noviembre,14,2017,Martes,21,NA,48,NA
11,Noviembre,15,2017,Miercoles,22,NA,48,NA
11,Noviembre,16,2017,Jueves,19,NA,47,NA
11,Noviembre,17,2017,Viernes,21,NA,45,NA
11,Noviembre,20,2017,Lunes,21,NA,56,NA
11,Noviembre,21,2017,Martes,21,NA,46,NA
11,Noviembre,22,2017,Miercoles,23,NA,50,NA
11,Noviembre,23,2017,Jueves,19,NA,36,NA
11,Noviembre,24,2017,Viernes,,NA,,NA
11,Noviembre,27,2017,Lunes,22,NA,42,NA
11,Noviembre,28,2017,Martes,23,NA,36,NA
11,Noviembre,29,2017,Miercoles,20,NA,34,NA
11,Noviembre,30,2017,Jueves,20,NA,36,NA
12,Diciembre,1,2017,Viernes,20,NA,38,NA
12,Diciembre,4,2017,Lunes,21,NA,36,NA
12,Diciembre,5,2017,Martes,22,NA,49,NA
12,Diciembre,6,2017,Miercoles,23,NA,47,NA
12,Diciembre,7,2017,Jueves,20,NA,48,NA
12,Diciembre,8,2017,Viernes,22,NA,47,NA
12,Diciembre,11,2017,Lunes,21,NA,50,NA
12,Diciembre,12,2017,Martes,20,NA,49,NA
12,Diciembre,13,2017,Miercoles,19,NA,48,NA
12,Diciembre,14,2017,Jueves,22,NA,42,NA
12,Diciembre,15,2017,Viernes,20,NA,43,NA
12,Diciembre,18,2017,Lunes,22,NA,47,NA
12,Diciembre,19,2017,Martes,23,NA,50,NA
12,Diciembre,20,2017,Miercoles,21,NA,48,NA
12,Diciembre,21,2017,Jueves,22,NA,43,NA
12,Diciembre,22,2017,Viernes,20,NA,42,NA
12,Diciembre,25,2017,Lunes,20,NA,42,NA
12,Diciembre,26,2017,Martes,19,NA,43,NA
12,Diciembre,27,2017,Miercoles,21,NA,42,NA
12,Diciembre,28,2017,Jueves,20,NA,37,NA
12,Diciembre,29,2017,Viernes,21,NA,38,NA
1,Enero,2,2018,Lunes,18,NA,35,NA
1,Enero,2,2018,Martes,19,NA,47,NA
1,Enero,3,2018,Miercoles,20,NA,41,NA
1,Enero,4,2018,Jueves,20,NA,36,NA
1,Enero,5,2018,Viernes,19,NA,35,NA
1,Enero,8,2018,Lunes,18,NA,36,NA
1,Enero,9,2018,Martes,20,NA,34,NA
1,Enero,10,2018,Miercoles,21,NA,28,NA
1,Enero,11,2018,Jueves,22,NA,36,NA
1,Enero,12,2018,Viernes,23,NA,35,NA
1,Enero,15,2018,Lunes,23,NA,35,NA
1,Enero,16,2018,Martes,25,NA,34,NA
1,Enero,17,2018,Miercoles,18,NA,31,NA
1,Enero,18,2018,Jueves,24,NA,33,NA
1,Enero,19,2018,Viernes,24,NA,34,NA
1,Enero,22,2018,Lunes,23,NA,34,NA
1,Enero,23,2018,Martes,24,NA,36,NA
1,Enero,24,2018,Miercoles,23,NA,36,NA
1,Enero,25,2018,Jueves,23,NA,36,NA
1,Enero,26,2018,Viernes,22,NA,36,NA
1,Enero,29,2018,Lunes,23,NA,38,NA
1,Enero,30,2018,Martes,22,NA,38,NA
1,Enero,31,2018,Miercoles,24,NA,39,NA
2,Febrero,1,2018,Jueves,21,NA,38,NA
2,Febrero,2,2018,Viernes,24,NA,39,NA
2,Febrero,5,2018,Lunes,21,NA,38,NA
2,Febrero,6,2018,Martes,22,NA,37,NA
2,Febrero,7,2018,Miercoles,21,NA,38,NA
2,Febrero,8,2018,Jueves,22,NA,34,NA
2,Febrero,9,2018,Viernes,21,NA,36,NA
2,Febrero,12,2018,Lunes,21,NA,38,NA
2,Febrero,13,2018,Martes,,NA,,NA
2,Febrero,14,2018,Miercoles,21,NA,48,NA
2,Febrero,15,2018,Jueves,22,NA,35,NA
2,Febrero,16,2018,Viernes,21,NA,48,NA
2,Febrero,19,2018,Lunes,20,NA,47,NA
2,Febrero,20,2018,Martes,20,NA,36,NA
2,Febrero,21,2018,Miercoles,22,NA,37,NA
2,Febrero,22,2018,Jueves,22,NA,47,NA
2,Febrero,23,2018,Viernes,23,NA,47,NA
2,Febrero,26,2018,Lunes,24,NA,51,NA
2,Febrero,27,2018,Martes,22,NA,42,NA
2,Febrero,28,2018,Miercoles,24,NA,42,NA
3,Marzo,1,2018,Jueves,21,NA,39,NA
3,Marzo,2,2018,Viernes,22,NA,37,NA
3,Marzo,5,2018,Lunes,21,NA,39,NA
3,Marzo,6,2018,Martes,22,NA,41,NA
3,Marzo,7,2018,Miercoles,22,NA,48,NA
3,Marzo,8,2018,Jueves,21,NA,35,NA
3,Marzo,9,2018,Viernes,21,NA,40,NA
3,Marzo,12,2018,Lunes,21,NA,43,NA
3,Marzo,13,2018,Martes,24,NA,44,NA
3,Marzo,14,2018,Miercoles,22,NA,36,NA
3,Marzo,15,2018,Jueves,23,NA,40,NA
3,Marzo,16,2018,Viernes,21,NA,38,NA
3,Marzo,19,2018,Lunes,22,NA,38,NA
3,Marzo,20,2018,Martes,22,NA,35,NA
3,Marzo,21,2018,Miercoles,21,NA,35,NA
3,Marzo,22,2018,Jueves,24,NA,43,NA
3,Marzo,23,2018,Viernes,22,NA,38,NA
3,Marzo,26,2018,Lunes,22,NA,36,NA
3,Marzo,27,2018,Martes,21,NA,34,NA
3,Marzo,28,2018,Miercoles,22,NA,38,NA
3,Marzo,29,2018,Jueves,21,NA,37,NA
3,Marzo,30,2018,Viernes,23,NA,36,NA
4,Abril,2,2018,Lunes,22,NA,34,NA
4,Abril,3,2018,Martes,21,NA,38,NA
4,Abril,4,2018,Miercoles,21,NA,38,NA
4,Abril,5,2018,Jueves,19,NA,39,NA
4,Abril,6,2018,Viernes,20,NA,36,NA
4,Abril,9,2018,Lunes,21,NA,36,NA
4,Abril,10,2018,Martes,23,NA,35,NA
4,Abril,11,2018,Miercoles,22,NA,39,NA
4,Abril,12,2018,Jueves,21,NA,38,NA
4,Abril,13,2018,Viernes,22,NA,38,NA
4,Abril,16,2018,Lunes,22,NA,39,NA
4,Abril,17,2018,Martes,21,NA,40,NA
4,Abril,18,2018,Miercoles,20,NA,34,NA
4,Abril,19,2018,Jueves,19,NA,38,NA
4,Abril,20,2018,Viernes,21,NA,39,NA
4,Abril,23,2018,Lunes,22,NA,36,NA
4,Abril,24,2018,Martes,21,NA,38,NA
4,Abril,25,2018,Miercoles,19,NA,34,NA
4,Abril,26,2018,Jueves,20,NA,39,NA
4,Abril,27,2018,Viernes,20,NA,39,NA
4,Abril,30,2018,Lunes,21,NA,42,NA
5,Mayo,1,2018,Martes,22,NA,43,NA
5,Mayo,2,2018,Miercoles,23,NA,38,NA
5,Mayo,3,2018,Jueves,23,NA,38,NA
5,Mayo,4,2018,Viernes,21,NA,39,NA
5,Mayo,7,2018,Lunes,20,NA,41,NA
5,Mayo,8,2018,Martes,19,NA,41,NA
5,Mayo,9,2018,Miercoles,21,NA,40,NA
5,Mayo,10,2018,Jueves,20,NA,39,NA
5,Mayo,11,2018,Viernes,19,NA,39,NA
5,Mayo,14,2018,Lunes,18,NA,38,NA
5,Mayo,15,2018,Martes,18,NA,36,NA
5,Mayo,16,2018,Miercoles,17,NA,34,NA
5,Mayo,17,2018,Jueves,20,NA,34,NA
5,Mayo,18,2018,Viernes,22,NA,36,NA
5,Mayo,21,2018,Lunes,19,NA,37,NA
5,Mayo,22,2018,Martes,22,NA,38,NA
5,Mayo,23,2018,Miercoles,19,NA,35,NA
5,Mayo,24,2018,Jueves,19,NA,40,NA
5,Mayo,25,2018,Viernes,,NA,,NA
5,Mayo,28,2018,Lunes,20,NA,45,NA
5,Mayo,29,2018,Martes,20,NA,48,NA
5,Mayo,30,2018,Miercoles,20,NA,52,NA
5,Mayo,31,2018,Jueves,20,NA,51,NA
6,Junio,1,2018,Viernes,20,NA,47,NA
6,Junio,4,2018,Lunes,21,NA,43,NA
6,Junio,5,2018,Martes,21,NA,48,NA
6,Junio,6,2018,Miercoles,20,NA,47,NA
6,Junio,7,2018,Jueves,19,NA,37,NA
6,Junio,8,2018,Viernes,20,NA,45,NA
6,Junio,11,2018,Lunes,21,NA,46,NA
6,Junio,12,2018,Martes,22,NA,45,NA
6,Junio,13,2018,Miercoles,21,NA,48,NA
6,Junio,14,2018,Jueves,20,NA,43,NA
6,Junio,15,2018,Viernes,21,NA,41,NA
6,Junio,18,2018,Lunes,21,NA,57,NA
6,Junio,19,2018,Martes,21,NA,49,NA
6,Junio,20,2018,Miercoles,20,NA,50,NA
6,Junio,21,2018,Jueves,21,NA,45,NA
6,Junio,22,2018,Viernes,23,NA,49,NA
6,Junio,25,2018,Lunes,20,NA,51,NA
6,Junio,26,2018,Martes,21,NA,50,NA
6,Junio,27,2018,Miercoles,21,NA,50,NA
6,Junio,28,2018,Jueves,20,NA,47,NA
6,Junio,29,2018,Viernes,23,NA,48,NA
7,Julio,2,2018,Lunes,23,NA,48,NA
7,Julio,3,2018,Martes,22,NA,50,NA
7,Julio,4,2018,Miercoles,23,NA,38,NA
7,Julio,5,2018,Jueves,20,NA,39,NA
7,Julio,6,2018,Viernes,21,NA,48,NA
7,Julio,9,2018,Lunes,21,NA,47,NA
7,Julio,10,2018,Martes,20,NA,50,NA
7,Julio,11,2018,Miercoles,22,NA,49,NA
7,Julio,12,2018,Jueves,23,NA,50,NA
7,Julio,13,2018,Viernes,20,NA,51,NA
7,Julio,16,2018,Lunes,21,NA,48,NA
7,Julio,17,2018,Martes,21,NA,51,NA
7,Julio,18,2018,Miercoles,22,NA,53,NA
7,Julio,19,2018,Jueves,21,NA,49,NA
7,Julio,20,2018,Viernes,20,NA,40,NA
7,Julio,23,2018,Lunes,21,NA,52,NA
7,Julio,24,2018,Martes,21,NA,40,NA
7,Julio,25,2018,Miercoles,21,NA,36,NA
7,Julio,26,2018,Jueves,20,NA,38,NA
7,Julio,27,2018,Viernes,20,NA,39,NA
7,Julio,30,2018,Lunes,18,NA,38,NA
7,Julio,31,2018,Martes,17,NA,37,NA
8,Agosto,1,2018,Miercoles,17,NA,39,NA
8,Agosto,2,2018,Jueves,17,NA,37,NA
8,Agosto,3,2018,Viernes,17,NA,41,NA
8,Agosto,6,2018,Lunes,17,NA,40,NA
8,Agosto,7,2018,Martes,20,NA,37,NA
8,Agosto,8,2018,Miercoles,21,NA,38,NA
8,Agosto,9,2018,Jueves,22,NA,41,NA
8,Agosto,10,2018,Viernes,22,NA,40,NA
8,Agosto,13,2018,Lunes,24,NA,42,NA
8,Agosto,14,2018,Martes,23,NA,38,NA
8,Agosto,15,2018,Miercoles,22,NA,42,NA
8,Agosto,16,2018,Jueves,22,NA,41,NA
8,Agosto,17,2018,Viernes,20,NA,37,NA
8,Agosto,20,2018,Lunes,22,NA,38,NA
8,Agosto,21,2018,Martes,21,NA,37,NA
8,Agosto,22,2018,Miercoles,22,NA,38,NA
8,Agosto,23,2018,Jueves,21,NA,37,NA
8,Agosto,24,2018,Viernes,19,NA,37,NA
8,Agosto,27,2018,Lunes,20,NA,38,NA
8,Agosto,28,2018,Martes,20,NA,38,NA
8,Agosto,29,2018,Miercoles,19,NA,37,NA
8,Agosto,30,2018,Jueves,20,NA,37,NA
8,Agosto,31,2018,Viernes,21,NA,43,NA
9,Septiembre,3,2018,Lunes,20,NA,38,NA
9,Septiembre,4,2018,Martes,20,NA,35,NA
9,Septiembre,5,2018,Miercoles,20,NA,36,NA
9,Septiembre,6,2018,Jueves,20,NA,36,NA
9,Septiembre,7,2018,Viernes,23,NA,39,NA
9,Septiembre,10,2018,Lunes,20,NA,36,NA
9,Septiembre,11,2018,Martes,21,NA,39,NA
9,Septiembre,12,2018,Miercoles,19,NA,40,NA
9,Septiembre,13,2018,Jueves,21,NA,38,NA
9,Septiembre,14,2018,Viernes,23,NA,37,NA
9,Septiembre,17,2018,Lunes,22,NA,35,NA
9,Septiembre,18,2018,Martes,22,NA,39,NA
9,Septiembre,19,2018,Miercoles,20,NA,39,NA
9,Septiembre,20,2018,Jueves,21,NA,40,NA
9,Septiembre,21,2018,Viernes,20,NA,39,NA
9,Septiembre,24,2018,Lunes,21,NA,39,NA
9,Septiembre,25,2018,Martes,20,NA,40,NA
9,Septiembre,26,2018,Miercoles,19,NA,39,NA
9,Septiembre,27,2018,Jueves,22,NA,38,NA
9,Septiembre,28,2018,Viernes,21,NA,36,NA
10,Octubre,1,2018,Lunes,21,NA,38,NA
10,Octubre,2,2018,Martes,22,NA,39,NA
10,Octubre,3,2018,Miercoles,21,NA,38,NA
10,Octubre,4,2018,Jueves,20,NA,38,NA
10,Octubre,5,2018,Viernes,20,NA,36,NA
10,Octubre,8,2018,Lunes,21,NA,38,NA
10,Octubre,9,2018,Martes,19,NA,39,NA
10,Octubre,10,2018,Miercoles,20,NA,38,NA
10,Octubre,11,2018,Jueves,21,NA,36,NA
10,Octubre,12,2018,Viernes,21,NA,39,NA
10,Octubre,15,2018,Lunes,21,NA,36,NA
10,Octubre,16,2018,Martes,20,NA,39,NA
10,Octubre,17,2018,Miercoles,20,NA,36,NA
10,Octubre,18,2018,Jueves,21,NA,39,NA
10,Octubre,19,2018,Viernes,22,NA,38,NA
10,Octubre,22,2018,Lunes,21,NA,39,NA
10,Octubre,23,2018,Martes,20,NA,39,NA
10,Octubre,24,2018,Miercoles,20,NA,39,NA
10,Octubre,25,2018,Jueves,21,NA,36,NA
10,Octubre,26,2018,Viernes,22,NA,38,NA
10,Octubre,29,2018,Lunes,20,NA,40,NA
10,Octubre,30,2018,Martes,21,NA,39,NA
10,Octubre,31,2018,Miercoles,21,NA,38,NA
11,Noviembre,1,2018,Jueves,21,NA,39,NA
11,Noviembre,2,2018,Viernes,22,NA,38,NA
11,Noviembre,5,2018,Lunes,22,NA,40,NA
11,Noviembre,6,2018,Martes,22,NA,38,NA
11,Noviembre,7,2018,Miercoles,22,NA,37,NA
11,Noviembre,8,2018,Jueves,21,NA,40,NA
11,Noviembre,9,2018,Viernes,22,NA,38,NA
11,Noviembre,12,2018,Lunes,22,NA,35,NA
11,Noviembre,13,2018,Martes,22,NA,33,NA
11,Noviembre,14,2018,Miercoles,22,NA,32,NA
11,Noviembre,15,2018,Jueves,22,NA,33,NA
11,Noviembre,16,2018,Viernes,22,NA,32,NA
11,Noviembre,19,2018,Lunes,22,NA,32,NA
11,Noviembre,20,2018,Martes,22,NA,32,NA
11,Noviembre,21,2018,Miercoles,22,NA,32,NA
11,Noviembre,22,2018,Jueves,23,NA,32,NA
11,Noviembre,23,2018,Viernes,23,NA,32,NA
11,Noviembre,26,2018,Lunes,23,NA,32,NA
11,Noviembre,27,2018,Martes,22,NA,32,NA
11,Noviembre,28,2018,Miercoles,21,NA,33,NA
11,Noviembre,29,2018,Jueves,22,NA,30,NA
11,Noviembre,30,2018,Viernes,21,NA,36,NA
12,Diciembre,3,2018,Lunes,22,NA,32,NA
12,Diciembre,4,2018,Martes,21,NA,32,NA
12,Diciembre,5,2018,Miercoles,21,NA,33,NA
12,Diciembre,6,2018,Jueves,20,NA,31,NA
12,Diciembre,7,2018,Viernes,20,NA,33,NA
12,Diciembre,10,2018,Lunes,21,NA,34,NA
12,Diciembre,11,2018,Martes,22,NA,33,NA
12,Diciembre,12,2018,Miercoles,22,NA,36,NA
12,Diciembre,13,2018,Jueves,21,NA,38,NA
12,Diciembre,14,2018,Viernes,23,NA,33,NA
12,Diciembre,17,2018,Lunes,21,NA,36,NA
12,Diciembre,18,2018,Martes,23,NA,33,NA
12,Diciembre,19,2018,Miercoles,23,NA,32,NA
12,Diciembre,20,2018,Jueves,24,NA,32,NA
12,Diciembre,21,2018,Viernes,23,NA,32,NA
12,Diciembre,23,2018,Domingo,23,NA,32,NA
12,Diciembre,25,2018,Martes,24,NA,32,NA
12,Diciembre,27,2018,Jueves,24,NA,32,NA
12,Diciembre,29,2018,Sábado,24,NA,31,NA
12,Diciembre,31,2018,Lunes,25,NA,31,NA
1,Enero,2,2019,Miercoles,24,NA,31,NA
1,Enero,3,2019,Jueves,24,NA,31,NA
1,Enero,4,2019,Viernes,23,NA,31,NA
1,Enero,7,2019,Lunes,23,NA,32,NA
1,Enero,8,2019,Martes,25,NA,31,NA
1,Enero,9,2019,Miercoles,25,NA,31,NA
1,Enero,10,2019,Jueves,23,NA,32,NA
1,Enero,11,2019,Viernes,21,NA,38,NA
1,Enero,14,2019,Lunes,23,NA,31,NA
1,Enero,15,2019,Martes,24,NA,32,NA
1,Enero,16,2019,Miercoles,24,NA,31,NA
1,Enero,17,2019,Jueves,23,NA,38,NA
1,Enero,18,2019,Viernes,23,NA,36,NA
1,Enero,21,2019,Lunes,23,NA,36,NA
1,Enero,22,2019,Martes,22,NA,38,NA
1,Enero,23,2019,Miercoles,24,NA,31,NA
1,Enero,24,2019,Jueves,,NA,,NA
1,Enero,25,2019,Viernes,21,NA,38,NA
1,Enero,28,2019,Lunes,21,NA,34,NA
1,Enero,29,2019,Martes,22,NA,34,NA
1,Enero,30,2019,Miercoles,22,NA,33,NA
1,Enero,31,2019,Jueves,22,NA,33,NA
2,Febrero,1,2019,Viernes,22,NA,33,NA
2,Febrero,4,2019,Lunes,21,NA,34,NA
2,Febrero,5,2019,Martes,23,NA,32,NA
2,Febrero,6,2019,Miercoles,21,NA,33,NA
2,Febrero,7,2019,Jueves,21,NA,35,NA
2,Febrero,8,2019,Viernes,21,NA,36,NA
2,Febrero,11,2019,Lunes,22,NA,32,NA
2,Febrero,12,2019,Martes,21,NA,38,NA
2,Febrero,13,2019,Miercoles,23,NA,36,NA
2,Febrero,14,2019,Jueves,23,NA,35,NA
2,Febrero,15,2019,Viernes,24,NA,37,NA
2,Febrero,18,2019,Lunes,24,NA,36,NA
2,Febrero,19,2019,Martes,23,NA,38,NA
2,Febrero,20,2019,Miercoles,22,NA,36,NA
2,Febrero,21,2019,Jueves,23,NA,36,NA
2,Febrero,22,2019,Viernes,22,NA,37,NA
2,Febrero,25,2019,Lunes,21,NA,36,NA
2,Febrero,26,2019,Martes,22,NA,35,NA
2,Febrero,27,2019,Miercoles,21,NA,36,NA
2,Febrero,28,2019,Jueves,22,NA,38,NA
3,Marzo,1,2019,Viernes,23,NA,31,NA
3,Marzo,4,2019,Lunes,21,NA,37,NA
3,Marzo,5,2019,Martes,22,NA,36,NA
3,Marzo,6,2019,Miercoles,25,NA,30,NA
3,Marzo,7,2019,Jueves,25,NA,30,NA
3,Marzo,8,2019,Viernes,23,NA,31,NA
3,Marzo,11,2019,Lunes,24,NA,31,NA
3,Marzo,12,2019,Martes,25,NA,31,NA
3,Marzo,13,2019,Miercoles,23,NA,31,NA
3,Marzo,14,2019,Jueves,23,NA,30,NA
3,Marzo,15,2019,Viernes,24,NA,31,NA
3,Marzo,18,2019,Lunes,21,NA,31,NA
3,Marzo,19,2019,Martes,22,NA,31,NA
3,Marzo,20,2019,Miercoles,22,NA,30,NA
3,Marzo,21,2019,Jueves,21,NA,31,NA
3,Marzo,22,2019,Viernes,21,NA,32,NA
3,Marzo,25,2019,Lunes,21,NA,32,NA
3,Marzo,26,2019,Martes,23,NA,31,NA
3,Marzo,27,2019,Miercoles,22,NA,33,NA
3,Marzo,28,2019,Jueves,22,NA,33,NA
3,Marzo,29,2019,Viernes,21,NA,32,NA
4,Abril,1,2019,Lunes,21,NA,33,NA
4,Abril,2,2019,Martes,19,NA,35,NA
4,Abril,3,2019,Miercoles,19,NA,35,NA
4,Abril,4,2019,Jueves,20,NA,36,NA
4,Abril,5,2019,Viernes,21,NA,35,NA
4,Abril,8,2019,Lunes,22,NA,34,NA
4,Abril,9,2019,Martes,21,NA,36,NA
4,Abril,10,2019,Miercoles,20,NA,34,NA
4,Abril,11,2019,Jueves,22,NA,34,NA
4,Abril,12,2019,Viernes,22,NA,36,NA
4,Abril,15,2019,Lunes,24,NA,36,NA
4,Abril,16,2019,Martes,25,NA,36,NA
4,Abril,17,2019,Miercoles,22,NA,34,NA
4,Abril,18,2019,Jueves,21,NA,35,NA
4,Abril,19,2019,Viernes,,NA,,NA
4,Abril,22,2019,Lunes,20,NA,44,NA
4,Abril,23,2019,Martes,20,NA,37,NA
4,Abril,24,2019,Miercoles,20,NA,35,NA
4,Abril,25,2019,Jueves,20,NA,35,NA
4,Abril,26,2019,Viernes,29,NA,34,NA
4,Abril,29,2019,Lunes,19,NA,40,NA
4,Abril,30,2019,Martes,20,NA,39,NA
5,Mayo,1,2019,Miercoles,22,NA,34,NA
5,Mayo,2,2019,Jueves,20,NA,36,NA
5,Mayo,3,2019,Viernes,,NA,,NA
5,Mayo,6,2019,Lunes,19,NA,50,NA
5,Mayo,7,2019,Martes,22,NA,37,NA
5,Mayo,8,2019,Miercoles,21,NA,37,NA
5,Mayo,9,2019,Jueves,21,NA,37,NA
5,Mayo,10,2019,Viernes,21,NA,37,NA
5,Mayo,13,2019,Lunes,21,NA,39,NA
5,Mayo,14,2019,Martes,22,NA,35,NA
5,Mayo,15,2019,Miercoles,22,NA,35,NA
5,Mayo,16,2019,Jueves,22,NA,35,NA
5,Mayo,17,2019,Viernes,22,NA,35,NA
5,Mayo,20,2019,Lunes,21,NA,37,NA
5,Mayo,21,2019,Martes,21,NA,36,NA
5,Mayo,22,2019,Miercoles,22,NA,39,NA
5,Mayo,23,2019,Jueves,21,NA,33,NA
5,Mayo,24,2019,Viernes,20,NA,40,NA
5,Mayo,27,2019,Lunes,20,NA,40,NA
5,Mayo,28,2019,Martes,21,NA,34,NA
5,Mayo,29,2019,Miercoles,21,NA,38,NA
5,Mayo,30,2019,Jueves,21,NA,34,NA
5,Mayo,31,2019,Viernes,21,NA,33,NA
6,Junio,3,2019,Lunes,20,NA,38,NA
6,Junio,4,2019,Martes,21,NA,37,NA
6,Junio,5,2019,Miercoles,21,NA,37,NA
6,Junio,6,2019,Jueves,21,NA,35,NA
6,Junio,7,2019,Viernes,21,NA,36,NA
6,Junio,10,2019,Lunes,21,NA,36,NA
6,Junio,11,2019,Martes,20,NA,35,NA
6,Junio,12,2019,Miercoles,20,NA,35,NA
6,Junio,13,2019,Jueves,20,NA,38,NA
6,Junio,14,2019,Viernes,21,NA,38,NA
6,Junio,17,2019,Lunes,21,NA,40,NA
6,Junio,18,2019,Martes,22,NA,42,NA
6,Junio,19,2019,Miercoles,22,NA,42,NA
6,Junio,20,2019,Jueves,21,NA,45,NA
6,Junio,21,2019,Viernes,21,NA,62,NA
6,Junio,24,2019,Lunes,21,NA,62,NA
6,Junio,25,2019,Martes,21,NA,40,NA
6,Junio,26,2019,Miercoles,21,NA,41,NA
6,Junio,27,2019,Jueves,20,NA,44,NA
6,Junio,28,2019,Viernes,22,NA,38,NA
7,Julio,1,2019,Lunes,21,NA,38,NA
7,Julio,2,2019,Martes,22,NA,39,NA
7,Julio,3,2019,Miercoles,20,NA,39,NA
7,Julio,4,2019,Jueves,20,NA,47,NA
7,Julio,5,2019,Viernes,21,NA,45,NA
7,Julio,8,2019,Lunes,22,NA,42,NA
7,Julio,9,2019,Martes,21,NA,42,NA
7,Julio,10,2019,Miercoles,20,NA,45,NA
7,Julio,11,2019,Jueves,22,NA,40,NA
7,Julio,12,2019,Viernes,20,NA,39,NA
7,Julio,15,2019,Lunes,22,NA,45,NA
7,Julio,16,2019,Martes,23,NA,45,NA
7,Julio,17,2019,Miercoles,23,NA,38,NA
7,Julio,18,2019,Jueves,22,NA,40,NA
7,Julio,19,2019,Viernes,20,NA,44,NA
7,Julio,22,2019,Lunes,21,NA,45,NA
7,Julio,23,2019,Martes,21,NA,47,NA
7,Julio,24,2019,Miercoles,21,NA,45,NA
7,Julio,25,2019,Jueves,21,NA,64,NA
7,Julio,26,2019,Viernes,20,NA,50,NA
7,Julio,29,2019,lunes,21,NA,61,NA
7,Julio,30,2019,martes,20,NA,49,NA
7,Julio,31,2019,miercoles,20,NA,48,NA
8,Agosto,1,2019,jueves,21,NA,45,NA
8,Agosto,2,2019,viernes,20,NA,47,NA
8,Agosto,5,2019,lunes,20,NA,59,NA
8,Agosto,6,2019,martes,20,NA,47,NA
8,Agosto,7,2019,miercoles,20,NA,47,NA
8,Agosto,8,2019,jueves,20,NA,55,NA
8,Agosto,9,2019,viernes,,NA,,NA
8,Agosto,12,2019,lunes,20,NA,48,NA
8,Agosto,13,2019,martes,21,NA,52,NA
8,Agosto,14,2019,miercoles,20,NA,48,NA
8,Agosto,15,2019,jueves,20,NA,45,NA
8,Agosto,16,2019,viernes,20,NA,43,NA
8,Agosto,19,2019,lunes,20,NA,48,NA
8,Agosto,20,2019,martes,21,NA,40,NA
8,Agosto,21,2019,miercoles,21,NA,38,NA
8,Agosto,22,2019,jueves,22,NA,37,NA
8,Agosto,23,2019,viernes,22,NA,45,NA
8,Agosto,26,2019,lunes,21,NA,45,NA
8,Agosto,27,2019,martes,21,NA,44,NA
8,Agosto,28,2019,miercoles,22,NA,43,NA
8,Agosto,29,2019,jueves,21,NA,49,NA
8,Agosto,30,2019,viernes,21,NA,50,NA
9,Septiembre,2,2019,lunes,,NA,,NA
9,Septiembre,3,2019,martes,,NA,,NA
9,Septiembre,4,2019,miercoles,21,NA,54,NA
9,Septiembre,5,2019,jueves,21,NA,49,NA
9,Septiembre,6,2019,viernes,21,NA,45,NA
9,Septiembre,9,2019,lunes,22,NA,52,NA
9,Septiembre,10,2019,martes,21,NA,45,NA
9,Septiembre,11,2019,miercoles,21,NA,45,NA
9,Septiembre,12,2019,jueves,21,NA,45,NA
9,Septiembre,13,2019,viernes,21,NA,44,NA
9,Septiembre,16,2019,lunes,21,NA,43,NA
9,Septiembre,17,2019,martes,21,NA,41,NA
9,Septiembre,18,2019,miercoles,23,NA,36,NA
9,Septiembre,19,2019,jueves,23,NA,36,NA
9,Septiembre,20,2019,viernes,23,NA,41,NA
9,Septiembre,23,2019,lunes,22,NA,44,NA
9,Septiembre,24,2019,martes,23,NA,35,NA
9,Septiembre,25,2019,miercoles,23,NA,34,NA
9,Septiembre,26,2019,jueves,22,NA,44,NA
9,Septiembre,27,2019,viernes,22,NA,38,NA
9,Septiembre,30,2019,Lunes,22,NA,47,NA
10,Octubre,1,2019,Martes,22,NA,42,NA
10,Octubre,2,2019,Miércoles,21,NA,40,NA
10,Octubre,3,2019,Jueves,22,NA,40,NA
10,Octubre,4,2019,Viernes,22,NA,42,NA
10,Octubre,7,2019,Lunes,22,NA,46,NA
10,Octubre,8,2019,Martes,23,NA,38,NA
10,Octubre,9,2019,Miércoles,22,NA,41,NA
10,Octubre,10,2019,Jueves,22,NA,42,NA
10,Octubre,11,2019,Viernes,22,NA,43,NA
10,Octubre,14,2019,Lunes,22,NA,42,NA
10,Octubre,15,2019,Martes,22,NA,42,NA
10,Octubre,16,2019,Miércoles,22,NA,40,NA
10,Octubre,17,2019,Jueves,22,NA,41,NA
10,Octubre,18,2019,Viernes,22,NA,36,NA
10,Octubre,21,2019,Lunes,22,NA,37,NA
10,Octubre,22,2019,Martes,21,NA,39,NA
10,Octubre,23,2019,Miércoles,21,NA,39,NA
10,Octubre,24,2019,Jueves,22,NA,36,NA
10,Octubre,25,2019,Viernes,22,NA,35,NA
10,Octubre,28,2019,Lunes,21,NA,34,NA
10,Octubre,29,2019,Martes,22,NA,34,NA
10,Octubre,30,2019,Miércoles,21,NA,37,NA
10,Octubre,31,2019,Jueves,22,NA,35,NA
11,Noviembre,1,2019,Viernes,,NA,,NA
11,Noviembre,4,2019,Lunes,,NA,,NA
11,Noviembre,5,2019,Martes,21,NA,38,NA
11,Noviembre,6,2019,Miércoles,22,NA,35,NA
11,Noviembre,7,2019,Jueves,21,NA,34,NA
11,Noviembre,8,2019,Viernes,21,NA,35,NA
11,Noviembre,11,2019,Lunes,22,NA,33,NA
11,Noviembre,12,2019,Martes,23,NA,33,NA
11,Noviembre,13,2019,Miércoles,21,NA,36,NA
11,Noviembre,14,2019,Jueves,22,NA,34,NA
11,Noviembre,15,2019,Viernes,22,NA,33,NA
11,Noviembre,18,2019,Lunes,22,NA,42,NA
11,Noviembre,19,2019,Martes,23,NA,34,NA
11,Noviembre,20,2019,Miércoles,23,NA,34,NA
11,Noviembre,21,2019,Jueves,23,NA,33,NA
11,Noviembre,22,2019,Viernes,22,NA,36,NA
11,Noviembre,25,2019,Lunes,23,NA,33,NA
11,Noviembre,26,2019,Martes,23,NA,33,NA
11,Noviembre,27,2019,Miércoles,23,NA,33,NA
11,Noviembre,28,2019,Jueves,23,NA,33,NA
11,Noviembre,29,2019,Viernes,23,NA,32,NA
12,Diciembre,2,2019,Lunes,23,NA,35,NA
12,Diciembre,3,2019,Martes,23,NA,33,NA
12,Diciembre,4,2019,Miércoles,23,NA,33,NA
12,Diciembre,5,2019,Jueves,23,NA,33,NA
12,Diciembre,6,2019,Viernes,23,NA,32,NA
12,Diciembre,9,2019,Lunes,22,NA,31,NA
12,Diciembre,10,2019,Martes,23,NA,33,NA
12,Diciembre,11,2019,Miércoles,23,NA,33,NA
12,Diciembre,12,2019,Jueves,23,NA,32,NA
12,Diciembre,13,2019,Viernes,24,NA,32,NA
12,Diciembre,16,2019,Lunes,24,NA,32,NA
12,Diciembre,17,2019,Martes,23,NA,32,NA
12,Diciembre,18,2019,Miércoles,23,NA,32,NA
12,Diciembre,19,2019,Jueves,24,NA,32,NA
12,Diciembre,20,2019,Viernes,23,NA,32,NA
12,Diciembre,23,2019,Lunes,22,NA,33,NA
12,Diciembre,24,2019,Martes,23,NA,32,NA
12,Diciembre,25,2019,Miércoles,,NA,,NA
12,Diciembre,26,2019,Jueves,23,NA,38,NA
12,Diciembre,27,2019,Viernes,,NA,,NA
12,Diciembre,28,2019,sábado,23,NA,33,NA
12,Diciembre,29,2019,domingo,,NA,,NA
12,Diciembre,30,2019,lunes,23,NA,32,NA
12,Diciembre,31,2019,martes,,NA,,NA
1,Enero,1,2020,miércoles,23,NA,33,NA
1,Enero,2,2020,jueves,23,NA,32,NA
1,Enero,3,2020,viernes,23,NA,33,NA
1,Enero,5,2020,domingo,23,NA,34,NA
1,Enero,6,2020,lunes,24,NA,31,NA
1,Enero,7,2020,martes,23,NA,32,NA
1,Enero,8,2020,miércoles,23,NA,32,NA
1,Enero,9,2020,jueves,23,NA,32,NA
1,Enero,10,2020,viernes,22,NA,33,NA
1,Enero,13,2020,lunes,22,NA,45,NA
1,Enero,14,2020,martes,23,NA,35,NA
1,Enero,15,2020,miércoles,23,NA,34,NA
1,Enero,16,2020,jueves,23,NA,35,NA
1,Enero,17,2020,viernes,23,NA,34,NA
1,Enero,18,2020,sábado,,NA,,NA
1,Enero,19,2020,domingo,,NA,,NA
1,Enero,20,2020,lunes,22,NA,44,NA
1,Enero,21,2020,martes,23,NA,34,NA
1,Enero,22,2020,miércoles,23,NA,33,NA
1,Enero,23,2020,jueves,23,NA,31,NA
1,Enero,24,2020,viernes,23,NA,31,NA
1,Enero,25,2020,sábado,,NA,,NA
1,Enero,26,2020,domingo,,NA,,NA
1,Enero,27,2020,lunes,23,NA,30,NA
1,Enero,28,2020,martes,23,NA,29,NA
1,Enero,29,2020,miércoles,23,NA,29,NA
1,Enero,30,2020,jueves,23,NA,30,NA
1,Enero,31,2020,viernes,23,NA,29,NA
2,Febrero,1,2020,sábado,,NA,,NA
2,Febrero,2,2020,domingo,,NA,,NA
2,Febrero,3,2020,lunes,22,NA,33,NA
2,Febrero,4,2020,martes,23,NA,31,NA
2,Febrero,5,2020,miércoles,23,NA,30,NA
2,Febrero,6,2020,jueves,23,NA,31,NA
2,Febrero,7,2020,viernes,23,NA,30,NA
2,Febrero,8,2020,sábado,,NA,,NA
2,Febrero,9,2020,domingo,,NA,,NA
2,Febrero,10,2020,lunes,22,NA,32,NA
2,Febrero,11,2020,martes,23,NA,30,NA
2,Febrero,12,2020,miércoles,23,NA,28,NA
2,Febrero,13,2020,jueves,23,NA,28,NA
2,Febrero,14,2020,viernes,23,NA,28,NA
2,Febrero,15,2020,sábado,,NA,,NA
2,Febrero,16,2020,domingo,,NA,,NA
2,Febrero,17,2020,lunes,,NA,,NA
2,Febrero,18,2020,martes,23,NA,32,NA
2,Febrero,19,2020,miércoles,23,NA,30,NA
2,Febrero,20,2020,jueves,23,NA,30,NA
2,Febrero,21,2020,viernes,23,NA,28,NA
2,Febrero,22,2020,sábado,,NA,,NA
2,Febrero,23,2020,domingo,23,NA,30,NA
2,Febrero,24,2020,lunes,,NA,,NA
2,Febrero,25,2020,martes,22,NA,28,NA
2,Febrero,26,2020,miércoles,22,NA,31,NA
2,Febrero,27,2020,jueves,24,NA,29,NA
2,Febrero,28,2020,viernes,22,NA,29,NA
2,Febrero,29,2020,sábado,,NA,,NA
3,Marzo,1,2020,domingo,,NA,,NA
3,Marzo,2,2020,lunes,23,NA,32,NA
3,Marzo,3,2020,martes,24,NA,30,NA
3,Marzo,4,2020,miércoles,25,NA,28,NA
3,Marzo,5,2020,jueves,25,NA,30,NA
3,Marzo,6,2020,viernes,23,NA,28,NA
3,Marzo,7,2020,sábado,,NA,,NA
3,Marzo,8,2020,domingo,,NA,,NA
3,Marzo,9,2020,lunes,22,NA,29,NA
3,Marzo,10,2020,martes,22,NA,29,NA
3,Marzo,11,2020,miércoles,22,NA,28,NA
3,Marzo,12,2020,jueves,22,NA,28,NA
3,Marzo,13,2020,viernes,22,NA,27,NA
3,Marzo,14,2020,sábado,,NA,,NA
3,Marzo,15,2020,domingo,22,NA,28,NA
3,Marzo,16,2020,lunes,24,NA,29,NA
3,Marzo,17,2020,martes,24,NA,28,NA
3,Marzo,18,2020,miércoles,25,NA,28,NA
3,Marzo,19,2020,jueves,,NA,,NA
3,Marzo,20,2020,viernes,24,NA,31,NA
3,Marzo,21,2020,sábado,,NA,,NA
3,Marzo,22,2020,domingo,25,NA,30,NA
3,Marzo,23,2020,lunes,,NA,,NA
3,Marzo,24,2020,martes,24,NA,30,NA
3,Marzo,25,2020,miércoles,,NA,,NA
3,Marzo,26,2020,jueves,24,NA,31,NA
3,Marzo,27,2020,viernes,,NA,,NA
3,Marzo,28,2020,sábado,,NA,,NA
3,Marzo,29,2020,domingo,24,NA,31,NA
3,Marzo,30,2020,lunes,,NA,,NA
3,Marzo,31,2020,martes,,NA,,NA
4,Abril,1,2020,miércoles,24,NA,31,NA
4,Abril,2,2020,jueves,,NA,,NA
4,Abril,3,2020,viernes,,NA,,NA
4,Abril,4,2020,sábado,,NA,,NA
4,Abril,5,2020,domingo,,NA,,NA
4,Abril,6,2020,lunes,23,NA,36,NA
4,Abril,7,2020,martes,,NA,,NA
4,Abril,8,2020,miércoles,24,NA,31,NA
4,Abril,9,2020,jueves,,NA,,NA
4,Abril,10,2020,viernes,,NA,,NA
4,Abril,11,2020,sábado,,NA,,NA
4,Abril,12,2020,domingo,24,NA,32,NA
4,Abril,13,2020,lunes,,NA,,NA
4,Abril,14,2020,martes,,NA,,NA
4,Abril,15,2020,miércoles,,NA,,NA
4,Abril,16,2020,jueves,23,NA,42,NA
4,Abril,17,2020,viernes,,NA,,NA
4,Abril,18,2020,sábado,,NA,,NA
4,Abril,19,2020,domingo,24,NA,40,NA
4,Abril,20,2020,lunes,,NA,,NA
4,Abril,21,2020,martes,,NA,,NA
4,Abril,22,2020,miércoles,24,NA,41,NA
4,Abril,23,2020,jueves,25,NA,32,NA
4,Abril,24,2020,viernes,,NA,,NA
4,Abril,25,2020,sábado,,NA,,NA
4,Abril,26,2020,domingo,24,25,,
4,Abril,27,2020,lunes,,,,
4,Abril,28,2020,martes,,,,
4,Abril,29,2020,miércoles,23,25,40,39
4,Abril,30,2020,jueves,,,,
5,Mayo,1,2020,viernes,,,,
5,Mayo,2,2020,sábado,,,,
5,Mayo,3,2020,domingo,23,24,,
5,Mayo,4,2020,lunes,,,,
5,Mayo,5,2020,martes,,,,
5,Mayo,6,2020,miércoles,24,24,34,36
5,Mayo,7,2020,jueves,,,,
5,Mayo,8,2020,viernes,,,,
5,Mayo,9,2020,sábado,,,,
5,Mayo,10,2020,domingo,23,23,,
5,Mayo,11,2020,lunes,,,,
5,Mayo,12,2020,martes,,,,
5,Mayo,13,2020,miércoles,,,,
5,Mayo,14,2020,jueves,23,23,,
5,Mayo,15,2020,viernes,,,,
5,Mayo,16,2020,sábado,,,,
5,Mayo,17,2020,domingo,,,,
5,Mayo,18,2020,lunes,23,23,35,
5,Mayo,19,2020,martes,,,,
5,Mayo,20,2020,miércoles,,,,
5,Mayo,21,2020,jueves,24,24,,
5,Mayo,22,2020,viernes,,,,
5,Mayo,23,2020,sábado,,,,
5,Mayo,24,2020,domingo,,,,
5,Mayo,25,2020,lunes,23,23,,
5,Mayo,26,2020,martes,24,24,,
5,Mayo,27,2020,miércoles,24,24,30,
5,Mayo,28,2020,jueves,,,,
5,Mayo,29,2020,viernes,,,,
5,Mayo,30,2020,sábado,,,,
5,Mayo,31,2020,domingo,,,,
6,Junio,1,2020,lunes,23,23,,
6,Junio,2,2020,martes,,,,
6,Junio,3,2020,miércoles,24,24,,
6,Junio,4,2020,jueves,24,24,,
6,Junio,5,2020,viernes,24,25,29,
6,Junio,6,2020,sábado,,,,
6,Junio,7,2020,domingo,,,,
6,Junio,8,2020,lunes,22,24,,
6,Junio,9,2020,martes,,,,
6,Junio,10,2020,miércoles,22,24,,
6,Junio,11,2020,jueves,,,,
6,Junio,12,2020,viernes,,,,
6,Junio,13,2020,sábado,21,22,,
6,Junio,14,2020,domingo,,,,
6,Junio,15,2020,lunes,,,,
6,Junio,16,2020,martes,21,23,,
6,Junio,17,2020,miércoles,,,,
6,Junio,18,2020,jueves,,,,
6,Junio,19,2020,viernes,22,23,,
6,Junio,20,2020,sábado,,,,
6,Junio,21,2020,domingo,,,,
6,Junio,22,2020,lunes,,,,
6,Junio,23,2020,martes,21,23,,
6,Junio,24,2020,miércoles,,,,
6,Junio,25,2020,jueves,,,,
6,Junio,26,2020,viernes,22,23,,
6,Junio,27,2020,sábado,,,,
6,Junio,28,2020,domingo,,,,
6,Junio,29,2020,lunes,,,,
6,Junio,30,2020,martes,22,23,,
7,Julio,1,2020,miércoles,,,,
7,Julio,2,2020,jueves,,,,
7,Julio,3,2020,viernes,22,23,,
7,Julio,4,2020,sábado,,,,
7,Julio,5,2020,domingo,,,,
7,Julio,6,2020,lunes,22,23,,
7,Julio,7,2020,martes,,,,
7,Julio,8,2020,miércoles,22,23,,
7,Julio,9,2020,jueves,,,,
7,Julio,10,2020,viernes,21,22,,
7,Julio,11,2020,sábado,,,,
7,Julio,12,2020,domingo,,,,
7,Julio,13,2020,lunes,21,21,,
7,Julio,14,2020,martes,,,,
7,Julio,15,2020,miércoles,21,22,,
7,Julio,16,2020,jueves,,,,
7,Julio,17,2020,viernes,21,22,,
7,Julio,18,2020,sábado,,,,
7,Julio,19,2020,domingo,,,,
7,Julio,20,2020,lunes,,,,
7,Julio,21,2020,martes,,,,
7,Julio,22,2020,miércoles,21,21,,
7,Julio,23,2020,jueves,,,,
7,Julio,24,2020,viernes,21,22,,
7,Julio,25,2020,sábado,,,,
7,Julio,26,2020,domingo,,,,
7,Julio,27,2020,lunes,21,22,,
7,Julio,28,2020,martes,,,,
7,Julio,29,2020,miércoles,20,22,,
7,Julio,30,2020,jueves,,,,
7,Julio,31,2020,viernes,21,22,,
8,Agosto,1,2020,sábado,,,,
8,Agosto,2,2020,domingo,,,,
8,Agosto,3,2020,lunes,21,22,32,25
8,Agosto,4,2020,martes,,,,
8,Agosto,5,2020,miércoles,,,,
8,Agosto,6,2020,jueves,,,,
8,Agosto,7,2020,viernes,,,,
8,Agosto,8,2020,sábado,,,,
8,Agosto,9,2020,domingo,,,,
8,Agosto,10,2020,lunes,20,21,,
8,Agosto,11,2020,martes,,,,
8,Agosto,12,2020,miércoles,,,,
8,Agosto,13,2020,jueves,,,,
8,Agosto,14,2020,viernes,21,22,,
8,Agosto,15,2020,sábado,,,,
8,Agosto,16,2020,domingo,,,,
8,Agosto,17,2020,lunes,,,,
8,Agosto,18,2020,martes,20,22,,
8,Agosto,19,2020,miércoles,,,,
8,Agosto,20,2020,jueves,,,,
8,Agosto,21,2020,viernes,20,20,33,31
8,Agosto,22,2020,sábado,,,,
8,Agosto,23,2020,domingo,,,,
8,Agosto,24,2020,lunes,,,,
8,Agosto,25,2020,martes,,,,
8,Agosto,26,2020,miércoles,,,,
8,Agosto,27,2020,jueves,,,,
8,Agosto,28,2020,viernes,20,20,36,40
8,Agosto,29,2020,sábado,,,,
8,Agosto,30,2020,domingo,,,,
8,Agosto,31,2020,lunes,,,,
9,Septiembre,1,2020,martes,20,21,,
9,Septiembre,2,2020,miércoles,,,,
9,Septiembre,3,2020,jueves,,,,
9,Septiembre,4,2020,viernes,,,,
9,Septiembre,5,2020,sábado,,,,
9,Septiembre,6,2020,domingo,,,,
9,Septiembre,7,2020,lunes,,,,
9,Septiembre,8,2020,martes,20,20,40,60
9,Septiembre,9,2020,miércoles,,,,
9,Septiembre,10,2020,jueves,,,,
9,Septiembre,11,2020,viernes,20,21,,
9,Septiembre,12,2020,sábado,,,,
9,Septiembre,13,2020,domingo,,,,
9,Septiembre,14,2020,lunes,,,,
9,Septiembre,15,2020,martes,20,21,,
9,Septiembre,16,2020,miércoles,,,,
9,Septiembre,17,2020,jueves,,,,
9,Septiembre,18,2020,viernes,21,22,,
9,Septiembre,19,2020,sábado,,,,
9,Septiembre,20,2020,domingo,,,,
9,Septiembre,21,2020,lunes,21,21,,
9,Septiembre,22,2020,martes,,,,
9,Septiembre,23,2020,miércoles,21,21,,
9,Septiembre,24,2020,jueves,,,,
9,Septiembre,25,2020,viernes,21,22,,
9,Septiembre,26,2020,sábado,,,,
9,Septiembre,27,2020,domingo,,,,
9,Septiembre,28,2020,lunes,22,24,,
9,Septiembre,29,2020,martes,22,22,,
9,Septiembre,30,2020,miércoles,21,22,,
10,Octubre,1,2020,jueves,21,22,,
10,Octubre,2,2020,viernes,21,22,,
10,Octubre,3,2020,sábado,,,,
10,Octubre,4,2020,domingo,,,,
10,Octubre,5,2020,lunes,21,21,,
10,Octubre,6,2020,martes,21,22,,
10,Octubre,7,2020,miércoles,21,22,,
10,Octubre,8,2020,jueves,22,22,,
10,Octubre,9,2020,viernes,,,,
10,Octubre,10,2020,sábado,,,,
10,Octubre,11,2020,domingo,,,,
10,Octubre,12,2020,lunes,21,22,,
10,Octubre,13,2020,martes,22,22,,
10,Octubre,14,2020,miércoles,21,21,,
10,Octubre,15,2020,jueves,22,22,,
10,Octubre,16,2020,viernes,,,,
10,Octubre,17,2020,sábado,,,,
10,Octubre,18,2020,domingo,,,,
10,Octubre,19,2020,lunes,21,22,34,36
10,Octubre,20,2020,martes,21,22,,
10,Octubre,21,2020,miércoles,22,22,,
10,Octubre,22,2020,jueves,22,22,,
10,Octubre,23,2020,viernes,22,22,,
10,Octubre,24,2020,sábado,,,,
10,Octubre,25,2020,domingo,,,,
10,Octubre,26,2020,lunes,21,22,,
10,Octubre,27,2020,martes,22,22,,
10,Octubre,28,2020,miércoles,22,22,,
10,Octubre,29,2020,jueves,22,22,,
10,Octubre,30,2020,viernes,,,,
10,Octubre,31,2020,sábado,,,,
11,Noviembre,1,2020,domingo,,,,
11,Noviembre,2,2020,lunes,24,24,,
11,Noviembre,3,2020,martes,23,23,,
11,Noviembre,4,2020,miércoles,23,23,,
11,Noviembre,5,2020,jueves,23,23,,
11,Noviembre,6,2020,viernes,22,24,27,18
11,Noviembre,7,2020,sábado,23,23,,
11,Noviembre,8,2020,domingo,,,,
11,Noviembre,9,2020,lunes,22,22,,
11,Noviembre,10,2020,martes,23,,28,
11,Noviembre,11,2020,miércoles,22,23,26,19
